Rank,School,Games,OverallWins,OverallLosses,WinPct,OverallSRS,OverallSOS,ConferenceWins,ConferenceLosses,HomeWins,HomeLosses,AwayWins,AwayLosses,ForPoints,OppPoints,Minutes,FieldGoalsMade,FieldGoalsAttempted,FieldGoalPCT,ThreePointMade,ThreePointAttempts,ThreePointPct,FreeThrowsMade,FreeThrowsAttempted,FreeThrowPCT,OffensiveRebounds,TotalRebounds,Assists,Steals,Blocks,Turnovers,PersonalFouls,Season
1,Abilene Christian,31,11,20,0.355,-19.6,-4.12,2,12,9,5,0,14,2214,2228,1255,737,1664,0.443,241,599,0.402,499,666,0.749,306,1011,402,221,72,453,641,2013-2014
2,Air Force,30,12,18,0.4,-4.08,1.71,6,12,8,9,3,8,1980,2074,1210,679,1561,0.435,216,653,0.331,406,588,0.69,263,970,419,164,94,400,563,2013-2014
3,Akron,34,21,13,0.618,1.16,-0.48,12,6,13,2,6,8,2332,2276,1375,813,1855,0.438,239,690,0.346,467,750,0.623,412,1175,387,225,142,446,606,2013-2014
4,Alabama,32,13,19,0.406,8.34,8.88,7,11,13,4,0,11,2170,2150,1295,741,1669,0.444,183,548,0.334,505,737,0.685,320,1050,351,218,137,380,607,2013-2014
5,Alabama A&M,30,14,16,0.467,-13.86,-10.58,10,8,7,4,5,11,1936,2010,1215,656,1601,0.41,182,561,0.324,442,674,0.656,300,1015,380,187,125,396,643,2013-2014
6,Alabama State,32,19,13,0.594,-12.84,-11.4,12,6,13,1,5,10,2265,2225,1300,792,1892,0.419,175,612,0.286,506,748,0.676,407,1158,415,217,115,377,578,2013-2014
7,Albany (NY),34,19,15,0.559,-3.31,-5.22,9,7,10,3,7,11,2239,2174,1375,765,1733,0.441,163,453,0.36,546,728,0.75,343,1175,376,184,101,428,580,2013-2014
8,Alcorn State,31,12,19,0.387,-15.95,-9.27,9,9,9,3,2,13,1985,2101,1265,693,1658,0.418,136,449,0.303,463,708,0.654,302,959,283,185,116,356,577,2013-2014
9,American,33,20,13,0.606,0.69,-3.25,13,5,11,3,9,9,2081,1951,1325,748,1527,0.49,207,546,0.379,378,535,0.707,232,986,492,198,110,464,567,2013-2014
10,Appalachian State,30,9,21,0.3,-15.32,-7.13,5,11,7,7,2,13,2034,2152,1210,719,1730,0.416,151,500,0.302,445,697,0.638,392,1091,327,187,83,362,597,2013-2014
11,Arizona,38,33,5,0.868,23.36,9.04,15,3,18,0,8,3,2769,2225,1540,996,2123,0.469,204,561,0.364,573,870,0.659,465,1449,574,223,173,387,630,2013-2014
12,Arizona State,33,21,12,0.636,13.32,7.41,10,8,16,1,4,7,2486,2291,1345,836,1852,0.451,268,688,0.39,546,787,0.694,281,1172,471,167,182,377,635,2013-2014
13,Arkansas,34,22,12,0.647,14.34,5.57,10,8,17,2,3,7,2723,2425,1376,928,2105,0.441,253,698,0.362,614,846,0.726,404,1222,521,287,189,392,706,2013-2014
14,Arkansas State,32,19,13,0.594,-0.44,-3.18,10,8,11,4,7,8,2432,2299,1315,797,1795,0.444,282,737,0.383,556,766,0.726,301,1104,425,216,89,390,570,2013-2014
15,Arkansas-Pine Bluff,31,13,18,0.419,-15.39,-6.9,11,7,6,3,6,12,1957,2188,1240,659,1605,0.411,193,562,0.343,446,675,0.661,307,946,350,296,72,478,605,2013-2014
16,Army,31,15,16,0.484,-6.16,-4.66,10,8,7,7,7,8,2244,2269,1250,801,1804,0.444,236,697,0.339,406,580,0.7,352,1043,436,187,132,401,567,2013-2014
17,Auburn,30,14,16,0.467,5.11,5.47,6,12,12,6,2,8,2144,2155,1201,723,1656,0.437,172,554,0.31,526,730,0.721,330,1022,349,183,134,363,645,2013-2014
18,Austin Peay,30,12,18,0.4,-10.5,-5.78,6,10,8,6,3,11,2287,2368,1215,797,1632,0.488,158,459,0.344,535,804,0.665,298,999,444,206,156,471,517,2013-2014
19,Ball State,30,5,25,0.167,-10.17,0.65,2,16,5,9,0,16,1967,2214,1225,651,1601,0.407,196,625,0.314,469,679,0.691,383,1108,375,136,70,505,615,2013-2014
20,Baylor,38,26,12,0.684,15.8,10.11,9,9,13,4,5,5,2843,2577,1540,959,2108,0.455,280,725,0.386,645,949,0.68,525,1456,563,197,202,440,648,2013-2014
21,Belmont,36,26,10,0.722,3.29,-1.88,14,2,13,1,10,8,2876,2661,1440,983,1973,0.498,323,823,0.392,587,794,0.739,315,1123,571,248,88,463,735,2013-2014
22,Bethune-Cookman,32,7,25,0.219,-16.86,-7.53,5,11,5,6,2,18,2032,2252,1290,686,1713,0.4,218,613,0.356,442,615,0.719,367,1002,316,199,80,408,681,2013-2014
23,Binghamton,30,7,23,0.233,-16.15,-6.15,4,12,3,10,4,12,1840,2140,1215,591,1554,0.38,182,569,0.32,476,687,0.693,312,970,282,184,60,428,596,2013-2014
24,Boise State,34,21,13,0.618,8.83,3.86,9,9,12,4,5,7,2591,2347,1380,890,1952,0.456,264,710,0.372,547,730,0.749,374,1169,407,203,71,340,653,2013-2014
25,Boston College,32,8,24,0.25,3.01,8.62,4,14,4,9,3,11,2197,2354,1305,716,1606,0.446,247,702,0.352,518,699,0.741,265,951,397,140,86,358,603,2013-2014
26,Boston University,35,24,11,0.686,1.77,-2.4,15,3,11,6,11,4,2492,2346,1420,894,1978,0.452,282,776,0.363,422,591,0.714,333,1161,491,245,62,411,590,2013-2014
27,Bowling Green State,32,12,20,0.375,-3.45,-0.2,6,12,7,8,4,11,2007,2055,1290,743,1745,0.426,120,417,0.288,401,630,0.637,339,1131,387,246,177,469,564,2013-2014
28,Bradley,32,12,20,0.375,-2.72,-0.31,7,11,11,6,1,11,2036,2113,1279,721,1720,0.419,154,479,0.322,440,628,0.701,356,1064,306,226,84,383,635,2013-2014
29,Brigham Young,35,23,12,0.657,11.63,5.72,13,5,14,1,5,7,2931,2706,1425,1012,2186,0.463,177,499,0.355,730,1055,0.692,463,1432,544,251,103,395,690,2013-2014
30,Brown,29,15,14,0.517,-1.44,-4.04,7,7,8,6,7,8,2065,1951,1170,735,1705,0.431,196,515,0.381,399,593,0.673,329,1154,388,164,138,375,570,2013-2014
31,Bryant,32,18,14,0.563,-4.25,-4.89,10,6,11,4,7,9,2351,2304,1290,840,1788,0.47,201,602,0.334,470,669,0.703,307,1095,420,207,93,397,568,2013-2014
32,Bucknell,30,16,14,0.533,-1.3,-3.14,11,7,8,6,8,8,1977,1922,1200,698,1627,0.429,196,502,0.39,385,516,0.746,287,1067,357,138,49,321,500,2013-2014
33,Buffalo,29,19,10,0.655,3.58,-2.13,13,5,13,1,6,6,2132,1952,1165,729,1631,0.447,187,558,0.335,487,684,0.712,355,1074,436,198,137,365,535,2013-2014
34,Butler,31,14,17,0.452,7.04,6.98,4,14,8,7,4,7,2125,2064,1275,755,1758,0.429,183,567,0.323,432,654,0.661,340,1072,345,186,88,310,523,2013-2014
35,Cal Poly,34,14,20,0.412,-1.34,1.69,6,10,6,6,3,12,2141,2163,1360,754,1850,0.408,218,654,0.333,415,603,0.688,377,1096,394,198,93,303,621,2013-2014
36,Cal State Bakersfield,32,13,19,0.406,-4.86,-4.31,5,11,6,7,5,10,2215,2189,1290,767,1752,0.438,221,568,0.389,460,669,0.688,379,1116,384,208,111,443,708,2013-2014
37,Cal State Fullerton,31,11,20,0.355,-5.08,-1.12,6,10,8,5,3,12,2092,2215,1245,734,1726,0.425,191,577,0.331,433,658,0.658,325,1046,343,145,58,370,604,2013-2014
38,Cal State Northridge,35,17,18,0.486,-4.89,-3.29,7,9,11,3,2,14,2689,2712,1441,888,1955,0.454,148,403,0.367,765,967,0.791,388,1246,471,242,96,447,718,2013-2014
39,California,35,21,14,0.6,10.7,7.44,10,8,15,4,5,7,2533,2419,1416,921,2014,0.457,199,576,0.345,492,717,0.686,353,1247,537,185,159,356,593,2013-2014
40,Campbell,32,12,20,0.375,-14.04,-7.33,6,10,9,7,3,12,2164,2291,1295,771,1747,0.441,278,795,0.35,344,508,0.677,345,1049,454,193,140,427,572,2013-2014
41,Canisius,34,21,13,0.618,1.24,-1.95,14,6,9,4,8,7,2661,2570,1350,913,1989,0.459,271,702,0.386,564,762,0.74,385,1109,425,233,130,394,613,2013-2014
42,Central Arkansas,29,8,21,0.276,-16.25,-5.54,5,13,7,8,1,13,2165,2360,1168,787,1761,0.447,191,522,0.366,400,666,0.601,323,982,368,247,137,421,634,2013-2014
43,Central Connecticut State,30,11,19,0.367,-13.1,-6.06,7,9,5,8,6,10,2117,2318,1210,781,1794,0.435,169,504,0.335,386,538,0.717,316,1036,391,207,146,420,557,2013-2014
44,Central Michigan,31,10,21,0.323,-8.82,-2.72,3,15,8,8,2,13,2246,2288,1260,766,1767,0.434,249,777,0.32,465,655,0.71,330,971,371,232,36,331,561,2013-2014
45,Charleston Southern,31,13,18,0.419,-5.27,-5.75,6,10,8,6,4,12,2523,2242,1265,859,1876,0.458,302,789,0.383,503,689,0.73,366,1160,424,202,88,334,565,2013-2014
46,Charlotte,31,17,14,0.548,-0.69,-0.5,7,9,10,5,3,8,2215,2221,1250,788,1771,0.445,186,523,0.356,453,699,0.648,380,1187,420,188,78,456,569,2013-2014
47,Chattanooga,33,18,15,0.545,-10.83,-7.9,12,4,11,2,5,11,2489,2439,1330,832,1922,0.433,216,651,0.332,609,866,0.703,441,1235,391,232,168,442,635,2013-2014
48,Chicago State,32,13,19,0.406,-10.47,-2.44,8,8,9,5,4,13,2232,2439,1305,787,1884,0.418,220,653,0.337,438,649,0.675,325,1003,358,278,83,389,736,2013-2014
49,Cincinnati,34,27,7,0.794,15.26,5.28,15,3,18,1,7,3,2325,1986,1360,805,1893,0.425,196,585,0.335,519,733,0.708,457,1224,425,268,188,377,596,2013-2014
50,Clemson,36,23,13,0.639,11.08,5.97,10,8,16,3,4,7,2287,2103,1471,796,1879,0.424,190,613,0.31,505,679,0.744,399,1269,383,168,221,401,565,2013-2014
51,Cleveland State,33,21,12,0.636,4.38,-0.52,12,4,12,3,9,8,2410,2186,1340,837,1786,0.469,240,594,0.404,496,659,0.753,345,1115,469,200,113,414,649,2013-2014
52,Coastal Carolina,34,21,13,0.618,-5.21,-6.31,11,5,14,5,6,7,2458,2326,1375,861,1969,0.437,212,628,0.338,524,758,0.691,434,1336,362,216,96,473,668,2013-2014
53,Colgate,31,13,18,0.419,-2.51,-4.08,6,12,7,8,6,10,2158,2083,1260,785,1622,0.484,260,657,0.396,328,459,0.715,220,954,440,143,70,355,529,2013-2014
54,College of Charleston,32,14,18,0.438,-2.02,-1.89,6,10,9,7,4,8,2016,2006,1300,709,1719,0.412,209,613,0.341,389,593,0.656,393,1213,324,149,132,409,595,2013-2014
55,Colorado,35,23,12,0.657,10.8,8.8,10,8,16,2,5,6,2457,2387,1415,814,1871,0.435,181,569,0.318,648,903,0.718,401,1305,397,207,115,466,576,2013-2014
56,Colorado State,32,16,16,0.5,3.29,2.16,7,11,14,6,2,9,2347,2230,1280,770,1798,0.428,170,522,0.326,637,877,0.726,405,1202,405,159,103,293,591,2013-2014
57,Columbia,34,21,13,0.618,2.21,-1.92,8,6,14,4,5,8,2313,2151,1384,742,1662,0.446,278,717,0.388,551,711,0.775,284,1111,419,173,95,412,626,2013-2014
58,Connecticut,40,32,8,0.8,17.23,8.63,12,6,14,3,6,4,2873,2529,1610,971,2163,0.449,287,741,0.387,644,829,0.777,387,1389,488,281,230,457,719,2013-2014
59,Coppin State,32,12,20,0.375,-11.09,-4.99,7,9,5,7,5,10,2231,2403,1285,722,1840,0.392,235,725,0.324,552,756,0.73,370,1075,369,192,69,380,545,2013-2014
60,Cornell,28,2,26,0.071,-15.6,0.03,1,13,2,11,0,15,1795,2195,1130,652,1589,0.41,192,603,0.318,299,450,0.664,292,880,300,117,78,337,581,2013-2014
61,Creighton,35,27,8,0.771,18.03,7.17,14,4,16,0,7,4,2756,2376,1400,957,1927,0.497,356,859,0.414,486,654,0.743,293,1192,614,139,49,342,618,2013-2014
62,Dartmouth,28,12,16,0.429,-4.85,-3.24,5,9,8,7,4,9,1905,1864,1125,673,1516,0.444,174,459,0.379,385,561,0.686,301,927,352,166,86,336,561,2013-2014
63,Davidson,33,20,13,0.606,0.81,-3.73,15,1,8,4,10,4,2591,2404,1340,896,1877,0.477,273,726,0.376,526,735,0.716,324,1087,451,179,58,378,665,2013-2014
64,Dayton,37,26,11,0.703,10.55,5.34,10,6,13,4,7,4,2671,2478,1490,935,2018,0.463,243,644,0.377,558,819,0.681,414,1289,485,222,96,442,736,2013-2014
65,Delaware,35,25,10,0.714,2.73,-1.1,14,2,10,2,11,7,2782,2648,1405,936,2108,0.444,252,727,0.347,658,925,0.711,385,1264,377,208,123,334,660,2013-2014
66,Delaware State,30,9,21,0.3,-12.64,-6.11,5,11,7,7,2,12,1847,1946,1215,646,1529,0.422,156,485,0.322,399,579,0.689,277,942,367,152,106,341,542,2013-2014
67,Denver,31,16,15,0.516,0.84,-0.42,8,6,9,4,5,8,2044,1999,1260,711,1535,0.463,253,654,0.387,369,520,0.71,226,808,466,217,102,307,620,2013-2014
68,DePaul,33,12,21,0.364,1.5,7.47,3,15,8,9,3,9,2290,2487,1340,782,1848,0.423,195,580,0.336,531,776,0.684,406,1119,359,221,139,444,713,2013-2014
69,Detroit Mercy,32,13,19,0.406,-3.25,-0.25,6,10,8,7,5,12,2275,2267,1305,778,1863,0.418,191,595,0.321,528,724,0.729,399,1174,370,235,146,408,681,2013-2014
70,Drake,31,15,16,0.484,-0.77,1.03,6,12,9,5,4,9,2116,2115,1245,720,1592,0.452,239,603,0.396,437,612,0.714,263,1009,395,171,67,370,571,2013-2014
71,Drexel,30,16,14,0.533,1.23,-0.24,8,8,8,4,6,8,2064,2020,1245,718,1707,0.421,154,491,0.314,474,669,0.709,315,1071,353,137,117,255,638,2013-2014
72,Duke,35,26,9,0.743,19.51,8.48,13,5,17,0,4,5,2745,2359,1405,929,2020,0.46,316,801,0.395,571,783,0.729,410,1207,509,244,105,328,681,2013-2014
73,Duquesne,30,13,17,0.433,0.66,1.03,5,11,6,8,7,6,2200,2211,1200,751,1699,0.442,218,600,0.363,480,717,0.669,323,1060,457,175,83,331,540,2013-2014
74,East Carolina,34,17,17,0.5,-4.08,-2.41,5,11,10,7,3,10,2477,2411,1360,809,1833,0.441,289,786,0.368,570,799,0.713,354,1145,458,215,107,398,589,2013-2014
75,East Tennessee State,35,19,16,0.543,-5.93,-6.08,10,8,14,6,5,10,2689,2663,1410,879,2045,0.43,275,758,0.363,656,877,0.748,368,1227,429,269,108,408,700,2013-2014
76,Eastern Illinois,30,11,19,0.367,-11.53,-4.21,7,9,7,7,4,11,2030,2206,1200,703,1598,0.44,152,476,0.319,472,660,0.715,315,971,359,171,144,399,576,2013-2014
77,Eastern Kentucky,34,24,10,0.706,0.6,-4.34,11,5,12,2,8,6,2677,2411,1365,881,1810,0.487,315,807,0.39,600,798,0.752,243,884,498,299,67,359,707,2013-2014
78,Eastern Michigan,37,22,15,0.595,1.79,0.67,10,8,16,3,4,11,2423,2270,1495,820,2004,0.409,187,605,0.309,594,876,0.678,409,1302,393,306,221,419,677,2013-2014
79,Eastern Washington,31,15,16,0.484,-5.32,-4.15,10,10,10,4,3,11,2362,2329,1245,813,1791,0.454,251,677,0.371,485,700,0.693,329,1133,417,147,133,373,603,2013-2014
80,Elon,32,18,14,0.563,-4.02,-4.5,11,5,11,4,7,6,2392,2281,1290,837,1789,0.468,256,683,0.375,462,639,0.723,290,1086,442,161,93,386,576,2013-2014
81,Evansville,33,14,19,0.424,-3.12,1.2,6,12,10,7,3,11,2290,2383,1330,775,1672,0.464,144,398,0.362,596,830,0.718,276,1057,485,166,124,422,623,2013-2014
82,Fairfield,32,7,25,0.219,-7.37,-0.81,4,16,4,9,2,13,2030,2240,1285,697,1753,0.398,220,660,0.333,416,607,0.685,356,1134,360,141,117,469,734,2013-2014
83,FDU,31,10,21,0.323,-11.24,-4.07,6,10,6,6,4,14,2157,2358,1250,742,1766,0.42,226,636,0.355,447,621,0.72,328,980,339,209,122,364,660,2013-2014
84,Florida,39,36,3,0.923,20.69,8.54,18,0,17,0,10,2,2727,2253,1560,945,2056,0.46,255,711,0.359,582,871,0.668,437,1385,509,274,118,418,611,2013-2014
85,Florida A&M,32,14,18,0.438,-12.31,-7.58,8,8,9,3,3,14,2281,2370,1290,809,2010,0.402,213,637,0.334,450,688,0.654,475,1253,360,237,132,466,768,2013-2014
86,Florida Atlantic,32,10,22,0.313,-5.12,-0.42,5,11,7,8,3,11,2120,2192,1280,747,1760,0.424,210,629,0.334,416,647,0.643,396,1180,380,151,147,417,600,2013-2014
87,Florida Gulf Coast,35,22,13,0.629,-1.97,-5.76,14,4,16,2,6,10,2504,2339,1409,914,1958,0.467,200,608,0.329,476,706,0.674,348,1282,447,200,125,460,637,2013-2014
88,Florida International,31,15,16,0.484,-5.4,-1.58,7,9,9,6,5,8,2128,2170,1250,754,1681,0.449,152,481,0.316,468,698,0.67,358,1118,336,221,130,436,560,2013-2014
89,Florida State,36,22,14,0.611,12.63,8.13,9,9,12,5,6,6,2554,2392,1450,873,1873,0.466,191,502,0.38,617,855,0.722,392,1256,385,213,191,512,650,2013-2014
90,Fordham,31,10,21,0.323,-3.16,3.14,2,14,7,8,2,12,2224,2419,1245,764,1942,0.393,220,719,0.306,476,649,0.733,448,1152,379,207,126,353,616,2013-2014
91,Fresno State,39,21,18,0.538,3.59,3.75,9,9,13,6,7,10,2837,2749,1590,950,2170,0.438,291,815,0.357,646,884,0.731,359,1320,470,253,177,394,751,2013-2014
92,Furman,30,9,21,0.3,-17.44,-7.4,3,13,6,8,3,12,1955,2196,1205,680,1540,0.442,164,492,0.333,431,633,0.681,269,940,288,147,85,407,509,2013-2014
93,Gardner-Webb,33,18,15,0.545,-7.33,-6.9,10,6,8,5,7,9,2425,2309,1360,848,1895,0.447,175,516,0.339,554,807,0.686,401,1182,498,252,104,405,607,2013-2014
94,George Mason,31,11,20,0.355,2.03,4.58,4,12,6,8,4,8,2154,2233,1255,756,1719,0.44,153,435,0.352,489,690,0.709,340,1074,339,163,108,421,649,2013-2014
95,George Washington,33,24,9,0.727,10.6,4.42,11,5,14,1,6,5,2415,2211,1324,839,1812,0.463,187,514,0.364,550,845,0.651,394,1229,461,235,135,428,595,2013-2014
96,Georgetown,33,18,15,0.545,10.96,8.27,8,10,13,3,2,9,2344,2255,1330,801,1743,0.46,180,543,0.331,562,780,0.721,336,1101,431,200,141,387,728,2013-2014
97,Georgia,34,20,14,0.588,7.9,5.78,12,6,15,3,4,7,2343,2271,1369,767,1740,0.441,167,478,0.349,642,941,0.682,401,1259,341,173,158,446,640,2013-2014
98,Georgia Southern,34,15,19,0.441,-11.44,-8.6,6,10,7,6,5,11,2406,2395,1375,840,1927,0.436,242,716,0.338,484,731,0.662,372,1197,327,233,56,405,589,2013-2014
99,Georgia State,34,25,9,0.735,6.04,-2.56,17,1,13,0,10,7,2641,2330,1380,900,1923,0.468,252,672,0.375,589,757,0.778,276,1074,451,260,167,268,588,2013-2014
100,Georgia Tech,33,16,17,0.485,5.12,5.24,6,12,10,7,5,7,2200,2204,1335,796,1847,0.431,173,549,0.315,435,636,0.684,373,1187,434,171,140,399,586,2013-2014
101,Gonzaga,36,29,7,0.806,15.56,5.36,15,3,15,0,8,4,2761,2372,1421,972,1963,0.495,255,643,0.397,562,793,0.709,343,1291,525,235,142,419,659,2013-2014
102,Grambling,29,5,24,0.172,-24.61,-9.05,3,15,3,8,1,15,1903,2316,1160,647,1576,0.411,179,554,0.323,430,645,0.667,318,904,301,177,60,432,557,2013-2014
103,Grand Canyon,30,15,15,0.5,-6.4,-3.51,10,6,8,4,5,9,2163,2152,1205,671,1549,0.433,206,588,0.35,615,831,0.74,284,1057,386,121,81,381,604,2013-2014
104,Green Bay,31,24,7,0.774,7.18,0.11,14,2,13,4,9,2,2304,1999,1250,813,1715,0.474,150,424,0.354,528,751,0.703,346,1139,473,222,223,393,520,2013-2014
105,Hampton,31,18,13,0.581,-5.17,-7.91,13,4,9,3,8,7,2262,2177,1275,747,1781,0.419,171,534,0.32,597,909,0.657,394,1173,367,234,184,457,736,2013-2014
106,Hartford,33,17,16,0.515,-6.63,-6.18,10,6,9,3,7,9,2162,2177,1325,731,1593,0.459,265,704,0.376,435,619,0.703,230,909,402,185,68,458,632,2013-2014
107,Harvard,32,27,5,0.844,10.79,-0.47,13,1,11,1,11,3,2343,1952,1300,786,1691,0.465,184,478,0.385,587,811,0.724,335,1092,449,243,155,365,566,2013-2014
108,Hawaii,31,20,11,0.645,3.43,-1.68,9,7,14,5,6,4,2479,2270,1255,866,1829,0.473,177,528,0.335,570,789,0.722,395,1114,437,190,110,366,604,2013-2014
109,High Point,31,16,15,0.516,-8.23,-5.23,12,4,10,3,6,11,2203,2253,1245,801,1698,0.472,187,485,0.386,414,558,0.742,299,985,455,184,108,373,532,2013-2014
110,Hofstra,33,10,23,0.303,-6.56,-1.89,5,11,7,8,1,13,2260,2414,1325,750,1788,0.419,229,685,0.334,531,806,0.659,419,1195,355,159,106,406,646,2013-2014
111,Holy Cross,34,20,14,0.588,-1.58,-3.28,12,6,8,5,10,7,2277,2219,1371,771,1795,0.43,217,615,0.353,518,708,0.732,338,1120,387,207,135,398,579,2013-2014
112,Houston,33,17,16,0.515,2.68,4.62,8,10,12,4,3,9,2345,2409,1325,833,1833,0.454,212,578,0.367,467,700,0.667,359,1141,486,179,182,421,603,2013-2014
113,Houston Christian,31,6,25,0.194,-17.39,-5.39,2,16,5,8,1,15,2091,2373,1250,737,1733,0.425,157,456,0.344,460,674,0.682,350,1111,385,157,67,484,662,2013-2014
114,Howard,33,8,25,0.242,-16.77,-5.22,5,11,4,6,2,17,2020,2344,1335,639,1690,0.378,175,519,0.337,567,835,0.679,385,1096,261,207,131,540,726,2013-2014
115,Idaho,34,16,18,0.471,-6.42,-3.72,7,9,7,6,5,9,2461,2536,1375,833,1865,0.447,216,608,0.355,579,842,0.688,358,1161,384,146,58,388,702,2013-2014
116,Idaho State,29,11,18,0.379,-6.42,-4.72,8,12,9,4,2,13,2054,2036,1175,694,1547,0.449,166,453,0.366,500,701,0.713,347,1012,342,210,78,360,525,2013-2014
117,Illinois,35,20,15,0.571,10.33,8.28,7,11,10,6,6,7,2248,2176,1405,797,1941,0.411,210,662,0.317,444,606,0.733,375,1181,351,215,127,364,587,2013-2014
118,Illinois State,34,18,16,0.529,1.08,1.77,9,9,14,3,3,11,2323,2329,1375,767,1886,0.407,244,781,0.312,545,774,0.704,338,1181,409,262,160,420,696,2013-2014
119,Illinois-Chicago,31,6,25,0.194,-7.17,0.63,1,15,2,12,2,11,2071,2248,1240,714,1696,0.421,172,525,0.328,471,660,0.714,336,1054,346,171,55,388,672,2013-2014
120,Incarnate Word,27,21,6,0.778,-8.47,-10.74,9,5,14,1,7,5,2216,1935,1085,771,1581,0.488,203,522,0.389,471,688,0.685,301,1070,426,177,115,376,480,2013-2014
121,Indiana,32,17,15,0.531,11.32,6.64,7,11,14,4,2,8,2312,2162,1285,780,1741,0.448,176,512,0.344,576,789,0.73,396,1241,368,190,138,482,587,2013-2014
122,Indiana State,34,23,11,0.676,3.29,1.19,12,6,11,2,8,7,2416,2328,1360,814,1809,0.45,219,629,0.348,569,787,0.723,304,1129,440,198,117,382,645,2013-2014
123,Iona,33,22,11,0.667,5.96,-0.1,17,3,11,2,9,8,2760,2560,1325,947,1944,0.487,338,853,0.396,528,739,0.714,288,1094,576,219,122,349,584,2013-2014
124,Iowa,33,20,13,0.606,18.58,7.43,9,9,13,4,4,6,2689,2321,1339,919,1984,0.463,191,546,0.35,660,898,0.735,447,1332,532,234,164,371,603,2013-2014
125,Iowa State,36,28,8,0.778,18.52,9.88,11,7,15,1,4,6,2989,2678,1465,1062,2239,0.474,301,840,0.358,564,814,0.693,375,1387,663,214,106,380,623,2013-2014
126,IU Indy,32,6,26,0.188,-14.33,-1.36,1,13,5,10,1,13,2126,2383,1283,782,1784,0.438,140,450,0.311,422,569,0.742,261,995,333,161,98,354,516,2013-2014
127,Jackson State,31,11,20,0.355,-11.62,-8.72,7,11,6,6,5,13,2041,2131,1251,711,1707,0.417,121,413,0.293,498,688,0.724,367,1092,296,188,100,465,711,2013-2014
128,Jacksonville,30,12,18,0.4,-11.86,-4.86,8,10,10,5,2,13,2231,2385,1200,756,1729,0.437,188,553,0.34,531,749,0.709,362,1027,393,220,105,409,565,2013-2014
129,Jacksonville State,31,10,21,0.323,-11.97,-5.14,4,12,7,6,2,14,2014,2176,1240,685,1633,0.419,175,541,0.323,469,695,0.675,336,950,366,195,110,351,601,2013-2014
130,James Madison,31,11,20,0.355,-7.65,-2.2,6,10,5,5,4,12,1961,2130,1245,647,1582,0.409,151,553,0.273,514,750,0.685,314,1045,272,182,96,379,607,2013-2014
131,Kansas,35,25,10,0.714,20.25,11.4,14,4,14,1,5,6,2764,2454,1410,955,1937,0.493,189,556,0.34,665,935,0.711,416,1336,523,204,196,463,732,2013-2014
132,Kansas City,30,10,20,0.333,-9,-1.93,7,9,5,9,5,10,2085,2295,1200,729,1697,0.43,167,552,0.303,460,725,0.634,290,981,349,217,70,397,621,2013-2014
133,Kansas State,33,20,13,0.606,12.14,8.47,10,8,15,2,2,7,2280,2159,1335,798,1840,0.434,198,598,0.331,486,741,0.656,406,1180,503,205,98,404,714,2013-2014
134,Kennesaw State,31,6,25,0.194,-16.16,-4.05,3,15,4,11,2,14,2016,2304,1240,708,1676,0.422,192,559,0.343,408,628,0.65,346,1019,344,182,95,494,673,2013-2014
135,Kent State,32,16,16,0.5,-1.81,-1.94,7,11,11,7,5,9,2228,2188,1290,766,1787,0.429,232,670,0.346,464,660,0.703,341,1074,362,199,109,390,670,2013-2014
136,Kentucky,40,29,11,0.725,18.07,9.9,12,6,16,2,5,5,2992,2665,1615,1004,2213,0.454,203,611,0.332,781,1146,0.682,562,1607,446,189,236,469,732,2013-2014
137,La Salle,31,15,16,0.484,4.1,4.75,7,9,8,5,4,8,2100,2120,1261,720,1743,0.413,177,544,0.325,483,682,0.708,370,1100,385,173,106,360,495,2013-2014
138,Lafayette,31,11,20,0.355,-7.64,-3.38,6,12,6,7,5,13,2212,2315,1250,781,1661,0.47,231,580,0.398,419,563,0.744,253,927,400,162,66,376,555,2013-2014
139,Lamar,30,4,26,0.133,-16.61,-6.04,3,15,2,11,1,14,2001,2318,1200,711,1628,0.437,97,315,0.308,482,648,0.744,277,945,361,160,86,420,554,2013-2014
140,Lehigh,32,14,18,0.438,-6.52,-3.83,7,11,9,5,4,11,2121,2207,1301,758,1756,0.432,199,555,0.359,406,574,0.707,280,1067,416,159,112,384,572,2013-2014
141,Liberty,32,11,21,0.344,-10.26,-7.47,5,11,7,8,2,12,2250,2234,1280,816,1781,0.458,180,502,0.359,438,622,0.704,403,1186,423,150,110,424,564,2013-2014
142,Lipscomb,30,15,15,0.5,-8.2,-5.13,10,8,7,5,8,10,2276,2355,1210,727,1683,0.432,275,778,0.353,547,800,0.684,293,991,416,202,57,376,661,2013-2014
143,Little Rock,32,15,17,0.469,-5.39,-1.09,9,9,7,6,6,9,2288,2371,1320,784,1844,0.425,164,505,0.325,556,754,0.737,369,1174,376,190,125,422,689,2013-2014
144,Long Beach State,32,15,17,0.469,1.44,2.71,10,6,9,4,5,9,2236,2255,1295,822,1904,0.432,191,613,0.312,401,607,0.661,428,1178,405,186,80,390,571,2013-2014
145,Long Island University,29,9,20,0.31,-13.66,-5.55,4,12,5,6,4,11,2080,2315,1165,707,1653,0.428,218,631,0.345,448,625,0.717,325,1001,407,125,66,371,509,2013-2014
146,Longwood,32,8,24,0.25,-20.31,-5.56,3,13,5,9,3,12,2235,2570,1280,812,1845,0.44,180,513,0.351,431,591,0.729,309,998,430,216,58,408,623,2013-2014
147,Louisiana,35,23,12,0.657,2.91,-0.28,11,7,13,2,6,9,2835,2633,1430,988,2127,0.465,246,670,0.367,613,913,0.671,464,1329,472,250,144,459,734,2013-2014
148,Louisiana State,34,20,14,0.588,10.05,6.61,9,9,13,3,4,9,2540,2423,1375,918,2067,0.444,231,675,0.342,473,707,0.669,444,1334,479,261,199,464,635,2013-2014
149,Louisiana Tech,37,29,8,0.784,12.44,-1.2,13,3,14,1,10,5,2998,2460,1485,1034,2284,0.453,286,868,0.329,644,948,0.679,478,1448,582,339,188,424,705,2013-2014
150,Louisiana-Monroe,27,10,17,0.37,-5.21,0.02,7,11,6,6,4,10,1738,1851,1100,628,1470,0.427,143,450,0.318,339,536,0.632,277,943,341,154,94,338,498,2013-2014
151,Louisville,37,31,6,0.838,24.69,4.8,15,3,16,2,9,2,2998,2262,1480,1051,2232,0.471,288,783,0.368,608,920,0.661,503,1396,568,370,173,391,723,2013-2014
152,Loyola (IL),32,10,22,0.313,-4.75,-1.14,4,14,8,6,0,14,2105,2199,1300,744,1609,0.462,191,546,0.35,426,606,0.703,266,973,419,176,82,427,622,2013-2014
153,Loyola (MD),30,11,19,0.367,-10.58,-3.23,6,12,7,7,4,12,1957,2158,1215,680,1642,0.414,145,452,0.321,452,678,0.667,329,935,336,236,128,357,584,2013-2014
154,Loyola Marymount,32,13,19,0.406,-0.49,4.03,4,14,6,6,3,10,2345,2468,1266,838,1922,0.436,141,480,0.294,528,693,0.762,385,1088,406,228,120,389,645,2013-2014
155,Maine,29,6,23,0.207,-17.58,-4.72,4,12,4,9,1,12,2091,2404,1165,759,1712,0.443,182,543,0.335,391,577,0.678,271,966,418,220,66,438,606,2013-2014
156,Manhattan,33,25,8,0.758,6.04,-0.9,15,5,9,3,12,4,2540,2311,1350,828,1837,0.451,208,564,0.369,676,1019,0.663,415,1234,433,273,200,468,799,2013-2014
157,Marist,31,12,19,0.387,-4.94,-1.27,9,11,9,4,3,11,2119,2233,1260,709,1736,0.408,201,580,0.347,500,700,0.714,334,1057,342,202,122,384,583,2013-2014
158,Marquette,32,17,15,0.531,10.08,6.61,9,9,12,4,4,8,2310,2199,1320,800,1800,0.444,154,480,0.321,556,806,0.69,379,1167,474,202,100,383,631,2013-2014
159,Marshall,33,11,22,0.333,-4.42,-1.32,4,12,8,8,2,12,2385,2375,1330,837,1938,0.432,202,655,0.308,509,818,0.622,423,1222,397,211,124,426,658,2013-2014
160,Maryland,32,17,15,0.531,11.33,8.08,9,9,12,4,2,8,2270,2166,1295,792,1844,0.43,226,660,0.342,460,677,0.679,384,1200,374,202,139,408,634,2013-2014
161,Maryland-Baltimore County,30,9,21,0.3,-14.21,-6.55,5,11,8,5,1,16,1968,2185,1230,669,1667,0.401,173,570,0.304,457,698,0.655,342,1017,355,240,84,450,702,2013-2014
162,Maryland-Eastern Shore,30,6,24,0.2,-17.03,-6.61,4,12,5,8,1,15,1996,2251,1199,656,1637,0.401,180,558,0.323,504,699,0.721,339,979,339,196,62,368,584,2013-2014
163,Massachusetts,33,24,9,0.727,10.61,6,10,6,11,2,7,4,2502,2350,1325,900,1962,0.459,177,512,0.346,525,769,0.683,404,1267,499,226,178,446,649,2013-2014
164,Massachusetts-Lowell,28,10,18,0.357,-13.71,-4.53,8,8,6,6,4,12,1718,1938,1125,570,1447,0.394,192,588,0.327,386,548,0.704,268,880,335,166,73,378,517,2013-2014
165,McNeese State,31,11,20,0.355,-13.15,-4.01,9,9,7,3,3,14,2111,2358,1250,729,1857,0.393,203,665,0.305,450,647,0.696,408,1142,369,211,117,397,554,2013-2014
166,Memphis,34,24,10,0.706,13.02,7.14,12,6,15,2,5,5,2614,2397,1370,958,2009,0.477,182,552,0.33,516,801,0.644,427,1268,591,294,159,449,612,2013-2014
167,Mercer,36,27,9,0.75,5.33,-3.42,14,4,17,1,9,7,2836,2410,1492,982,2061,0.476,290,756,0.384,582,791,0.736,407,1338,586,211,147,420,665,2013-2014
168,Miami (FL),33,17,16,0.515,7.6,5.63,7,11,8,8,6,6,2029,1964,1345,712,1690,0.421,186,576,0.323,419,610,0.687,362,1140,346,161,124,335,522,2013-2014
169,Miami (OH),31,13,18,0.419,-4.37,0.13,8,10,8,6,5,11,2023,2160,1250,722,1664,0.434,146,496,0.294,433,574,0.754,266,967,387,267,73,420,537,2013-2014
170,Michigan,37,28,9,0.757,18.52,9.65,15,3,13,2,7,4,2736,2408,1490,945,1982,0.477,319,794,0.402,527,691,0.763,316,1160,525,191,88,336,527,2013-2014
171,Michigan State,38,29,9,0.763,19.35,9.38,12,6,12,4,7,3,2870,2491,1535,1024,2159,0.474,307,783,0.392,515,728,0.707,395,1400,637,259,174,430,721,2013-2014
172,Middle Tennessee,33,24,9,0.727,4.77,-0.78,13,3,14,2,8,5,2339,2067,1330,816,1795,0.455,178,520,0.342,529,796,0.665,399,1211,433,234,158,416,664,2013-2014
173,Milwaukee,35,21,14,0.6,-1.53,-0.44,7,9,7,6,10,6,2465,2469,1415,808,1888,0.428,245,754,0.325,604,823,0.734,343,1182,476,200,85,469,630,2013-2014
174,Minnesota,38,25,13,0.658,11.75,8.34,8,10,18,3,4,7,2715,2574,1545,918,2053,0.447,272,773,0.352,607,818,0.742,394,1282,528,289,155,444,727,2013-2014
175,Mississippi,33,19,14,0.576,7.84,5.36,9,9,12,5,4,8,2482,2400,1335,836,2003,0.417,258,761,0.339,552,793,0.696,428,1211,413,246,182,369,641,2013-2014
176,Mississippi State,33,14,19,0.424,-0.86,2.75,3,15,11,7,0,10,2234,2353,1330,785,1776,0.442,154,502,0.307,510,769,0.663,325,1086,401,255,88,459,570,2013-2014
177,Mississippi Valley State,32,9,23,0.281,-21.08,-8.35,5,13,6,4,1,17,2293,2582,1281,808,1934,0.418,203,646,0.314,474,707,0.67,374,1115,357,245,59,469,719,2013-2014
178,Missouri,35,23,12,0.657,10.06,6.86,9,9,16,3,3,7,2553,2441,1415,824,1805,0.457,202,587,0.344,703,948,0.742,383,1293,355,176,114,442,670,2013-2014
179,Missouri State,33,20,13,0.606,0.81,1.22,9,9,14,3,4,8,2262,2251,1335,761,1765,0.431,230,645,0.357,510,720,0.708,303,1080,401,160,99,361,652,2013-2014
180,Monmouth,32,11,21,0.344,-6.96,-2.9,5,15,8,8,3,12,2208,2338,1295,776,1847,0.42,177,527,0.336,479,749,0.64,413,1184,386,222,96,462,698,2013-2014
181,Montana,30,17,13,0.567,-4.52,-5.23,12,8,11,3,6,9,2123,2070,1225,703,1475,0.477,222,593,0.374,495,670,0.739,213,813,340,152,76,299,620,2013-2014
182,Montana State,31,14,17,0.452,-10.7,-5.83,9,11,9,5,5,10,2109,2165,1245,736,1661,0.443,185,522,0.354,452,636,0.711,267,966,325,203,50,357,561,2013-2014
183,Morehead State,34,20,14,0.588,-1.88,-3.1,10,6,9,5,9,7,2603,2483,1385,861,1927,0.447,188,629,0.299,693,992,0.699,481,1309,456,271,104,530,799,2013-2014
184,Morgan State,31,15,16,0.484,-5.81,-5.03,11,5,7,4,5,9,2215,2239,1265,800,1869,0.428,140,536,0.261,475,776,0.612,446,1190,394,191,157,403,648,2013-2014
185,Mount St. Mary's,33,16,17,0.485,-6.32,-4.44,9,7,10,3,6,13,2504,2566,1330,843,1923,0.438,296,834,0.355,522,706,0.739,328,1053,389,232,99,388,616,2013-2014
186,Murray State,34,23,11,0.676,0.98,-3.58,13,3,17,1,6,9,2647,2446,1370,901,1898,0.475,252,671,0.376,593,883,0.672,397,1233,446,203,148,420,629,2013-2014
187,Navy,30,9,21,0.3,-11.95,-5.46,4,14,7,6,2,15,1820,1957,1215,660,1645,0.401,201,612,0.328,299,471,0.635,335,1006,381,195,99,376,566,2013-2014
188,NC State,36,22,14,0.611,9.02,7.44,9,9,13,6,6,6,2561,2504,1460,950,2060,0.461,160,525,0.305,501,762,0.657,422,1239,466,173,149,375,670,2013-2014
189,Nebraska,32,19,13,0.594,10.13,8.5,11,7,15,1,3,8,2137,2085,1280,719,1684,0.427,188,564,0.333,511,713,0.717,278,1059,304,222,99,349,660,2013-2014
190,Nevada,32,15,17,0.469,1.98,3.48,10,8,7,8,8,6,2316,2364,1320,796,1835,0.434,214,634,0.338,510,699,0.73,352,1113,347,160,144,333,604,2013-2014
191,Nevada-Las Vegas,33,20,13,0.606,8.55,2.76,10,8,12,7,6,5,2355,2164,1330,834,1905,0.438,195,592,0.329,492,752,0.654,415,1314,437,160,213,367,520,2013-2014
192,New Hampshire,30,6,24,0.2,-13.97,-5.9,4,12,3,11,3,12,1735,1945,1206,584,1553,0.376,211,639,0.33,356,514,0.693,286,1026,292,121,99,392,583,2013-2014
193,New Mexico,34,27,7,0.794,12.72,4.84,15,3,13,2,8,2,2516,2248,1380,847,1851,0.458,197,593,0.332,625,863,0.724,360,1296,522,162,172,361,577,2013-2014
194,New Mexico State,36,26,10,0.722,6.16,-2.58,12,4,14,1,8,7,2771,2415,1455,936,1918,0.488,194,523,0.371,705,1027,0.686,428,1346,474,169,224,457,614,2013-2014
195,New Orleans,26,11,15,0.423,-15.03,-5.53,8,10,6,6,5,9,1858,1987,1040,615,1434,0.429,136,402,0.338,492,722,0.681,340,968,316,172,84,437,546,2013-2014
196,Niagara,33,7,26,0.212,-8.16,-1.34,3,17,4,9,1,14,2484,2709,1320,836,1949,0.429,166,554,0.3,646,947,0.682,409,1132,330,230,71,450,784,2013-2014
197,Nicholls State,29,14,15,0.483,-13.13,-7.67,10,8,9,2,4,12,1986,2114,1170,708,1595,0.444,178,582,0.306,392,619,0.633,293,920,384,168,83,351,685,2013-2014
198,NJIT,29,13,16,0.448,-12.52,-7.48,NA,NA,7,6,6,10,2109,2061,1170,728,1638,0.444,216,578,0.374,435,603,0.721,284,990,394,187,104,379,585,2013-2014
199,Norfolk State,34,19,15,0.559,-7.82,-7.17,11,5,7,4,7,8,2428,2398,1370,866,1864,0.465,187,532,0.352,509,734,0.693,418,1195,465,207,135,457,671,2013-2014
200,North Carolina,34,24,10,0.706,15.24,8.42,13,5,15,3,6,5,2604,2372,1370,953,2057,0.463,146,434,0.336,552,882,0.626,483,1350,523,249,161,406,690,2013-2014
201,North Carolina A&T,32,9,23,0.281,-16.43,-7.4,5,11,7,5,1,17,2089,2342,1295,622,1626,0.383,171,564,0.303,674,964,0.699,388,1159,297,151,129,489,742,2013-2014
202,North Carolina Central,34,28,6,0.824,3.97,-8.03,16,1,14,0,11,5,2513,2023,1380,847,1832,0.462,184,545,0.338,635,872,0.728,403,1197,500,262,137,389,660,2013-2014
203,North Dakota,34,17,17,0.5,-6.84,-3.78,12,8,11,3,4,11,2526,2537,1359,889,1951,0.456,200,611,0.327,548,797,0.688,378,1071,417,287,90,378,691,2013-2014
204,North Dakota State,33,26,7,0.788,6.31,-0.02,12,2,12,1,10,5,2492,2164,1325,888,1759,0.505,176,483,0.364,540,719,0.751,307,1081,382,206,145,325,588,2013-2014
205,North Florida,32,16,16,0.5,-7.52,-3.32,10,8,9,5,7,11,2318,2377,1285,789,1784,0.442,227,633,0.359,513,728,0.705,383,1183,401,167,126,483,601,2013-2014
206,North Texas,32,16,16,0.5,-4.67,-1.53,6,10,9,7,6,6,2228,2313,1295,774,1845,0.42,157,476,0.33,523,769,0.68,361,1183,324,210,114,405,645,2013-2014
207,Northeastern,32,11,21,0.344,-3.11,-0.3,7,9,4,8,4,9,2109,2199,1295,734,1692,0.434,156,481,0.324,485,752,0.645,361,1117,371,173,110,420,553,2013-2014
208,Northern Arizona,32,15,17,0.469,-6.6,-4.37,12,8,9,4,6,10,2144,2189,1290,778,1715,0.454,170,485,0.351,418,586,0.713,344,1055,344,198,126,404,564,2013-2014
209,Northern Colorado,32,18,14,0.563,-4.33,-6.09,11,9,13,3,4,11,2364,2248,1295,864,1752,0.493,190,492,0.386,446,651,0.685,346,1025,388,183,73,365,626,2013-2014
210,Northern Illinois,32,15,17,0.469,-3.54,-1.28,8,10,10,7,5,9,1992,2012,1305,645,1651,0.391,137,494,0.277,565,826,0.684,429,1199,271,211,107,470,642,2013-2014
211,Northern Iowa,31,16,15,0.516,5.29,2.85,10,8,11,2,3,10,2256,2149,1250,762,1693,0.45,264,732,0.361,468,646,0.724,272,1022,436,175,90,330,568,2013-2014
212,Northern Kentucky,30,9,21,0.3,-10.53,-4.97,5,13,7,7,2,12,2044,2211,1215,704,1618,0.435,228,654,0.349,408,578,0.706,286,940,334,163,89,348,624,2013-2014
213,Northwestern,33,14,19,0.424,4.72,8.57,6,12,8,9,5,7,1964,2091,1330,665,1679,0.396,217,708,0.306,417,596,0.7,249,1074,364,142,121,360,609,2013-2014
214,Northwestern State,31,17,14,0.548,-3.59,-4.66,12,6,10,3,6,10,2686,2599,1260,958,2037,0.47,176,527,0.334,594,802,0.741,394,1182,513,270,165,420,635,2013-2014
215,Notre Dame,32,15,17,0.469,8.19,6.78,6,12,13,6,1,9,2303,2258,1305,839,1842,0.455,228,637,0.358,397,553,0.718,344,1081,484,187,97,331,518,2013-2014
216,Oakland,33,13,20,0.394,-2.23,2.78,7,9,10,5,3,11,2455,2554,1334,821,1890,0.434,279,754,0.37,534,732,0.73,298,1025,522,229,61,367,658,2013-2014
217,Ohio,37,25,12,0.676,2.7,-1.17,11,7,14,7,10,4,2647,2480,1465,937,2042,0.459,274,777,0.353,499,699,0.714,351,1252,559,238,157,475,706,2013-2014
218,Ohio State,35,25,10,0.714,17.84,8.12,10,8,17,3,5,5,2432,2092,1410,843,1875,0.45,200,617,0.324,546,793,0.689,346,1187,421,270,157,394,577,2013-2014
219,Oklahoma,33,23,10,0.697,14.91,8.97,12,6,14,3,5,4,2704,2508,1335,909,2034,0.447,285,752,0.379,601,802,0.749,398,1242,483,224,108,376,625,2013-2014
220,Oklahoma State,34,21,13,0.618,19.02,8.34,8,10,13,3,3,7,2728,2365,1391,898,1941,0.463,239,656,0.364,693,964,0.719,332,1203,463,260,160,356,680,2013-2014
221,Old Dominion,36,18,18,0.5,-1.12,-0.81,9,7,12,6,5,9,2311,2322,1450,825,1927,0.428,190,583,0.326,471,758,0.621,430,1282,382,226,142,474,709,2013-2014
222,Omaha,32,17,15,0.531,-1.19,-2.78,5,9,11,4,6,11,2558,2404,1290,885,1967,0.45,219,650,0.337,569,744,0.765,338,1102,493,266,87,403,595,2013-2014
223,Oral Roberts,33,17,16,0.515,-2.94,-4.43,10,8,9,4,5,11,2357,2287,1330,831,1806,0.46,157,447,0.351,538,747,0.72,364,1168,398,172,147,376,644,2013-2014
224,Oregon,34,24,10,0.706,15.75,8.05,10,8,15,3,5,5,2783,2521,1385,928,1977,0.469,259,666,0.389,668,865,0.772,356,1159,492,263,113,389,725,2013-2014
225,Oregon State,32,16,16,0.5,6.03,5.87,8,10,12,5,3,9,2425,2420,1295,825,1689,0.488,177,451,0.392,598,860,0.695,312,1097,430,155,152,432,607,2013-2014
226,Pacific,34,18,16,0.529,1.74,3.25,6,12,10,5,5,9,2484,2523,1365,842,1889,0.446,216,600,0.36,584,763,0.765,375,1177,423,173,61,415,767,2013-2014
227,Penn State,34,16,18,0.471,7.68,7.06,6,12,10,8,4,8,2409,2388,1375,820,1915,0.428,210,659,0.319,559,754,0.741,357,1197,384,154,159,361,711,2013-2014
228,Pennsylvania,28,8,20,0.286,-6.59,-0.01,5,9,6,8,2,12,1911,2095,1125,684,1517,0.451,140,436,0.321,403,594,0.678,268,939,408,163,97,452,633,2013-2014
229,Pepperdine,31,15,16,0.484,0.8,2.6,8,10,8,6,6,7,2206,2247,1245,773,1701,0.454,197,551,0.358,463,661,0.7,314,1075,428,148,134,379,584,2013-2014
230,Pittsburgh,36,26,10,0.722,17.46,7.54,11,7,13,5,7,2,2586,2229,1466,895,1944,0.46,183,522,0.351,613,861,0.712,432,1291,563,254,107,373,620,2013-2014
231,Portland,31,15,16,0.484,4.77,1.73,7,11,10,6,3,9,2327,2233,1270,810,1778,0.456,191,485,0.394,516,702,0.735,339,1116,472,184,128,366,620,2013-2014
232,Portland State,32,17,15,0.531,-7.59,-5.59,11,9,12,5,4,9,2320,2311,1310,802,1729,0.464,196,543,0.361,520,711,0.731,285,979,411,194,69,366,616,2013-2014
233,Prairie View,34,11,23,0.324,-16.72,-7.99,6,12,6,6,2,16,2362,2623,1405,813,1949,0.417,223,651,0.343,513,791,0.649,403,1164,362,243,89,490,746,2013-2014
234,Presbyterian,32,6,26,0.188,-20.71,-7.51,2,14,5,8,1,15,2092,2445,1280,772,1724,0.448,190,538,0.353,358,529,0.677,244,980,372,141,96,398,494,2013-2014
235,Princeton,30,21,9,0.7,3.01,-2.4,8,6,11,2,9,6,2118,1931,1220,704,1592,0.442,278,774,0.359,432,599,0.721,252,982,431,189,109,335,508,2013-2014
236,Providence,35,23,12,0.657,11.37,7.85,10,8,13,3,5,6,2566,2443,1450,849,1984,0.428,218,628,0.347,650,831,0.782,432,1278,476,194,173,406,603,2013-2014
237,Purdue,32,15,17,0.469,8.21,7.62,5,13,12,5,2,8,2312,2293,1310,822,1926,0.427,176,538,0.327,492,733,0.671,446,1256,419,179,168,393,662,2013-2014
238,Purdue Fort Wayne,36,25,11,0.694,-0.2,-3.87,10,4,13,2,8,8,2774,2555,1405,975,1979,0.493,285,726,0.393,539,813,0.663,377,1182,524,245,90,440,602,2013-2014
239,Quinnipiac,32,20,12,0.625,-0.13,-2.41,14,6,10,3,8,8,2521,2448,1290,835,1968,0.424,173,485,0.357,678,947,0.716,535,1454,404,115,147,402,623,2013-2014
240,Radford,35,22,13,0.629,-7.9,-8.31,10,6,10,4,9,8,2729,2600,1405,972,2035,0.478,221,610,0.362,564,820,0.688,397,1213,460,247,128,383,662,2013-2014
241,Rhode Island,32,14,18,0.438,2.87,3.26,5,11,10,6,3,11,2169,2178,1285,754,1703,0.443,152,474,0.321,509,779,0.653,356,1154,385,158,166,451,651,2013-2014
242,Rice,30,7,23,0.233,-9.43,-0.43,2,14,5,9,1,11,1853,2083,1225,637,1582,0.403,237,733,0.323,342,527,0.649,233,971,414,140,57,394,569,2013-2014
243,Richmond,33,19,14,0.576,5.7,4.3,8,8,12,4,5,8,2196,2150,1340,750,1777,0.422,209,649,0.322,487,728,0.669,304,1074,349,193,142,351,636,2013-2014
244,Rider,31,14,17,0.452,-4.34,-1.69,9,11,6,7,6,8,2292,2374,1260,743,1704,0.436,237,597,0.397,569,778,0.731,338,1040,377,188,89,409,623,2013-2014
245,Robert Morris,36,22,14,0.611,-3.52,-3.79,14,2,12,3,10,11,2593,2583,1445,890,2033,0.438,271,703,0.385,542,745,0.728,384,1205,445,255,65,411,656,2013-2014
246,Rutgers,33,12,21,0.364,-0.29,5.8,5,13,10,10,1,10,2347,2515,1320,823,1931,0.426,199,593,0.336,502,711,0.706,399,1169,418,190,140,417,681,2013-2014
247,Sacramento State,30,14,16,0.467,-8.04,-5.54,10,10,11,3,3,12,2070,2079,1210,735,1598,0.46,183,491,0.373,417,575,0.725,281,947,402,158,42,338,634,2013-2014
248,Sacred Heart,31,5,26,0.161,-12.93,-5.97,2,14,1,10,4,13,2162,2378,1255,758,1836,0.413,197,603,0.327,449,655,0.685,379,1070,388,166,65,378,618,2013-2014
249,Saint Francis (PA),31,10,21,0.323,-13.2,-5.65,7,9,5,8,5,13,1916,2150,1240,675,1649,0.409,220,688,0.32,346,539,0.642,280,934,361,176,85,333,481,2013-2014
250,Saint Joseph's,34,24,10,0.706,9.05,5.08,11,5,11,4,8,4,2433,2298,1365,840,1789,0.47,250,660,0.379,503,780,0.645,319,1218,476,151,154,409,544,2013-2014
251,Saint Louis,34,27,7,0.794,11.63,4.24,13,3,14,3,11,1,2374,2105,1375,829,1869,0.444,190,601,0.316,526,755,0.697,345,1231,482,253,138,431,597,2013-2014
252,Saint Mary's (CA),35,23,12,0.657,9.35,4.29,11,7,16,3,6,6,2502,2292,1406,819,1818,0.45,246,640,0.384,618,873,0.708,407,1188,430,203,117,409,678,2013-2014
253,Saint Peter's,31,14,17,0.452,-5.88,-3.27,9,11,8,5,5,11,1961,2042,1250,659,1618,0.407,163,516,0.316,480,682,0.704,329,1053,303,199,135,373,568,2013-2014
254,Sam Houston,35,24,11,0.686,-4.45,-7.6,13,5,12,2,7,7,2647,2431,1420,875,1893,0.462,250,638,0.392,647,969,0.668,416,1220,551,236,122,447,746,2013-2014
255,Samford,33,13,20,0.394,-14.91,-7.41,6,10,10,4,2,15,2327,2521,1325,849,1792,0.474,161,488,0.33,468,692,0.676,299,1058,450,185,99,421,694,2013-2014
256,San Diego,35,18,17,0.514,2.16,1.97,7,11,10,7,6,8,2362,2283,1400,816,1815,0.45,225,600,0.375,505,726,0.696,335,1160,410,202,137,415,652,2013-2014
257,San Diego State,36,31,5,0.861,14.95,4.86,16,2,15,1,9,2,2530,2052,1450,873,2009,0.435,186,519,0.358,598,902,0.663,470,1364,356,274,183,355,600,2013-2014
258,San Francisco,33,21,12,0.636,5.92,4.28,13,5,13,6,7,5,2469,2357,1341,861,1819,0.473,224,618,0.362,523,807,0.648,372,1176,479,177,85,381,644,2013-2014
259,San Jose State,31,7,24,0.226,-7.96,3.05,1,17,4,9,3,12,1938,2222,1255,631,1686,0.374,265,797,0.332,411,569,0.722,322,1106,346,133,86,416,637,2013-2014
260,Santa Clara,33,14,19,0.424,0.88,3.01,6,12,7,8,5,8,2340,2325,1325,788,1853,0.425,248,678,0.366,516,704,0.733,343,1057,403,200,137,329,663,2013-2014
261,Savannah State,32,13,19,0.406,-9.57,-5.37,10,6,7,5,5,11,1968,2057,1295,693,1653,0.419,157,502,0.313,425,652,0.652,352,1072,334,223,157,502,669,2013-2014
262,Seattle,30,13,17,0.433,-5.86,-4.11,5,11,7,7,5,9,2139,2119,1215,760,1798,0.423,222,657,0.338,397,609,0.652,421,1151,394,192,91,419,662,2013-2014
263,Seton Hall,34,17,17,0.5,7.53,5.56,6,12,10,8,4,7,2442,2375,1385,816,1797,0.454,252,704,0.358,558,774,0.721,288,1103,452,226,93,415,675,2013-2014
264,Siena,38,20,18,0.526,-0.86,-0.15,11,9,14,5,6,9,2635,2662,1540,908,2165,0.419,169,516,0.328,650,903,0.72,525,1429,514,222,178,523,854,2013-2014
265,South Alabama,31,11,20,0.355,-5.08,-0.51,5,13,10,6,1,12,2136,2182,1260,716,1776,0.403,241,724,0.333,463,679,0.682,379,1155,349,153,123,380,621,2013-2014
266,South Carolina,34,14,20,0.412,5.41,6.96,5,13,9,7,1,11,2323,2376,1360,765,1853,0.413,195,516,0.378,598,847,0.706,468,1202,416,214,128,485,771,2013-2014
267,South Carolina State,30,9,21,0.3,-17.21,-5.96,5,11,7,6,2,14,1883,2180,1220,676,1709,0.396,148,524,0.282,383,587,0.652,401,1090,364,168,99,452,577,2013-2014
268,South Carolina Upstate,34,19,15,0.559,-2.02,-4.61,11,7,12,3,5,12,2492,2349,1380,890,1966,0.453,210,666,0.315,502,744,0.675,424,1240,526,227,118,413,619,2013-2014
269,South Dakota,30,12,18,0.4,-7.07,-0.81,6,8,10,3,2,13,2084,2152,1205,713,1613,0.442,191,539,0.354,467,622,0.751,263,983,381,163,113,371,522,2013-2014
270,South Dakota State,32,19,13,0.594,-0.17,-1.93,10,4,10,3,7,8,2315,2198,1280,769,1719,0.447,209,605,0.345,568,751,0.756,317,1138,421,174,102,381,561,2013-2014
271,South Florida,32,12,20,0.375,-0.52,4.6,3,15,7,10,5,7,2100,2264,1295,751,1729,0.434,97,376,0.258,501,757,0.662,354,1122,402,186,118,411,566,2013-2014
272,Southeast Missouri State,32,18,14,0.563,-5.49,-6.59,8,8,9,4,5,9,2654,2514,1297,961,1924,0.499,218,607,0.359,514,743,0.692,360,1191,533,228,136,419,641,2013-2014
273,Southeastern Louisiana,30,12,18,0.4,-13.06,-7.67,7,11,8,5,4,11,2085,2172,1210,714,1612,0.443,204,560,0.364,453,650,0.697,256,958,351,137,124,363,593,2013-2014
274,Southern,32,19,13,0.594,-4.22,-7.95,15,3,10,4,9,8,2278,2006,1290,823,1822,0.452,188,554,0.339,444,718,0.618,380,1236,419,199,156,425,685,2013-2014
275,Southern California,32,11,21,0.344,2.6,8.02,2,16,8,8,2,10,2258,2410,1295,801,1824,0.439,146,501,0.291,510,761,0.67,354,1185,404,174,141,449,628,2013-2014
276,Southern Illinois,33,14,19,0.424,-0.46,0.23,9,9,9,5,3,11,2208,2208,1325,781,1717,0.455,148,449,0.33,498,741,0.672,371,1104,330,237,70,404,632,2013-2014
277,SIU Edwardsville,31,11,20,0.355,-10.61,-5.33,7,9,9,5,2,12,2264,2364,1245,806,1715,0.47,223,590,0.378,429,645,0.665,298,963,436,212,94,429,627,2013-2014
278,Southern Methodist,37,27,10,0.73,13.73,4.97,12,6,18,1,6,6,2627,2303,1480,937,1938,0.483,174,459,0.379,579,848,0.683,402,1333,560,282,165,493,692,2013-2014
279,Southern Mississippi,36,29,7,0.806,6.84,-0.08,13,3,15,0,10,6,2596,2280,1445,873,1884,0.463,201,576,0.349,649,956,0.679,443,1286,507,294,74,466,743,2013-2014
280,Southern Utah,29,2,27,0.069,-19.9,-3.19,1,19,2,11,0,16,1710,2171,1165,591,1462,0.404,131,401,0.327,397,576,0.689,234,827,313,129,94,403,675,2013-2014
281,St. Bonaventure,33,18,15,0.545,5.92,2.64,6,10,10,4,4,9,2421,2313,1320,856,1881,0.455,155,475,0.326,554,774,0.716,418,1164,443,230,139,423,668,2013-2014
282,St. Francis (NY),32,18,14,0.563,-4.64,-5.9,9,7,10,3,7,11,2207,2139,1295,781,1813,0.431,195,619,0.315,450,659,0.683,383,1189,399,181,170,421,639,2013-2014
283,St. John's (NY),33,20,13,0.606,11.68,6.56,10,8,14,5,4,5,2403,2234,1345,867,1948,0.445,164,470,0.349,505,722,0.699,372,1216,434,224,249,353,623,2013-2014
284,Stanford,36,23,13,0.639,13.42,9,10,8,12,4,6,5,2616,2457,1445,896,1950,0.459,208,571,0.364,616,877,0.702,347,1257,415,191,154,409,655,2013-2014
285,Stephen F. Austin,35,32,3,0.914,4.82,-6.76,18,0,15,0,14,2,2661,2219,1410,922,1992,0.463,248,718,0.345,569,800,0.711,451,1186,574,257,104,393,730,2013-2014
286,Stetson,31,7,24,0.226,-15.81,-4.97,5,13,6,6,1,15,1916,2252,1248,683,1628,0.42,159,541,0.294,391,590,0.663,294,926,370,174,116,383,529,2013-2014
287,Stony Brook,34,23,11,0.676,-1.71,-6.47,13,3,12,3,8,6,2426,2253,1367,860,1900,0.453,184,518,0.355,522,725,0.72,394,1251,434,200,108,426,647,2013-2014
288,Syracuse,34,28,6,0.824,16.05,7.25,14,4,16,2,8,2,2311,2012,1370,819,1873,0.437,167,505,0.331,506,715,0.708,446,1200,402,271,171,306,546,2013-2014
289,TCU,31,9,22,0.29,-1.33,7.9,0,18,5,10,3,9,1973,2247,1240,654,1623,0.403,146,454,0.322,519,709,0.732,259,928,354,185,100,362,534,2013-2014
290,Temple,31,9,22,0.29,2.69,6.88,4,14,4,9,2,9,2291,2421,1265,828,1934,0.428,201,594,0.338,434,614,0.707,383,1102,421,180,109,327,573,2013-2014
291,Tennessee,37,24,13,0.649,17.34,7.84,11,7,14,3,4,7,2672,2283,1490,927,2048,0.453,205,631,0.325,613,852,0.719,501,1424,472,192,172,388,617,2013-2014
292,Tennessee State,30,5,25,0.167,-9.82,-1.99,4,12,3,10,2,13,2061,2265,1205,707,1647,0.429,147,502,0.293,500,714,0.7,344,1007,314,163,84,371,641,2013-2014
293,Tennessee Tech,33,17,16,0.515,-8.09,-4.57,9,7,10,4,6,9,2376,2376,1319,822,1810,0.454,185,565,0.327,547,808,0.677,390,1171,408,245,154,487,729,2013-2014
294,Tennessee-Martin,31,8,23,0.258,-13.45,-4.82,3,13,5,10,3,13,2304,2526,1240,792,1870,0.424,218,636,0.343,502,692,0.725,350,982,426,234,82,361,654,2013-2014
295,Texas,35,24,11,0.686,12.67,9.15,11,7,16,2,4,6,2598,2475,1405,905,2095,0.432,178,545,0.327,610,909,0.671,528,1449,452,199,206,426,669,2013-2014
296,Texas A&M,34,18,16,0.529,5.5,3.62,8,10,17,3,1,9,2199,2135,1385,774,1821,0.425,197,621,0.317,454,707,0.642,325,1147,439,218,130,386,609,2013-2014
297,Texas A&M-Corpus Christi,34,18,16,0.529,-6.41,-6.69,14,4,10,7,8,8,2350,2312,1365,837,1764,0.474,148,405,0.365,528,796,0.663,365,1135,425,224,98,405,685,2013-2014
298,Texas Southern,34,19,15,0.559,-8.41,-10.07,12,6,9,2,6,11,2584,2512,1380,857,1854,0.462,217,603,0.36,653,910,0.718,386,1246,476,155,124,454,561,2013-2014
299,Texas State,31,8,23,0.258,-7.74,-1.4,4,14,5,9,1,13,1903,2047,1245,697,1604,0.435,145,474,0.306,364,549,0.663,313,1004,344,182,87,425,561,2013-2014
300,Texas Tech,32,14,18,0.438,8.61,8.61,6,12,11,6,2,10,2190,2190,1285,783,1718,0.456,140,450,0.311,484,665,0.728,377,1054,366,196,117,385,605,2013-2014
301,Texas-Rio Grande Valley,32,9,23,0.281,-10.65,-4.42,5,11,3,10,5,11,2101,2262,1305,755,1828,0.413,155,555,0.279,436,660,0.661,349,1058,400,224,75,391,663,2013-2014
302,The Citadel,33,7,26,0.212,-17.61,-6.75,2,14,6,8,0,15,2211,2453,1330,764,1778,0.43,210,582,0.361,473,655,0.722,295,1092,442,137,95,412,630,2013-2014
303,Toledo,34,27,7,0.794,3.3,-1.46,14,4,15,0,9,6,2694,2490,1370,929,1996,0.465,193,560,0.345,643,887,0.725,421,1218,508,231,101,346,592,2013-2014
304,Towson,36,25,11,0.694,0.55,-3.06,13,3,15,1,9,8,2633,2477,1445,867,1910,0.454,213,596,0.357,686,998,0.687,433,1395,355,147,177,415,711,2013-2014
305,Troy,31,11,20,0.355,-6.17,-2.9,6,12,8,6,3,11,2121,2171,1259,703,1688,0.416,219,645,0.34,496,750,0.661,361,1102,343,182,78,377,493,2013-2014
306,Tulane,34,17,17,0.5,-7.89,-1.73,8,8,12,7,4,6,2164,2357,1365,694,1681,0.413,205,584,0.351,571,823,0.694,351,1146,314,163,97,436,630,2013-2014
307,Tulsa,34,21,13,0.618,6.23,1.17,13,3,11,3,6,7,2471,2299,1370,835,1899,0.44,197,603,0.327,604,894,0.676,368,1231,427,232,127,394,725,2013-2014
308,UAB,31,18,13,0.581,0.78,-0.77,7,9,12,5,5,5,2266,2180,1255,800,1919,0.417,158,525,0.301,508,772,0.658,508,1381,392,169,128,403,543,2013-2014
309,UC Davis,31,9,22,0.29,-11.55,-1.76,4,12,6,9,1,13,2174,2408,1270,745,1701,0.438,245,687,0.357,439,631,0.696,255,887,372,159,70,373,606,2013-2014
310,UC Irvine,35,23,12,0.657,4.35,-0.65,13,3,12,4,10,7,2468,2231,1415,909,1932,0.47,197,557,0.354,453,707,0.641,380,1350,546,195,224,444,644,2013-2014
311,UC Riverside,31,10,21,0.323,-7.64,-2.33,5,11,8,7,2,13,2117,2214,1260,740,1710,0.433,138,457,0.302,499,711,0.702,319,1051,349,199,134,408,599,2013-2014
312,UC Santa Barbara,30,21,9,0.7,4.23,-0.13,12,4,10,3,9,5,2137,1960,1215,731,1574,0.464,210,546,0.385,465,657,0.708,306,1059,478,149,145,335,564,2013-2014
313,UCF,31,13,18,0.419,2.35,5.14,4,14,10,7,2,10,2253,2281,1260,803,1831,0.439,215,642,0.335,432,704,0.614,441,1184,389,213,137,424,556,2013-2014
314,UCLA,37,28,9,0.757,18.4,7.62,12,6,16,2,5,5,3003,2604,1490,1073,2196,0.489,229,603,0.38,628,839,0.749,368,1308,636,341,111,379,652,2013-2014
315,UNC Asheville,32,17,15,0.531,-6.81,-5.5,10,6,11,2,5,10,2486,2424,1290,836,1832,0.456,223,601,0.371,591,793,0.745,385,1202,402,207,191,438,612,2013-2014
316,UNC Greensboro,32,14,18,0.438,-12.33,-6.12,7,9,9,7,4,8,2267,2373,1290,808,1835,0.44,167,488,0.342,484,704,0.688,336,1172,380,180,75,447,681,2013-2014
317,UNC Wilmington,32,9,23,0.281,-8.75,-0.78,3,13,6,8,3,14,2018,2221,1300,741,1841,0.402,139,509,0.273,397,606,0.655,390,1148,346,191,129,367,581,2013-2014
318,UT Arlington,32,15,17,0.469,-4.92,-0.92,9,9,9,5,5,11,2443,2488,1304,815,1865,0.437,259,748,0.346,554,785,0.706,373,1185,390,163,120,431,634,2013-2014
319,Utah,33,21,12,0.636,12.66,6.21,9,9,18,2,2,9,2479,2122,1335,869,1781,0.488,204,581,0.351,537,723,0.743,299,1162,504,222,149,396,563,2013-2014
320,Utah State,32,18,14,0.563,4.77,3.09,7,11,13,5,4,7,2215,2132,1290,782,1732,0.452,220,542,0.406,431,587,0.734,347,1166,510,110,116,353,565,2013-2014
321,Utah Valley,32,20,12,0.625,-4.42,-3.65,13,3,13,2,6,9,2161,2093,1285,731,1676,0.436,208,600,0.347,491,650,0.755,294,1087,453,159,89,355,536,2013-2014
322,UTEP,34,23,11,0.676,4.39,0.05,12,4,14,6,8,2,2347,2152,1370,797,1714,0.465,151,457,0.33,602,880,0.684,348,1233,458,170,138,451,618,2013-2014
323,UTSA,30,8,22,0.267,-11.1,-1.03,4,12,7,9,1,12,2066,2304,1205,654,1545,0.423,181,547,0.331,577,836,0.69,360,1038,316,181,55,473,619,2013-2014
324,Valparaiso,34,18,16,0.529,0.21,-0.24,9,7,12,6,5,9,2439,2283,1375,813,1738,0.468,233,624,0.373,580,790,0.734,337,1220,437,190,173,506,706,2013-2014
325,Vanderbilt,31,15,16,0.484,5.52,6.49,7,11,10,6,3,8,2002,2032,1250,689,1598,0.431,191,599,0.319,433,658,0.658,305,1069,404,145,138,414,541,2013-2014
326,Vermont,33,22,11,0.667,4.52,-4.57,15,1,10,2,9,8,2334,2000,1325,785,1673,0.469,195,487,0.4,569,785,0.725,327,1131,424,238,140,396,615,2013-2014
327,Villanova,34,29,5,0.853,18.97,7.5,16,2,15,1,10,2,2651,2261,1385,870,1907,0.456,304,855,0.356,607,848,0.716,379,1263,523,236,141,406,672,2013-2014
328,Virginia,37,30,7,0.811,18.38,7.86,16,2,15,2,7,4,2449,2060,1486,855,1884,0.454,206,559,0.369,533,792,0.673,379,1312,484,193,150,362,594,2013-2014
329,Virginia Commonwealth,35,26,9,0.743,14.55,4.78,12,4,15,0,6,5,2624,2282,1420,922,2196,0.42,260,744,0.349,520,772,0.674,479,1317,459,391,150,423,686,2013-2014
330,VMI,35,22,13,0.629,-5.53,-6.33,11,5,14,3,7,9,3089,2891,1430,1088,2441,0.446,313,962,0.325,600,842,0.713,503,1452,491,254,218,371,661,2013-2014
331,Virginia Tech,31,9,22,0.29,1.9,5.99,2,16,8,10,1,8,1950,2077,1255,665,1639,0.406,215,596,0.361,405,625,0.648,336,1138,338,101,141,392,524,2013-2014
332,Wagner,31,19,12,0.613,-3.83,-6.73,12,4,10,3,8,7,2217,2122,1250,776,1849,0.42,169,505,0.335,496,679,0.73,404,1221,356,195,200,395,634,2013-2014
333,Wake Forest,33,17,16,0.515,5.49,6.73,6,12,14,4,1,9,2300,2341,1324,784,1740,0.451,166,505,0.329,566,871,0.65,336,1143,440,181,132,410,636,2013-2014
334,Washington,32,17,15,0.531,6.26,6.45,9,9,14,4,3,8,2384,2390,1290,835,1871,0.446,187,552,0.339,527,695,0.758,354,1105,427,172,92,365,618,2013-2014
335,Washington State,31,10,21,0.323,1.34,7.24,3,15,7,8,1,10,1934,2081,1250,654,1633,0.4,234,713,0.328,392,596,0.658,308,1016,325,159,89,355,565,2013-2014
336,Weber State,31,19,12,0.613,-0.92,-4.23,14,6,13,2,5,9,2254,2061,1260,732,1541,0.475,222,566,0.392,568,767,0.741,265,1065,407,131,123,382,558,2013-2014
337,West Virginia,33,17,16,0.515,11.78,8.02,9,9,11,5,3,9,2546,2422,1330,866,1973,0.439,258,678,0.381,556,771,0.721,393,1176,432,206,99,323,684,2013-2014
338,Western Carolina,34,19,15,0.559,-6.75,-6.43,10,6,11,2,5,11,2524,2469,1381,868,2041,0.425,248,706,0.351,540,754,0.716,461,1226,415,248,165,413,759,2013-2014
339,Western Illinois,30,10,20,0.333,-7.55,-2.74,4,10,7,5,1,13,1838,1880,1210,667,1467,0.455,142,418,0.34,362,545,0.664,238,914,373,180,87,400,553,2013-2014
340,Western Kentucky,32,20,12,0.625,-1.47,-1.34,12,6,13,4,7,7,2196,2162,1295,732,1766,0.414,235,698,0.337,495,755,0.656,401,1171,361,165,78,434,608,2013-2014
341,Western Michigan,33,23,10,0.697,1.73,-1.45,14,4,13,2,6,7,2373,2235,1340,779,1684,0.463,195,593,0.329,620,856,0.724,323,1143,376,194,111,464,602,2013-2014
342,Wichita State,36,35,1,0.972,16.65,1.74,18,0,17,0,12,0,2706,2141,1445,896,1942,0.461,250,713,0.351,664,916,0.725,419,1381,491,247,184,374,611,2013-2014
343,William & Mary,32,20,12,0.625,-1.48,-2.29,10,6,10,4,8,6,2340,2281,1285,798,1676,0.476,281,705,0.399,463,667,0.694,250,994,447,177,104,331,519,2013-2014
344,Winthrop,33,20,13,0.606,-6.43,-6.56,10,6,12,3,5,10,2442,2355,1345,821,1843,0.445,272,686,0.397,528,741,0.713,333,1072,378,211,89,412,649,2013-2014
345,Wisconsin,38,30,8,0.789,19.69,10.19,12,6,14,3,8,3,2793,2432,1525,927,2019,0.459,297,790,0.376,642,861,0.746,337,1266,468,183,127,307,574,2013-2014
346,Wofford,33,20,13,0.606,-4.32,-5.95,11,5,9,4,8,8,2205,2054,1325,808,1804,0.448,196,544,0.36,393,592,0.664,352,1090,423,205,54,351,578,2013-2014
347,Wright State,36,21,15,0.583,0.21,-2.8,10,6,13,3,5,12,2419,2234,1440,817,1793,0.456,220,609,0.361,565,765,0.739,263,1061,493,254,110,480,708,2013-2014
348,Wyoming,33,18,15,0.545,4.4,2.34,9,9,14,4,3,11,2130,2035,1340,724,1533,0.472,189,538,0.351,493,689,0.716,171,953,412,155,124,346,553,2013-2014
349,Xavier,34,21,13,0.618,11.84,8.14,10,8,15,2,4,6,2442,2316,1370,869,1850,0.47,174,500,0.348,530,770,0.688,379,1213,497,196,97,421,674,2013-2014
350,Yale,33,19,14,0.576,-1.66,-1.28,9,5,9,4,9,10,2209,2182,1326,721,1725,0.418,175,532,0.329,592,853,0.694,398,1179,379,203,138,427,637,2013-2014
351,Youngstown State,32,15,17,0.469,-2.3,-1.26,6,10,11,4,2,13,2461,2370,1305,836,1822,0.459,249,712,0.35,540,735,0.735,297,1065,499,213,86,357,607,2013-2014
1,Abilene Christian,31,10,21,0.323,-17.2,-6.34,4,14,7,6,1,14,1976,2186,1240,695,1684,0.413,232,610,0.38,354,487,0.727,274,897,394,203,38,399,661,2014-2015
2,Air Force,31,14,17,0.452,-1.85,-0.71,6,12,11,5,1,11,2037,2017,1245,742,1565,0.474,232,625,0.371,321,487,0.659,265,930,483,195,65,366,552,2014-2015
3,Akron,35,21,14,0.6,3.65,-0.47,9,9,15,3,2,9,2382,2203,1406,824,1982,0.416,328,937,0.35,406,617,0.658,420,1249,435,230,155,422,654,2014-2015
4,Alabama,34,19,15,0.559,10.52,8.09,8,10,14,5,4,8,2280,2180,1371,760,1724,0.441,221,697,0.317,539,752,0.717,325,1122,350,219,125,407,654,2014-2015
5,Alabama A&M,29,9,20,0.31,-17.15,-9.62,8,10,4,7,5,12,1797,1988,1165,608,1533,0.397,166,577,0.288,415,643,0.645,367,998,354,165,68,413,573,2014-2015
6,Alabama State,29,19,10,0.655,-8.97,-12.71,14,4,9,3,8,5,2090,1937,1165,761,1738,0.438,172,480,0.358,396,609,0.65,389,1151,393,184,122,397,520,2014-2015
7,Albany (NY),33,24,9,0.727,-0.34,-5.18,15,1,12,3,12,5,2156,1996,1325,729,1666,0.438,205,572,0.358,493,650,0.758,334,1111,349,187,53,381,544,2014-2015
8,Alcorn State,32,6,26,0.188,-20.75,-9.95,4,14,4,7,1,15,2066,2377,1280,724,1864,0.388,155,553,0.28,463,704,0.658,376,1038,285,191,86,367,571,2014-2015
9,American,33,17,16,0.515,-3.56,-3.71,8,10,8,3,7,13,1938,1933,1339,683,1479,0.462,213,571,0.373,359,509,0.705,188,827,408,196,84,370,484,2014-2015
10,Appalachian State,29,12,17,0.414,-9.81,-3.18,9,11,7,5,5,12,1841,2033,1160,637,1602,0.398,186,588,0.316,381,537,0.709,329,1010,318,122,61,397,551,2014-2015
11,Arizona,38,34,4,0.895,24.33,7.41,16,2,17,0,8,3,2911,2268,1525,1009,2068,0.488,193,536,0.36,700,974,0.719,411,1399,528,275,131,419,681,2014-2015
12,Arizona State,34,18,16,0.529,9.52,6.66,9,9,15,3,3,10,2360,2263,1385,809,1818,0.445,231,660,0.35,511,766,0.667,365,1184,431,199,79,474,638,2014-2015
13,Arkansas,36,27,9,0.75,14.07,6.79,13,5,17,2,7,5,2787,2525,1450,978,2196,0.445,238,681,0.349,593,819,0.724,470,1290,579,277,168,430,684,2014-2015
14,Arkansas State,29,11,18,0.379,-10.1,-3.81,6,14,5,9,6,9,1869,2018,1170,664,1631,0.407,169,514,0.329,372,530,0.702,318,1038,321,154,89,390,496,2014-2015
15,Arkansas-Pine Bluff,32,12,20,0.375,-15.65,-8.61,9,9,5,4,5,13,1912,2140,1285,656,1638,0.4,203,611,0.332,397,584,0.68,326,927,323,283,108,489,623,2014-2015
16,Army,30,15,15,0.5,-6.5,-4.98,6,12,7,7,7,8,2164,2163,1215,779,1768,0.441,227,697,0.326,379,557,0.68,325,1033,437,192,106,396,612,2014-2015
17,Auburn,35,15,20,0.429,3.27,8.15,4,14,9,8,2,10,2378,2523,1415,760,1880,0.404,252,727,0.347,606,910,0.666,356,1104,376,238,89,452,708,2014-2015
18,Austin Peay,30,8,22,0.267,-12.45,-2.81,3,13,6,7,1,14,1937,2178,1200,663,1667,0.398,155,513,0.302,456,685,0.666,373,1043,360,191,124,428,514,2014-2015
19,Ball State,30,7,23,0.233,-5.06,0.04,2,16,6,9,1,14,1961,2070,1226,669,1580,0.423,234,684,0.342,389,561,0.693,303,980,383,159,71,424,576,2014-2015
20,Baylor,34,24,10,0.706,17.85,9.33,11,7,16,2,6,5,2349,2048,1370,813,1874,0.434,236,626,0.377,487,723,0.674,497,1333,497,263,132,434,565,2014-2015
21,Belmont,33,22,11,0.667,0.35,-2.77,11,5,12,2,7,8,2450,2330,1320,858,1803,0.476,329,866,0.38,405,585,0.692,307,1093,504,209,66,451,549,2014-2015
22,Bethune-Cookman,32,11,21,0.344,-15.52,-10.45,7,9,6,8,4,11,1899,2003,1280,627,1567,0.4,163,542,0.301,482,672,0.717,372,1056,264,174,84,449,623,2014-2015
23,Binghamton,32,6,26,0.188,-13.45,-3.49,5,11,5,9,1,15,1845,2124,1285,633,1598,0.396,171,554,0.309,408,618,0.66,288,992,278,186,80,433,577,2014-2015
24,Boise State,34,25,9,0.735,10.01,1.38,14,4,13,1,8,5,2390,2045,1385,831,1823,0.456,297,758,0.392,431,591,0.729,298,1119,409,206,79,348,582,2014-2015
25,Boston College,32,13,19,0.406,6.32,7.94,4,14,9,8,2,7,2105,2157,1300,743,1668,0.445,207,638,0.324,412,584,0.705,263,983,421,183,86,389,607,2014-2015
26,Boston University,30,13,17,0.433,-5.63,-3.12,9,9,8,6,5,10,2037,2087,1210,668,1498,0.446,232,631,0.368,469,674,0.696,263,953,368,170,56,369,522,2014-2015
27,Bowling Green State,33,21,12,0.636,2.93,-1.25,11,7,11,6,10,5,2196,2076,1325,778,1806,0.431,218,647,0.337,420,588,0.714,355,1156,406,219,123,386,550,2014-2015
28,Bradley,33,9,24,0.273,-4.3,1.52,3,15,7,9,1,10,1882,2026,1340,639,1700,0.376,179,594,0.301,425,641,0.663,377,1098,308,227,93,418,645,2014-2015
29,Brigham Young,35,25,10,0.714,13.53,5.02,13,5,13,3,8,3,2931,2561,1420,976,2090,0.467,300,763,0.393,679,886,0.766,421,1349,594,257,103,417,721,2014-2015
30,Brown,31,13,18,0.419,-7.23,-1.99,4,10,9,6,3,11,2048,2144,1245,686,1623,0.423,175,549,0.319,501,727,0.689,324,1129,369,139,138,460,591,2014-2015
31,Bryant,31,16,15,0.516,-6.28,-4.93,12,6,9,5,7,10,2058,2100,1255,709,1683,0.421,226,653,0.346,414,552,0.75,306,1029,381,157,77,366,560,2014-2015
32,Bucknell,34,19,15,0.559,-3.66,-2.75,13,5,12,4,6,11,2339,2346,1380,800,1828,0.438,233,605,0.385,506,726,0.697,340,1145,446,139,95,377,631,2014-2015
33,Buffalo,33,23,10,0.697,7.93,1.6,12,6,11,2,9,7,2462,2253,1320,837,1922,0.435,199,583,0.341,589,819,0.719,420,1260,433,248,132,378,613,2014-2015
34,Butler,34,23,11,0.676,16.64,8.62,12,6,13,3,7,4,2346,2073,1380,814,1882,0.433,192,540,0.356,526,767,0.686,408,1239,387,217,103,376,592,2014-2015
35,Cal Poly,29,13,16,0.448,-0.57,0.43,6,10,7,4,5,10,1752,1721,1170,620,1589,0.39,166,533,0.311,346,506,0.684,342,1002,295,158,87,255,465,2014-2015
36,Cal State Bakersfield,33,14,19,0.424,-6.4,-5.8,7,7,9,5,3,10,2100,2028,1345,715,1703,0.42,186,554,0.336,484,669,0.723,368,1143,427,190,59,409,673,2014-2015
37,Cal State Fullerton,31,9,22,0.29,-8.58,-1.06,1,15,6,9,1,13,1991,2155,1255,698,1695,0.412,167,523,0.319,428,623,0.687,323,1088,305,156,62,391,566,2014-2015
38,Cal State Northridge,33,9,24,0.273,-6.61,0.39,4,12,7,9,1,14,2148,2325,1330,740,1742,0.425,110,337,0.326,558,729,0.765,325,1133,443,180,125,435,597,2014-2015
39,California,33,18,15,0.545,5.36,6.15,7,11,11,7,5,6,2195,2221,1330,821,1868,0.44,185,515,0.359,368,567,0.649,299,1170,412,137,127,365,627,2014-2015
40,Campbell,32,10,22,0.313,-11.13,-5.3,4,14,9,6,1,15,2045,2124,1285,705,1654,0.426,262,736,0.356,373,597,0.625,305,988,419,226,92,403,576,2014-2015
41,Canisius,33,18,15,0.545,-0.04,-2.79,11,9,10,5,8,8,2168,2077,1330,762,1864,0.409,215,677,0.318,429,596,0.72,401,1157,465,223,108,393,608,2014-2015
42,Central Arkansas,29,2,27,0.069,-22.84,-5.94,2,16,2,11,0,16,1894,2384,1160,646,1524,0.424,196,556,0.353,406,599,0.678,273,903,361,182,114,529,604,2014-2015
43,Central Connecticut State,31,5,26,0.161,-16.56,-5.62,3,15,4,9,1,13,1834,2173,1245,674,1675,0.402,146,454,0.322,340,479,0.71,332,1046,340,153,109,425,429,2014-2015
44,Central Michigan,32,23,9,0.719,5.56,-1.1,12,6,16,1,6,7,2504,2187,1285,848,1816,0.467,322,864,0.373,486,670,0.725,327,1080,447,226,84,325,562,2014-2015
45,Charleston Southern,31,19,12,0.613,-4.48,-5.23,13,5,13,2,6,9,2277,2130,1259,777,1846,0.421,288,845,0.341,435,633,0.687,403,1171,397,214,69,354,540,2014-2015
46,Charlotte,32,14,18,0.438,1.76,0.35,7,11,7,6,5,9,2362,2317,1320,858,1853,0.463,201,533,0.377,445,685,0.65,382,1166,437,207,80,435,558,2014-2015
47,Chattanooga,32,22,10,0.688,-1.63,-4.06,15,3,15,2,7,7,2325,2141,1305,793,1754,0.452,217,621,0.349,522,762,0.685,371,1118,384,210,203,418,620,2014-2015
48,Chicago State,32,8,24,0.25,-14.76,-2.48,4,10,7,5,1,16,1855,2115,1285,659,1747,0.377,194,644,0.301,343,514,0.667,391,1050,295,268,93,471,680,2014-2015
49,Cincinnati,34,23,11,0.676,10.72,4.4,13,5,15,3,6,5,2113,1898,1380,761,1705,0.446,167,507,0.329,424,633,0.67,383,1178,394,222,185,432,507,2014-2015
50,Clemson,31,16,15,0.516,7.73,7.18,8,10,11,6,3,7,1944,1927,1250,689,1685,0.409,171,572,0.299,395,579,0.682,369,1122,330,168,148,365,502,2014-2015
51,Cleveland State,34,19,15,0.559,3.07,-0.78,11,5,12,3,6,12,2296,2098,1335,836,1820,0.459,247,646,0.382,395,575,0.687,353,1072,454,266,112,408,652,2014-2015
52,Coastal Carolina,34,24,10,0.706,-1.02,-6.18,12,6,14,2,8,7,2438,2121,1360,836,1899,0.44,228,633,0.36,538,780,0.69,447,1338,385,240,111,399,559,2014-2015
53,Colgate,33,16,17,0.485,-2.91,-3.41,12,6,10,5,6,12,2177,2125,1345,804,1661,0.484,253,649,0.39,316,453,0.698,229,994,446,170,89,379,557,2014-2015
54,College of Charleston,33,9,24,0.273,-7.23,-1.26,3,15,5,9,2,12,1934,2131,1330,686,1708,0.402,197,575,0.343,365,553,0.66,314,1064,317,182,96,397,679,2014-2015
55,Colorado,34,16,18,0.471,7.01,6.19,7,11,12,5,2,11,2345,2317,1380,812,1861,0.436,179,535,0.335,542,760,0.713,400,1269,400,194,133,450,614,2014-2015
56,Colorado State,34,27,7,0.794,8.12,0.69,13,5,15,2,8,4,2454,2181,1365,837,1901,0.44,245,699,0.351,535,794,0.674,411,1287,499,190,116,361,573,2014-2015
57,Columbia,28,13,15,0.464,-0.38,-1.49,5,9,9,7,4,7,1816,1737,1120,637,1453,0.438,244,670,0.364,298,416,0.716,287,916,333,137,100,328,502,2014-2015
58,Connecticut,35,20,15,0.571,8.28,4.22,10,8,11,5,4,7,2243,2101,1405,800,1824,0.439,226,637,0.355,417,590,0.707,331,1178,416,166,183,404,573,2014-2015
59,Coppin State,31,8,23,0.258,-17.84,-4.78,6,10,4,7,3,15,2219,2558,1240,758,1906,0.398,295,826,0.357,408,590,0.692,319,994,390,207,99,418,632,2014-2015
60,Cornell,30,13,17,0.433,-3.58,-1.92,5,9,8,5,5,9,1868,1838,1210,615,1558,0.395,181,579,0.313,457,610,0.749,248,981,312,187,142,359,569,2014-2015
61,Creighton,33,14,19,0.424,7.48,7.05,4,14,9,8,3,9,2221,2207,1340,746,1776,0.42,262,759,0.345,467,644,0.725,348,1139,449,147,77,391,591,2014-2015
62,Dartmouth,29,14,15,0.483,-3.11,-3.32,7,7,8,4,6,11,1835,1829,1170,657,1510,0.435,173,500,0.346,348,539,0.646,298,949,357,222,101,373,557,2014-2015
63,Davidson,32,24,8,0.75,11.97,3.19,14,4,14,1,9,4,2529,2221,1285,898,1924,0.467,343,877,0.391,390,553,0.705,335,1144,547,171,93,303,601,2014-2015
64,Dayton,36,27,9,0.75,10.98,4.06,13,5,16,0,5,6,2439,2190,1445,810,1755,0.462,239,670,0.357,580,846,0.686,255,1121,490,250,91,415,573,2014-2015
65,Delaware,30,10,20,0.333,-7.76,-1.69,9,9,5,8,5,10,1979,2161,1215,675,1646,0.41,199,576,0.345,430,627,0.686,314,1061,376,128,108,367,522,2014-2015
66,Delaware State,36,18,18,0.5,-10.78,-6.75,9,7,6,6,9,11,2533,2607,1445,888,2121,0.419,282,798,0.353,475,672,0.707,424,1375,430,179,141,484,614,2014-2015
67,Denver,30,12,18,0.4,-3.96,-3.13,6,10,9,7,3,10,1865,1890,1215,657,1369,0.48,224,589,0.38,327,427,0.766,148,717,457,179,55,338,611,2014-2015
68,DePaul,32,12,20,0.375,3.3,7.49,6,12,9,7,3,9,2220,2354,1285,757,1739,0.435,248,705,0.352,458,635,0.721,292,969,395,212,122,428,679,2014-2015
69,Detroit Mercy,33,15,18,0.455,-2.25,0.13,7,9,10,6,3,11,2334,2335,1335,840,1889,0.445,231,602,0.384,423,619,0.683,343,1109,444,254,112,436,687,2014-2015
70,Drake,31,9,22,0.29,-6.04,2.22,6,12,8,7,1,11,1844,2070,1250,637,1396,0.456,200,490,0.408,370,482,0.768,192,810,370,138,60,409,485,2014-2015
71,Drexel,30,11,19,0.367,-5.71,-0.85,9,9,5,9,5,6,1787,1930,1205,614,1569,0.391,176,540,0.326,383,514,0.745,287,948,317,155,110,313,523,2014-2015
72,Duke,39,35,4,0.897,24.97,9.87,15,3,15,1,9,2,3091,2502,1570,1099,2191,0.502,283,732,0.387,610,873,0.699,445,1436,588,278,149,421,607,2014-2015
73,Duquesne,31,12,19,0.387,-2.93,1.41,6,12,9,7,2,10,2213,2303,1245,803,1788,0.449,245,663,0.37,362,577,0.627,353,1124,466,159,104,381,558,2014-2015
74,East Carolina,33,14,19,0.424,-2.84,1,6,12,11,5,1,11,2116,2176,1325,750,1777,0.422,233,663,0.351,383,563,0.68,333,1048,443,208,64,379,571,2014-2015
75,East Tennessee State,30,16,14,0.533,-4.8,-4.01,8,10,10,4,6,9,2201,2140,1210,722,1712,0.422,280,764,0.366,477,661,0.722,331,1052,382,235,83,381,611,2014-2015
76,Eastern Illinois,33,18,15,0.545,-5.52,-2.42,9,7,9,5,7,8,2097,2136,1330,746,1696,0.44,241,643,0.375,364,558,0.652,255,1003,435,186,141,396,535,2014-2015
77,Eastern Kentucky,33,21,12,0.636,-0.03,-4.16,11,5,13,4,8,7,2373,2100,1330,818,1763,0.464,299,837,0.357,438,562,0.779,225,876,495,321,98,374,556,2014-2015
78,Eastern Michigan,35,21,14,0.6,1.96,-0.14,8,10,16,3,4,10,2429,2230,1415,806,1963,0.411,230,742,0.31,587,817,0.718,403,1271,371,305,157,411,659,2014-2015
79,Eastern Washington,35,26,9,0.743,0.79,-3.84,14,4,13,2,11,6,2820,2588,1410,977,2045,0.478,344,860,0.4,522,719,0.726,351,1183,454,219,167,376,624,2014-2015
80,Elon,33,15,18,0.455,-5.91,-2.69,6,12,8,6,5,10,2329,2329,1335,807,1906,0.423,240,684,0.351,475,695,0.683,355,1151,394,213,45,440,691,2014-2015
81,Evansville,36,24,12,0.667,3.36,-0.07,9,9,14,5,8,5,2552,2361,1455,899,1854,0.485,153,431,0.355,601,803,0.748,284,1168,574,210,129,455,619,2014-2015
82,Fairfield,31,7,24,0.226,-8.63,-2.31,5,15,4,11,2,11,1845,2041,1265,614,1578,0.389,198,614,0.322,419,585,0.716,286,979,324,154,109,396,592,2014-2015
83,FDU,29,8,21,0.276,-12.22,-4.54,3,15,4,9,4,12,1956,2130,1175,681,1658,0.411,208,628,0.331,386,557,0.693,300,869,325,252,94,372,648,2014-2015
84,Florida,33,16,17,0.485,13.27,9.67,8,10,11,5,2,9,2101,1982,1330,766,1763,0.434,218,674,0.323,351,553,0.635,348,1095,431,228,118,409,558,2014-2015
85,Florida A&M,29,2,27,0.069,-26.04,-8.52,2,14,2,9,0,17,1607,2115,1160,560,1500,0.373,119,421,0.283,368,567,0.649,281,914,241,143,62,415,518,2014-2015
86,Florida Atlantic,29,9,20,0.31,-7.8,-2.06,2,16,7,7,2,13,1815,1934,1165,651,1562,0.417,212,610,0.348,301,447,0.673,265,904,297,126,99,367,522,2014-2015
87,Florida Gulf Coast,33,22,11,0.667,-1.81,-4.98,11,3,14,4,6,6,2224,2085,1325,814,1883,0.432,197,585,0.337,399,603,0.662,404,1257,467,185,127,386,559,2014-2015
88,Florida International,33,16,17,0.485,-7.78,-3.23,8,10,8,4,6,10,2060,2153,1335,749,1694,0.442,151,487,0.31,411,647,0.635,313,1129,374,224,150,493,613,2014-2015
89,Florida State,33,17,16,0.515,6.69,7.02,8,10,12,6,3,7,2199,2210,1330,763,1669,0.457,147,470,0.313,524,783,0.669,328,1109,380,181,157,478,612,2014-2015
90,Fordham,31,10,21,0.323,-2.15,2.72,4,14,8,8,1,11,2015,2144,1245,711,1713,0.415,187,613,0.305,406,559,0.726,373,1117,390,209,119,452,582,2014-2015
91,Fresno State,32,15,17,0.469,-2.23,1.3,10,8,11,3,4,10,2086,2123,1295,725,1692,0.428,179,559,0.32,457,662,0.69,286,1010,336,250,114,358,644,2014-2015
92,Furman,33,11,22,0.333,-10.55,-3.46,5,13,7,7,1,14,2098,2245,1330,701,1636,0.428,216,658,0.328,480,717,0.669,316,1068,342,183,94,438,582,2014-2015
93,Gardner-Webb,35,20,15,0.571,-5.24,-3.11,10,8,12,2,5,11,2619,2595,1420,909,2028,0.448,288,823,0.35,513,767,0.669,387,1226,565,233,83,430,569,2014-2015
94,George Mason,31,9,22,0.29,-1.43,4.6,4,14,7,8,2,9,1996,2147,1255,708,1663,0.426,130,406,0.32,450,676,0.666,391,1113,315,187,120,445,638,2014-2015
95,George Washington,35,22,13,0.629,8.07,2.79,10,8,12,2,5,10,2354,2169,1415,827,1887,0.438,192,545,0.352,508,754,0.674,422,1278,408,197,136,420,560,2014-2015
96,Georgetown,33,22,11,0.667,15.48,9.81,12,6,13,3,5,4,2340,2153,1340,799,1753,0.456,201,569,0.353,541,769,0.704,367,1152,427,251,156,415,668,2014-2015
97,Georgia,33,21,12,0.636,12.42,8.6,11,7,12,4,8,4,2250,2124,1351,747,1730,0.432,184,538,0.342,572,826,0.692,360,1260,411,183,151,420,608,2014-2015
98,Georgia Southern,31,22,9,0.71,-0.4,-4.72,14,6,13,2,8,6,2112,1865,1250,733,1765,0.415,234,740,0.316,412,616,0.669,391,1160,361,226,99,365,522,2014-2015
99,Georgia State,35,25,10,0.714,5.47,-2.03,15,5,12,1,8,8,2499,2184,1415,902,1878,0.48,174,522,0.333,521,719,0.725,322,1116,479,321,143,366,642,2014-2015
100,Georgia Tech,31,12,19,0.387,7.16,8.45,3,15,8,8,2,9,1962,2002,1260,734,1800,0.408,131,491,0.267,363,560,0.648,444,1187,362,177,104,394,516,2014-2015
101,Gonzaga,38,35,3,0.921,21.12,5.12,17,1,15,1,11,1,2989,2343,1525,1084,2083,0.52,264,660,0.4,557,806,0.691,391,1441,620,226,126,397,637,2014-2015
102,Grambling,29,2,27,0.069,-30.67,-8,0,18,2,9,0,17,1509,2105,1160,512,1417,0.361,105,366,0.287,380,584,0.651,294,928,225,154,52,486,551,2014-2015
103,Grand Canyon,32,17,15,0.531,-6.62,-5.45,8,6,13,8,4,7,2198,2188,1280,759,1683,0.451,198,594,0.333,482,674,0.715,281,1016,388,171,99,358,627,2014-2015
104,Green Bay,33,24,9,0.727,5.7,-0.4,12,4,13,1,6,7,2252,2006,1325,829,1808,0.459,141,480,0.294,453,705,0.643,369,1178,464,245,161,391,610,2014-2015
105,Hampton,35,17,18,0.486,-8.25,-7.08,8,8,6,5,5,12,2346,2387,1405,796,1959,0.406,194,638,0.304,560,859,0.652,416,1292,372,235,141,494,752,2014-2015
106,Hartford,30,14,16,0.467,-8.58,-5.16,7,9,7,7,7,8,1858,1924,1215,645,1596,0.404,235,722,0.325,333,477,0.698,264,936,362,187,48,364,555,2014-2015
107,Harvard,30,22,8,0.733,4.47,-0.25,12,3,12,2,9,4,1926,1727,1220,671,1548,0.433,146,412,0.354,438,609,0.719,316,1025,384,213,135,349,472,2014-2015
108,Hawaii,35,22,13,0.629,2.65,-0.83,8,8,13,5,3,5,2551,2387,1410,901,2056,0.438,226,702,0.322,523,762,0.686,421,1231,465,337,139,467,712,2014-2015
109,High Point,33,23,10,0.697,-2.47,-4.61,13,5,12,2,9,7,2407,2231,1370,862,1816,0.475,206,535,0.385,477,649,0.735,323,1086,487,206,94,376,515,2014-2015
110,Hofstra,34,20,14,0.588,3.78,-4.46,10,8,8,7,10,6,2668,2388,1370,902,2013,0.448,303,837,0.362,561,801,0.7,402,1240,525,254,90,379,650,2014-2015
111,Holy Cross,30,14,16,0.467,-6.23,-3.82,8,10,10,4,3,12,1981,2020,1220,692,1643,0.421,189,557,0.339,406,568,0.715,305,930,334,228,143,328,582,2014-2015
112,Houston,32,13,19,0.406,-2.06,-0.91,4,14,9,8,2,9,2060,2097,1300,705,1795,0.393,259,809,0.32,391,575,0.68,403,1129,376,184,121,425,565,2014-2015
113,Houston Christian,28,12,16,0.429,-13.18,-5.63,7,11,10,3,2,13,2028,2063,1126,728,1596,0.456,129,399,0.323,443,611,0.725,366,1061,348,166,115,429,585,2014-2015
114,Howard,32,16,16,0.5,-9.89,-7.86,10,6,9,3,7,12,2032,2004,1300,695,1621,0.429,149,501,0.297,493,705,0.699,353,1110,270,242,130,517,596,2014-2015
115,Idaho,30,13,17,0.433,-5.75,-4.79,8,10,11,3,2,12,2301,2269,1220,805,1726,0.466,236,572,0.413,455,642,0.709,312,1086,405,140,57,360,634,2014-2015
116,Idaho State,30,7,23,0.233,-11.52,-5.45,4,14,6,7,1,14,1937,2075,1205,699,1588,0.44,148,420,0.352,391,601,0.651,302,972,337,207,77,355,526,2014-2015
117,Illinois,33,19,14,0.576,12.42,6.93,9,9,14,3,2,9,2281,2100,1330,786,1903,0.413,238,670,0.355,471,593,0.794,351,1134,389,208,105,328,577,2014-2015
118,Illinois State,35,22,13,0.629,7.96,2.87,11,7,11,5,7,6,2385,2170,1415,846,1945,0.435,212,615,0.345,481,674,0.714,439,1256,408,254,152,449,662,2014-2015
119,Illinois-Chicago,34,10,24,0.294,-7.86,-0.36,4,12,7,9,2,11,2201,2389,1365,724,1870,0.387,204,629,0.324,549,745,0.737,391,1142,413,205,92,375,609,2014-2015
120,Incarnate Word,29,18,11,0.621,-6.15,-6.47,10,8,11,3,7,8,2298,2180,1190,773,1647,0.469,204,550,0.371,548,747,0.734,267,969,382,229,128,329,538,2014-2015
121,Indiana,34,20,14,0.588,12.94,7.2,9,9,15,4,3,6,2633,2438,1365,923,1989,0.464,319,786,0.406,468,651,0.719,407,1224,473,170,108,392,606,2014-2015
122,Indiana State,31,15,16,0.484,-0.49,1.21,11,7,10,6,5,7,2060,2101,1265,681,1601,0.425,225,631,0.357,473,674,0.702,271,1008,398,175,98,437,562,2014-2015
123,Iona,35,26,9,0.743,3.71,-2.52,17,3,13,0,10,8,2782,2564,1405,950,2051,0.463,344,869,0.396,538,768,0.701,348,1260,573,226,135,427,605,2014-2015
124,Iowa,34,22,12,0.647,15.83,8.39,12,6,14,4,7,4,2372,2119,1370,821,1905,0.431,192,576,0.333,538,723,0.744,422,1274,482,218,158,377,536,2014-2015
125,Iowa State,34,25,9,0.735,17.94,9.15,12,6,15,1,6,5,2645,2346,1360,940,1973,0.476,263,726,0.362,502,721,0.696,323,1221,546,218,133,375,527,2014-2015
126,IU Indy,31,10,21,0.323,-8.28,-1.93,6,10,5,8,5,12,1883,2080,1275,692,1623,0.426,126,426,0.296,373,532,0.701,318,1009,348,218,65,482,635,2014-2015
127,Jackson State,32,11,21,0.344,-12.36,-9.52,9,9,6,6,5,14,1941,2032,1290,701,1812,0.387,153,558,0.274,386,597,0.647,460,1188,324,203,81,459,695,2014-2015
128,Jacksonville,32,10,22,0.313,-16.7,-6.46,4,10,8,7,2,15,2058,2303,1300,701,1710,0.41,203,566,0.359,453,685,0.661,317,1008,341,207,79,394,578,2014-2015
129,Jacksonville State,31,12,19,0.387,-12.65,-4.52,5,11,11,3,1,16,1939,2126,1255,647,1698,0.381,179,598,0.299,466,651,0.716,346,1043,371,191,129,377,606,2014-2015
130,James Madison,33,19,14,0.576,-2.65,-1.53,12,6,12,7,7,6,2217,2254,1325,748,1660,0.451,228,613,0.372,493,700,0.704,299,1067,419,212,78,431,531,2014-2015
131,Kansas,36,27,9,0.75,18.47,12.13,13,5,15,0,5,6,2561,2333,1445,869,1976,0.44,213,562,0.379,610,842,0.724,426,1364,475,237,175,463,639,2014-2015
132,Kansas City,33,14,19,0.424,-8.01,-5.07,8,6,9,4,4,13,2164,2202,1345,723,1776,0.407,216,649,0.333,502,724,0.693,374,1037,376,266,111,443,636,2014-2015
133,Kansas State,32,15,17,0.469,8.48,9.29,8,10,13,4,1,10,2016,2042,1285,690,1593,0.433,141,421,0.335,495,732,0.676,338,1015,417,195,74,424,639,2014-2015
134,Kennesaw State,32,10,22,0.313,-17.33,-5.1,4,10,6,8,3,14,2027,2363,1280,717,1775,0.404,214,661,0.324,379,518,0.732,343,1094,331,173,110,455,567,2014-2015
135,Kent State,35,23,12,0.657,2.04,-0.94,12,6,11,4,10,6,2313,2202,1420,797,1868,0.427,250,693,0.361,469,713,0.658,405,1222,368,177,133,393,645,2014-2015
136,Kentucky,39,38,1,0.974,28.72,8.67,18,0,19,0,10,0,2900,2118,1575,1006,2150,0.468,203,582,0.349,685,943,0.726,491,1482,553,253,268,408,665,2014-2015
137,La Salle,33,17,16,0.515,4.85,3.91,8,10,10,5,6,7,2086,2055,1340,738,1757,0.42,166,517,0.321,444,640,0.694,332,1126,398,211,120,429,582,2014-2015
138,Lafayette,33,20,13,0.606,-3.37,-3.12,9,9,11,5,9,7,2426,2409,1325,872,1799,0.485,261,640,0.408,421,549,0.767,282,1017,514,181,83,366,515,2014-2015
139,Lamar,30,15,15,0.5,-9.75,-5.29,9,9,12,2,2,13,2146,2132,1205,750,1658,0.452,169,532,0.318,477,701,0.68,376,1063,392,224,115,465,623,2014-2015
140,Lehigh,30,16,14,0.533,-3,-3.55,10,8,8,6,8,7,2042,2000,1215,724,1640,0.441,164,475,0.345,430,593,0.725,294,1085,429,168,97,393,531,2014-2015
141,Liberty,32,8,24,0.25,-16.01,-6.44,2,16,8,8,0,13,2045,2222,1285,717,1658,0.432,154,472,0.326,457,650,0.703,341,1132,358,175,86,522,602,2014-2015
142,Lipscomb,31,14,17,0.452,-10.82,-5.15,7,7,10,3,4,14,2232,2322,1255,741,1769,0.419,253,770,0.329,497,715,0.695,345,1112,432,175,61,412,662,2014-2015
143,Little Rock,31,13,18,0.419,-5.38,-3.81,8,12,9,7,3,9,2146,2180,1275,741,1779,0.417,219,636,0.344,445,632,0.704,329,1063,380,174,86,326,588,2014-2015
144,Long Beach State,33,16,17,0.485,1.64,4.16,10,6,10,2,4,13,2188,2221,1330,761,1809,0.421,230,672,0.342,436,638,0.683,370,1126,369,216,78,445,636,2014-2015
145,Long Island University,30,12,18,0.4,-9.09,-5.32,8,10,5,6,6,9,2022,2135,1230,677,1726,0.392,195,601,0.324,473,687,0.689,368,1121,346,171,75,411,605,2014-2015
146,Longwood,34,11,23,0.324,-12.96,-5.53,5,13,6,7,2,14,2311,2491,1380,809,1899,0.426,275,746,0.369,418,580,0.721,324,1071,397,270,106,489,671,2014-2015
147,Louisiana,36,22,14,0.611,0.82,-3.61,13,7,12,4,8,8,2789,2520,1450,975,2125,0.459,240,670,0.358,599,848,0.706,452,1421,529,239,145,525,665,2014-2015
148,Louisiana State,33,22,11,0.667,11.39,5.63,11,7,13,4,8,3,2423,2233,1350,892,1962,0.455,189,558,0.339,450,658,0.684,401,1294,516,240,204,476,516,2014-2015
149,Louisiana Tech,36,27,9,0.75,5.75,-1.34,15,3,17,0,9,8,2632,2362,1451,945,2112,0.447,248,756,0.328,494,716,0.69,375,1210,504,303,207,390,597,2014-2015
150,Louisiana-Monroe,38,24,14,0.632,-1.99,-2.88,14,6,14,4,9,7,2454,2299,1540,923,2162,0.427,192,634,0.303,416,583,0.714,436,1400,497,197,153,439,578,2014-2015
151,Louisville,36,27,9,0.75,18.12,8.98,12,6,15,4,7,3,2483,2154,1450,878,2048,0.429,198,644,0.307,529,792,0.668,454,1351,419,283,192,408,623,2014-2015
152,Loyola (IL),37,24,13,0.649,2.35,0.46,8,10,13,6,8,6,2324,2235,1485,841,1776,0.474,224,571,0.392,418,608,0.688,291,1078,489,240,84,466,568,2014-2015
153,Loyola (MD),30,11,19,0.367,-10.75,-3.38,7,11,7,6,3,13,1764,1985,1229,607,1591,0.382,148,456,0.325,402,599,0.671,346,1047,290,166,92,388,594,2014-2015
154,Loyola Marymount,31,8,23,0.258,-4.13,5.28,4,14,5,9,2,11,1928,2188,1250,678,1622,0.418,160,452,0.354,412,580,0.71,351,1011,388,188,108,422,540,2014-2015
155,Maine,30,3,27,0.1,-17.8,-3.4,2,14,2,9,1,17,1812,2244,1210,647,1599,0.405,197,609,0.323,321,442,0.726,238,881,393,179,32,432,554,2014-2015
156,Manhattan,33,19,14,0.576,-1.34,-3.34,13,7,9,2,5,9,2300,2234,1340,756,1748,0.432,215,640,0.336,573,829,0.691,345,1065,460,264,92,481,758,2014-2015
157,Marist,32,7,25,0.219,-10.55,-2.93,5,15,3,9,2,13,1957,2201,1280,649,1629,0.398,226,717,0.315,433,619,0.7,230,936,336,223,90,436,571,2014-2015
158,Marquette,32,13,19,0.406,7.08,9.02,4,14,9,8,1,9,2083,2145,1290,742,1699,0.437,207,602,0.344,392,608,0.645,306,1000,479,241,111,402,505,2014-2015
159,Marshall,32,11,21,0.344,-6.45,-0.22,7,11,10,7,1,12,2137,2288,1285,738,1840,0.401,249,788,0.316,412,636,0.648,357,1195,412,212,93,499,634,2014-2015
160,Maryland,35,28,7,0.8,13.32,7.63,14,4,18,1,6,4,2417,2218,1410,781,1777,0.44,258,687,0.376,597,790,0.756,314,1223,376,169,151,431,584,2014-2015
161,Maryland-Baltimore County,30,4,26,0.133,-16.17,-5.14,2,14,2,11,2,15,1682,2013,1205,591,1441,0.41,153,469,0.326,347,539,0.644,225,902,338,197,90,467,475,2014-2015
162,Maryland-Eastern Shore,33,18,15,0.545,-6.55,-6.94,11,5,7,3,11,9,2229,2216,1325,752,1660,0.453,213,557,0.382,512,781,0.656,379,1100,447,248,47,504,658,2014-2015
163,Massachusetts,32,17,15,0.531,3.59,4.69,10,8,10,5,5,8,2220,2255,1290,772,1785,0.432,144,488,0.295,532,756,0.704,384,1177,429,216,135,451,591,2014-2015
164,Massachusetts-Lowell,29,12,17,0.414,-11.21,-4.32,6,10,6,5,6,12,1780,1928,1175,610,1481,0.412,223,622,0.359,337,508,0.663,212,837,323,201,28,383,523,2014-2015
165,McNeese State,31,15,16,0.484,-10.05,-5.42,8,10,11,5,3,10,2154,2210,1250,792,1873,0.423,193,620,0.311,377,579,0.651,413,1118,409,223,145,333,528,2014-2015
166,Memphis,32,18,14,0.563,7.15,2.9,10,8,12,6,4,5,2155,2019,1290,802,1827,0.439,166,506,0.328,385,578,0.666,409,1195,460,224,208,427,587,2014-2015
167,Mercer,35,19,16,0.543,-2.01,-4.1,12,6,12,4,5,9,2334,2196,1430,808,1840,0.439,212,611,0.347,506,736,0.688,385,1191,468,224,90,377,560,2014-2015
168,Miami (FL),38,25,13,0.658,12,7.05,10,8,12,6,8,4,2592,2404,1545,878,2053,0.428,292,816,0.358,544,729,0.746,377,1317,488,209,126,385,593,2014-2015
169,Miami (OH),32,13,19,0.406,-3.75,0.31,8,10,10,7,3,10,2123,2226,1300,739,1679,0.44,187,546,0.342,456,643,0.709,268,984,375,245,64,411,602,2014-2015
170,Michigan,32,16,16,0.5,9.56,9.59,8,10,12,6,2,8,2071,2048,1310,734,1724,0.426,250,696,0.359,353,468,0.754,267,966,382,174,57,306,455,2014-2015
171,Michigan State,39,27,12,0.692,17.46,10,12,6,12,4,7,4,2773,2482,1605,1014,2181,0.465,294,763,0.385,451,714,0.632,436,1458,646,203,176,441,738,2014-2015
172,Middle Tennessee,36,19,17,0.528,0.21,-0.39,9,9,12,4,4,10,2285,2247,1475,773,1867,0.414,242,675,0.359,497,710,0.7,386,1215,396,214,112,469,660,2014-2015
173,Milwaukee,30,14,16,0.467,-4.85,0.15,9,7,10,4,3,11,1963,2077,1200,659,1564,0.421,211,624,0.338,434,589,0.737,264,982,388,157,83,382,518,2014-2015
174,Minnesota,33,18,15,0.545,12.34,7.21,6,12,13,5,3,8,2449,2233,1330,890,1924,0.463,243,638,0.381,426,634,0.672,352,1087,519,313,110,400,596,2014-2015
175,Mississippi,34,21,13,0.618,11.39,7.01,11,7,9,7,8,4,2475,2326,1369,848,2003,0.423,220,662,0.332,559,723,0.773,430,1284,450,225,128,378,668,2014-2015
176,Mississippi State,32,13,19,0.406,2.53,4.72,6,12,9,8,3,8,1977,2032,1280,669,1557,0.43,133,434,0.306,506,727,0.696,324,1099,278,205,90,474,606,2014-2015
177,Mississippi Valley State,32,6,26,0.188,-23.94,-7.78,5,13,3,6,2,17,2045,2562,1296,738,1911,0.386,157,519,0.303,412,630,0.654,382,1052,338,241,37,481,589,2014-2015
178,Missouri,32,9,23,0.281,1.13,9.26,3,15,8,8,1,10,1935,2173,1290,683,1694,0.403,196,596,0.329,373,560,0.666,327,1050,343,179,90,417,624,2014-2015
179,Missouri State,31,11,20,0.355,-4.92,1.67,5,13,8,6,3,11,1850,1989,1260,654,1612,0.406,158,512,0.309,384,525,0.731,316,1008,347,160,100,377,550,2014-2015
180,Monmouth,33,18,15,0.545,-2.18,-2.91,13,7,8,7,9,7,2134,2110,1335,730,1702,0.429,171,506,0.338,503,697,0.722,320,1080,372,231,127,426,622,2014-2015
181,Montana,33,20,13,0.606,-1.75,-3.78,14,4,13,4,7,9,2347,2219,1370,828,1786,0.464,274,737,0.372,417,581,0.718,295,1055,466,218,84,391,634,2014-2015
182,Montana State,30,7,23,0.233,-12.91,-3.5,4,14,5,9,2,14,1917,2152,1200,662,1665,0.398,246,687,0.358,347,482,0.72,317,1009,349,132,91,411,624,2014-2015
183,Morehead State,34,17,17,0.5,-0.66,-3.31,10,6,7,6,7,9,2420,2255,1370,854,1930,0.442,220,639,0.344,490,684,0.716,422,1205,495,278,110,462,782,2014-2015
184,Morgan State,31,7,24,0.226,-16.19,-6.48,5,11,5,5,1,17,1898,2199,1245,673,1877,0.359,163,574,0.284,389,622,0.625,468,1098,313,175,89,332,580,2014-2015
185,Mount St. Mary's,30,15,15,0.5,-6.14,-4.4,11,7,9,4,5,11,1893,1945,1225,662,1645,0.402,228,691,0.33,341,500,0.682,325,979,342,202,112,367,549,2014-2015
186,Murray State,35,29,6,0.829,7.13,-2.81,16,0,15,1,12,2,2764,2367,1410,961,1995,0.482,263,679,0.387,579,831,0.697,422,1292,543,253,113,411,649,2014-2015
187,Navy,32,13,19,0.406,-7.87,-3.61,8,10,8,8,4,10,1952,2059,1280,719,1637,0.439,170,518,0.328,344,513,0.671,301,982,423,188,107,391,554,2014-2015
188,NC State,36,22,14,0.611,14.11,9.72,10,8,14,6,5,5,2525,2367,1450,895,2054,0.436,236,661,0.357,499,727,0.686,435,1369,415,138,184,375,637,2014-2015
189,Nebraska,31,13,18,0.419,5.9,7.58,5,13,10,6,1,11,1905,1957,1260,664,1613,0.412,161,566,0.284,416,588,0.707,277,1022,315,192,90,389,581,2014-2015
190,Nevada,31,9,22,0.29,-6.03,1.08,5,13,7,8,2,11,1874,2061,1245,637,1673,0.381,111,417,0.266,489,703,0.696,457,1221,298,169,129,436,603,2014-2015
191,Nevada-Las Vegas,33,18,15,0.545,5.41,3.38,8,10,13,4,4,8,2250,2125,1334,808,1816,0.445,236,639,0.369,398,600,0.663,301,1170,453,183,223,376,545,2014-2015
192,New Hampshire,32,19,13,0.594,-3.76,-6.29,11,5,12,3,7,10,2148,1973,1305,747,1712,0.436,231,617,0.374,423,627,0.675,302,1174,366,167,69,394,607,2014-2015
193,New Mexico,31,15,16,0.484,2.8,1.03,7,11,10,5,4,8,1921,1866,1255,686,1588,0.432,148,480,0.308,401,609,0.658,331,1081,398,178,139,392,538,2014-2015
194,New Mexico State,34,23,11,0.676,3.71,-3.67,13,1,15,2,6,8,2316,2033,1370,808,1748,0.462,165,450,0.367,535,771,0.694,428,1199,406,219,124,470,541,2014-2015
195,New Orleans,29,11,18,0.379,-11.86,-6.36,6,12,8,4,2,13,2062,2133,1170,704,1604,0.439,123,366,0.336,531,770,0.69,365,1014,279,216,101,452,608,2014-2015
196,Niagara,30,8,22,0.267,-9.27,-1.8,7,13,4,10,4,10,1930,2154,1210,642,1608,0.399,184,524,0.351,460,662,0.695,343,1016,338,172,69,408,559,2014-2015
197,Nicholls State,29,10,19,0.345,-15.84,-5.3,7,11,7,6,3,12,1885,2117,1170,662,1511,0.438,155,496,0.313,404,645,0.626,314,981,367,201,120,492,635,2014-2015
198,NJIT,33,21,12,0.636,-3.21,-4.07,NA,NA,15,2,6,10,2368,2229,1320,808,1768,0.457,279,742,0.376,473,680,0.696,319,1110,492,232,149,450,646,2014-2015
199,Norfolk State,34,20,14,0.588,-4.66,-6.35,12,4,10,3,7,10,2385,2254,1380,850,1801,0.472,190,549,0.346,495,751,0.659,370,1224,459,173,167,460,668,2014-2015
200,North Carolina,38,26,12,0.684,20.63,11.76,11,7,10,5,7,4,2953,2616,1530,1099,2309,0.476,184,514,0.358,571,814,0.701,526,1541,661,251,160,481,738,2014-2015
201,North Carolina A&T,32,9,23,0.281,-16.76,-8.02,6,10,7,5,2,15,1884,2112,1285,648,1622,0.4,157,555,0.283,431,633,0.681,366,1066,297,170,127,483,594,2014-2015
202,North Carolina Central,33,25,8,0.758,0.66,-8.67,16,0,12,0,9,7,2278,1821,1325,813,1668,0.487,219,593,0.369,433,632,0.685,312,1121,461,219,134,414,636,2014-2015
203,North Dakota,30,8,22,0.267,-12.16,-3.73,4,14,3,9,4,12,2032,2201,1211,713,1637,0.436,180,543,0.331,426,628,0.678,260,961,353,189,94,373,640,2014-2015
204,North Dakota State,33,23,10,0.697,-1.72,-3.63,12,4,14,0,5,8,2141,2057,1335,743,1713,0.434,230,600,0.383,425,614,0.692,274,1098,315,156,123,325,504,2014-2015
205,North Florida,35,23,12,0.657,-0.82,-5.94,12,2,12,2,9,9,2651,2385,1400,897,1910,0.47,317,810,0.391,540,747,0.723,339,1219,506,214,146,436,568,2014-2015
206,North Texas,31,14,17,0.452,-4.95,-0.71,8,10,11,6,3,10,2025,2113,1245,726,1678,0.433,147,489,0.301,426,677,0.629,338,1094,310,209,103,420,548,2014-2015
207,Northeastern,35,23,12,0.657,2.03,-1.34,12,6,9,3,8,7,2397,2279,1415,838,1725,0.486,203,526,0.386,518,713,0.727,297,1160,500,183,129,483,496,2014-2015
208,Northern Arizona,38,23,15,0.605,-3.48,-4.13,13,5,13,2,8,12,2606,2556,1535,878,2175,0.404,255,734,0.347,595,793,0.75,501,1463,463,182,153,447,709,2014-2015
209,Northern Colorado,30,15,15,0.5,-6.82,-6.21,10,8,12,3,3,11,2242,2203,1220,804,1691,0.475,204,535,0.381,430,602,0.714,339,978,370,196,59,313,594,2014-2015
210,Northern Illinois,30,14,16,0.467,-1.79,-0.14,8,10,10,5,4,11,1971,1989,1215,661,1543,0.428,149,470,0.317,500,735,0.68,373,1039,294,226,73,426,573,2014-2015
211,Northern Iowa,35,31,4,0.886,12.54,2,16,2,16,0,9,3,2281,1912,1420,776,1618,0.48,257,645,0.398,472,644,0.733,255,1071,413,207,84,363,508,2014-2015
212,Northern Kentucky,30,13,17,0.433,-6.85,-4.49,7,7,9,6,4,11,2117,2079,1210,779,1693,0.46,226,648,0.349,333,507,0.657,299,1014,379,173,85,348,612,2014-2015
213,Northwestern,32,15,17,0.469,6.11,7.2,6,12,11,7,3,8,2031,2066,1305,727,1669,0.436,228,635,0.359,349,477,0.732,277,1052,460,118,126,357,573,2014-2015
214,Northwestern State,32,19,13,0.594,-5.48,-4.52,13,5,11,4,7,8,2687,2656,1280,946,2052,0.461,264,740,0.357,531,709,0.749,372,1106,509,242,144,392,596,2014-2015
215,Notre Dame,38,32,6,0.842,19.23,7.02,14,4,17,2,7,2,2963,2499,1545,1050,2061,0.509,302,775,0.39,561,756,0.742,313,1231,576,256,138,357,540,2014-2015
216,Oakland,33,16,17,0.485,-1.28,1.27,11,5,12,4,4,12,2450,2482,1350,857,1854,0.462,259,716,0.362,477,695,0.686,340,1109,517,196,55,416,572,2014-2015
217,Ohio,30,10,20,0.333,-4.15,0.45,5,13,8,7,1,11,2028,2166,1205,727,1678,0.433,217,637,0.341,357,486,0.735,268,1023,341,154,128,382,512,2014-2015
218,Ohio State,35,24,11,0.686,19.68,7.37,11,7,18,2,4,6,2635,2204,1410,964,1995,0.483,236,637,0.37,471,693,0.68,387,1241,534,266,178,396,563,2014-2015
219,Oklahoma,35,24,11,0.686,18.65,9.94,12,6,14,1,5,6,2501,2196,1410,885,2035,0.435,236,688,0.343,495,668,0.741,389,1332,430,237,174,419,570,2014-2015
220,Oklahoma State,32,18,14,0.563,12.95,9.63,8,10,12,4,3,8,2160,2011,1290,733,1667,0.44,226,647,0.349,468,645,0.726,287,1039,366,253,156,392,614,2014-2015
221,Old Dominion,35,27,8,0.771,7.68,-0.15,13,5,20,0,5,5,2273,1999,1410,836,1935,0.432,207,636,0.325,394,592,0.666,438,1267,472,221,115,377,618,2014-2015
222,Omaha,29,12,17,0.414,-7.18,-5.14,5,11,7,6,5,11,2226,2256,1170,767,1724,0.445,179,539,0.332,513,737,0.696,321,1009,350,237,92,391,590,2014-2015
223,Oral Roberts,34,19,15,0.559,-3.83,-1.99,10,6,12,2,5,11,2377,2343,1370,798,1859,0.429,205,575,0.357,576,801,0.719,363,1157,376,197,131,396,632,2014-2015
224,Oregon,36,26,10,0.722,11.43,7.65,13,5,17,2,6,4,2713,2550,1460,992,2143,0.463,263,726,0.362,466,613,0.76,372,1298,508,207,157,421,655,2014-2015
225,Oregon State,31,17,14,0.548,5.93,4.97,8,10,15,2,2,9,1887,1834,1245,665,1577,0.422,160,495,0.323,397,573,0.693,293,973,373,241,123,365,590,2014-2015
226,Pacific,31,12,19,0.387,-3.19,3.31,4,14,6,8,5,8,1996,2115,1255,681,1633,0.417,202,584,0.346,432,667,0.648,385,1076,363,125,74,391,667,2014-2015
227,Penn State,34,18,16,0.529,7.77,7.1,4,14,10,6,3,8,2273,2250,1380,795,1893,0.42,227,679,0.334,456,656,0.695,354,1201,336,206,138,414,692,2014-2015
228,Pennsylvania,28,9,19,0.321,-8.32,-1.36,4,10,4,9,5,10,1687,1882,1125,599,1379,0.434,155,448,0.346,334,495,0.675,258,886,329,153,67,419,557,2014-2015
229,Pepperdine,32,18,14,0.563,3.86,2.8,10,8,10,5,7,7,2020,1972,1280,704,1666,0.423,145,463,0.313,467,630,0.741,300,1062,425,200,108,395,562,2014-2015
230,Pittsburgh,34,19,15,0.559,8.45,7.36,8,10,14,4,2,8,2279,2230,1375,835,1866,0.447,164,484,0.339,445,650,0.685,407,1136,561,168,95,336,606,2014-2015
231,Portland,33,17,16,0.515,3.06,2.67,7,11,9,7,5,7,2315,2253,1340,810,1825,0.444,216,574,0.376,479,668,0.717,389,1173,486,192,148,402,610,2014-2015
232,Portland State,29,15,14,0.517,-7.75,-4.86,9,9,9,4,6,9,2083,2098,1165,723,1645,0.44,193,507,0.381,444,598,0.742,283,942,381,183,117,324,511,2014-2015
233,Prairie View,33,15,18,0.455,-10.86,-8.2,12,6,7,3,7,12,2211,2280,1320,822,1923,0.427,177,532,0.333,390,604,0.646,388,1072,354,287,105,471,716,2014-2015
234,Presbyterian,32,10,22,0.313,-16.26,-4.51,6,12,7,8,3,11,1978,2214,1280,741,1656,0.447,136,425,0.32,360,546,0.659,296,1029,341,166,90,415,507,2014-2015
235,Princeton,30,16,14,0.533,-1.34,-2.92,9,5,11,3,4,9,2066,1972,1200,673,1455,0.463,252,668,0.377,468,658,0.711,189,913,391,165,90,366,562,2014-2015
236,Providence,34,22,12,0.647,13.71,9.5,11,7,13,4,5,6,2370,2227,1370,828,1889,0.438,171,546,0.313,543,768,0.707,411,1228,474,242,155,407,628,2014-2015
237,Purdue,34,21,13,0.618,12.93,7.64,12,6,14,3,4,6,2375,2195,1375,827,1840,0.449,195,597,0.327,524,767,0.683,409,1249,505,185,177,444,642,2014-2015
238,Purdue Fort Wayne,31,16,15,0.516,-3.13,-3.41,9,7,10,5,6,9,2171,2081,1240,754,1603,0.47,221,619,0.357,442,645,0.685,242,1001,444,178,92,365,502,2014-2015
239,Quinnipiac,30,15,15,0.5,-1.46,-3.66,9,11,10,7,5,7,2092,2026,1230,715,1813,0.394,165,537,0.307,497,643,0.773,491,1361,416,107,173,416,570,2014-2015
240,Radford,34,22,12,0.647,-3.89,-5.53,12,6,12,3,8,8,2476,2301,1380,892,1946,0.458,212,634,0.334,480,695,0.691,411,1240,450,242,150,408,611,2014-2015
241,Rhode Island,33,23,10,0.697,9.31,2.87,13,5,14,2,7,5,2232,1986,1325,777,1732,0.449,146,482,0.303,532,812,0.655,362,1183,430,215,184,453,694,2014-2015
242,Rice,32,12,20,0.375,-2.86,-0.79,8,10,7,7,4,10,2052,2107,1315,679,1615,0.42,289,797,0.363,405,548,0.739,276,1019,405,190,70,459,606,2014-2015
243,Richmond,35,21,14,0.6,8.65,3.77,12,6,16,4,4,9,2313,2142,1430,834,1821,0.458,231,680,0.34,414,600,0.69,240,1025,469,242,116,346,595,2014-2015
244,Rider,33,21,12,0.636,-1.6,-3.11,15,5,10,3,11,5,2153,2103,1335,784,1790,0.438,200,599,0.334,385,638,0.603,357,1131,400,234,87,413,591,2014-2015
245,Robert Morris,35,20,15,0.571,-3.02,-3.5,12,6,10,6,8,8,2414,2397,1410,854,1926,0.443,221,590,0.375,485,684,0.709,367,1162,428,300,100,467,650,2014-2015
246,Rutgers,32,10,22,0.313,0.23,8.11,2,16,6,10,2,10,1898,2150,1280,687,1751,0.392,152,515,0.295,372,570,0.653,359,1118,343,178,118,417,530,2014-2015
247,Sacramento State,33,21,12,0.636,-4.62,-5.45,13,5,13,2,7,9,2342,2250,1320,841,1729,0.486,208,510,0.408,452,614,0.736,276,974,466,231,78,355,563,2014-2015
248,Sacred Heart,32,15,17,0.469,-7.36,-5.97,9,9,10,5,4,12,2360,2367,1315,874,1911,0.457,169,529,0.319,443,685,0.647,401,1225,469,210,110,439,588,2014-2015
249,Saint Francis (PA),32,16,16,0.5,-5.68,-4.97,9,9,10,3,6,13,2061,2050,1290,724,1653,0.438,226,677,0.334,387,576,0.672,267,998,376,209,83,398,507,2014-2015
250,Saint Joseph's,31,13,18,0.419,-0.23,2.58,7,11,10,5,3,11,1912,1999,1260,688,1704,0.404,167,559,0.299,369,600,0.615,352,1099,394,205,135,387,523,2014-2015
251,Saint Louis,32,11,21,0.344,-5.38,2.43,3,15,9,9,1,10,1912,2122,1290,652,1587,0.411,172,528,0.326,436,666,0.655,290,979,391,170,72,443,630,2014-2015
252,Saint Mary's (CA),31,21,10,0.677,8.68,3.78,13,5,14,5,7,4,2141,1984,1260,752,1645,0.457,225,603,0.373,412,576,0.715,328,1115,466,157,70,375,541,2014-2015
253,Saint Peter's,34,16,18,0.471,-2.95,-3.92,8,12,7,6,7,10,2081,2048,1380,698,1695,0.412,193,563,0.343,492,745,0.66,353,1109,344,213,101,413,654,2014-2015
254,Sam Houston,35,26,9,0.743,2.97,-6.03,15,3,16,2,8,5,2592,2101,1415,846,1973,0.429,266,808,0.329,634,898,0.706,463,1409,516,229,154,455,712,2014-2015
255,Samford,32,13,19,0.406,-9.41,-5.57,6,12,8,6,4,11,2216,2301,1285,780,1756,0.444,204,588,0.347,452,661,0.684,326,1015,423,235,96,414,657,2014-2015
256,San Diego,31,15,16,0.484,5.03,3.47,8,10,9,4,4,8,2006,1949,1250,690,1636,0.422,192,562,0.342,434,632,0.687,321,1016,388,199,119,365,618,2014-2015
257,San Diego State,36,27,9,0.75,11.81,4.24,14,4,16,1,6,5,2226,1939,1455,800,1916,0.418,189,591,0.32,437,694,0.63,439,1270,377,247,179,410,506,2014-2015
258,San Francisco,32,14,18,0.438,3.08,2.83,7,11,8,8,4,8,2215,2167,1290,783,1735,0.451,203,596,0.341,446,709,0.629,340,1113,443,186,79,376,647,2014-2015
259,San Jose State,30,2,28,0.067,-16.22,1.92,0,18,2,13,0,12,1612,2086,1205,553,1559,0.355,196,668,0.293,310,475,0.653,272,939,294,145,78,426,548,2014-2015
260,Santa Clara,32,14,18,0.438,-0.38,4.12,7,11,9,6,3,9,2027,2136,1285,711,1675,0.424,222,636,0.349,383,520,0.737,296,956,379,180,59,339,599,2014-2015
261,Savannah State,31,9,22,0.29,-18.17,-6.27,5,11,7,5,2,16,1758,2072,1205,661,1612,0.41,104,412,0.252,332,576,0.576,328,907,287,276,75,513,612,2014-2015
262,Seattle,34,18,16,0.529,-5.85,-4.69,7,7,13,5,2,10,2123,2095,1365,740,1674,0.442,236,609,0.388,407,612,0.665,324,1149,471,185,50,466,572,2014-2015
263,Seton Hall,31,16,15,0.516,7.95,7.56,6,12,10,5,3,9,2119,2107,1250,735,1745,0.421,213,609,0.35,436,664,0.657,391,1123,384,185,127,385,595,2014-2015
264,Siena,31,11,20,0.355,-6.93,-2.9,7,13,6,9,5,10,2164,2289,1245,748,1736,0.431,152,458,0.332,516,727,0.71,395,1023,411,233,111,389,649,2014-2015
265,South Alabama,33,12,21,0.364,-9.46,-3.04,9,11,7,8,4,12,2275,2438,1335,762,1813,0.42,214,640,0.334,537,764,0.703,360,1175,353,157,121,474,586,2014-2015
266,South Carolina,33,17,16,0.515,10.55,8.24,6,12,10,6,3,7,2146,2046,1320,735,1819,0.404,180,599,0.301,496,673,0.737,406,1178,437,208,133,424,634,2014-2015
267,South Carolina State,33,11,22,0.333,-17.37,-7.46,7,9,6,5,4,14,1965,2203,1325,706,1846,0.382,184,608,0.303,369,612,0.603,394,1142,360,200,101,412,579,2014-2015
268,South Carolina Upstate,36,24,12,0.667,-2.28,-7.5,8,6,14,5,9,7,2579,2198,1440,938,2124,0.442,290,863,0.336,413,631,0.655,482,1372,534,283,114,390,588,2014-2015
269,South Dakota,33,17,16,0.515,-4.9,-3.48,9,7,8,6,8,7,2309,2312,1350,811,1924,0.422,212,589,0.36,475,650,0.731,384,1169,388,184,80,372,603,2014-2015
270,South Dakota State,35,24,11,0.686,3.32,-3.23,12,4,13,0,7,9,2572,2277,1411,867,1918,0.452,280,732,0.383,556,780,0.713,337,1254,428,191,129,399,691,2014-2015
271,South Florida,32,9,23,0.281,-4.96,2.56,3,15,8,9,1,13,1970,2189,1295,745,1720,0.433,136,448,0.304,344,556,0.619,343,1084,362,184,156,436,609,2014-2015
272,Southeast Missouri State,30,13,17,0.433,-5.23,-3.73,7,9,9,5,4,9,2087,2064,1205,742,1686,0.44,189,553,0.342,414,621,0.667,346,1050,378,218,132,394,598,2014-2015
273,Southeastern Louisiana,32,9,23,0.281,-10.97,-6.14,6,12,6,6,3,16,2186,2324,1295,807,1760,0.459,185,591,0.313,387,582,0.665,311,1068,389,194,112,492,590,2014-2015
274,Southern,35,18,17,0.514,-9.95,-8.23,13,5,9,4,7,10,2259,2226,1410,801,1895,0.423,150,484,0.31,507,775,0.654,403,1262,359,240,145,462,702,2014-2015
275,Southern California,32,12,20,0.375,2.15,6.15,3,15,8,8,2,9,2143,2271,1300,787,1863,0.422,170,517,0.329,399,629,0.634,366,1149,397,208,133,446,565,2014-2015
276,Southern Illinois,33,12,21,0.364,-3.48,-0.6,4,14,8,7,2,12,1968,2044,1320,681,1626,0.419,138,418,0.33,468,667,0.702,327,1027,274,221,72,423,605,2014-2015
277,SIU Edwardsville,28,12,16,0.429,-7.28,-4.54,8,8,11,3,1,12,1909,1884,1125,660,1532,0.431,198,521,0.38,391,579,0.675,292,969,345,178,120,375,518,2014-2015
278,Southern Methodist,34,27,7,0.794,12.94,3.57,15,3,16,2,8,4,2350,2032,1365,832,1750,0.475,145,400,0.363,541,770,0.703,388,1244,524,237,146,426,551,2014-2015
279,Southern Mississippi,29,9,20,0.31,-10.03,-0.06,4,14,8,7,1,13,1742,1978,1170,618,1438,0.43,183,554,0.33,323,515,0.627,248,863,352,178,63,408,449,2014-2015
280,Southern Utah,29,10,19,0.345,-11.98,-5.48,7,11,5,7,4,11,2011,2146,1170,700,1537,0.455,210,537,0.391,401,599,0.669,218,920,344,144,108,393,651,2014-2015
281,St. Bonaventure,31,18,13,0.581,3.93,1.34,10,8,8,6,7,6,2085,2005,1250,733,1723,0.425,158,503,0.314,461,653,0.706,384,1153,383,206,149,384,535,2014-2015
282,St. Francis (NY),35,23,12,0.657,-2.14,-6.2,15,3,12,4,9,7,2418,2262,1415,837,2005,0.417,195,662,0.295,549,809,0.679,521,1361,431,232,172,459,643,2014-2015
283,St. John's (NY),33,21,12,0.636,11.85,9.04,10,8,16,4,4,6,2343,2240,1325,835,1890,0.442,198,569,0.348,475,687,0.691,336,1164,408,246,210,352,587,2014-2015
284,Stanford,37,24,13,0.649,12.33,7.33,9,9,16,3,4,8,2676,2491,1505,908,2089,0.435,246,651,0.378,614,846,0.726,428,1363,435,204,102,399,708,2014-2015
285,Stephen F. Austin,34,29,5,0.853,8.61,-4.2,17,1,15,1,10,3,2672,2188,1365,911,1870,0.487,262,692,0.379,588,799,0.736,413,1176,596,259,120,476,734,2014-2015
286,Stetson,31,9,22,0.29,-16.22,-6.68,3,11,7,7,1,15,2064,2290,1240,744,1717,0.433,193,586,0.329,383,583,0.657,297,1041,388,139,103,384,543,2014-2015
287,Stony Brook,35,23,12,0.657,-0.03,-4.03,12,4,13,2,9,10,2290,2102,1405,835,1999,0.418,191,576,0.332,429,647,0.663,488,1395,420,180,147,416,578,2014-2015
288,Syracuse,31,18,13,0.581,11.91,7.68,9,9,13,5,4,7,2096,1965,1250,763,1775,0.43,155,515,0.301,415,629,0.66,373,1135,468,258,157,370,471,2014-2015
289,TCU,33,18,15,0.545,11.1,5.32,4,14,13,6,2,8,2249,2058,1330,791,1809,0.437,150,459,0.327,517,841,0.615,445,1214,435,207,176,395,681,2014-2015
290,Temple,37,26,11,0.703,8.2,3.52,13,5,17,2,7,5,2436,2263,1485,833,2149,0.388,235,772,0.304,535,765,0.699,453,1410,457,254,165,352,632,2014-2015
291,Tennessee,32,16,16,0.5,7.23,8.16,7,11,9,7,5,5,2025,2055,1285,725,1706,0.425,194,586,0.331,381,551,0.691,396,1040,350,247,108,387,625,2014-2015
292,Tennessee State,31,5,26,0.161,-14.93,-2.38,2,14,5,8,0,17,1793,2111,1240,611,1548,0.395,170,486,0.35,401,648,0.619,297,1022,294,167,108,446,628,2014-2015
293,Tennessee Tech,30,12,18,0.4,-6.49,-3.99,4,12,10,4,2,14,2118,2095,1205,768,1741,0.441,169,526,0.321,413,609,0.678,396,1110,395,186,103,412,567,2014-2015
294,Tennessee-Martin,34,21,13,0.618,-2.12,-3.9,10,6,9,3,12,9,2390,2224,1375,855,1838,0.465,268,681,0.394,412,582,0.708,332,1175,441,178,63,394,507,2014-2015
295,Texas,34,20,14,0.588,16.16,9.07,8,10,13,5,4,7,2290,2049,1375,796,1837,0.433,212,626,0.339,486,671,0.724,422,1351,442,128,265,435,555,2014-2015
296,Texas A&M,33,21,12,0.636,10.73,5.91,11,7,14,4,5,6,2236,2077,1330,805,1778,0.453,181,521,0.347,445,676,0.658,374,1197,485,186,97,410,595,2014-2015
297,Texas A&M-Corpus Christi,34,20,14,0.588,-5.58,-6.43,13,5,10,4,8,8,2266,2192,1365,748,1678,0.446,165,499,0.331,605,881,0.687,333,1101,354,230,91,430,693,2014-2015
298,Texas Southern,35,22,13,0.629,-5.98,-6.09,16,2,9,1,10,11,2390,2386,1430,818,1840,0.445,185,574,0.322,569,861,0.661,394,1193,375,214,109,454,609,2014-2015
299,Texas State,31,14,17,0.452,-5.25,-3.36,7,13,9,6,4,10,1905,1854,1265,664,1645,0.404,159,506,0.314,418,606,0.69,315,1003,345,224,77,395,546,2014-2015
300,Texas Tech,32,13,19,0.406,3.77,7.2,3,15,13,6,0,10,1949,2059,1290,652,1610,0.405,169,524,0.323,476,742,0.642,374,1072,356,187,131,442,558,2014-2015
301,Texas-Rio Grande Valley,31,10,21,0.323,-14.46,-4.68,4,10,8,4,1,15,1927,2179,1240,678,1610,0.421,130,433,0.3,441,652,0.676,322,1000,411,171,102,417,544,2014-2015
302,The Citadel,30,11,19,0.367,-12.91,-4.68,6,12,8,6,3,10,1919,2058,1210,647,1436,0.451,206,515,0.4,419,546,0.767,271,874,394,141,66,392,449,2014-2015
303,Toledo,33,20,13,0.606,4.86,0.62,11,7,10,4,9,7,2483,2343,1330,863,1837,0.47,195,533,0.366,562,757,0.742,360,1204,432,170,108,405,563,2014-2015
304,Towson,32,12,20,0.375,-7.02,-3.8,5,13,4,9,6,10,2034,2080,1300,689,1678,0.411,134,429,0.312,522,787,0.663,468,1256,290,113,127,423,672,2014-2015
305,Troy,29,10,19,0.345,-8.72,-5.09,5,15,5,9,4,10,1946,2013,1170,674,1566,0.43,192,577,0.333,406,612,0.663,316,986,271,193,61,410,456,2014-2015
306,Tulane,31,15,16,0.484,-1.51,0.32,6,12,9,8,6,5,1973,1984,1265,699,1700,0.411,199,610,0.326,376,579,0.649,365,1076,349,193,62,397,550,2014-2015
307,Tulsa,34,23,11,0.676,6.66,2.81,14,4,13,5,8,4,2188,2064,1370,758,1820,0.416,188,586,0.321,484,746,0.649,375,1246,375,198,116,389,573,2014-2015
308,UAB,36,20,16,0.556,1.94,1.62,12,6,13,4,3,8,2476,2452,1480,873,2042,0.428,202,607,0.333,528,715,0.738,434,1322,516,237,184,482,630,2014-2015
309,UC Davis,32,25,7,0.781,2.19,-2.58,14,2,14,0,10,6,2263,2068,1295,775,1583,0.49,274,613,0.447,439,598,0.734,255,995,425,165,63,427,563,2014-2015
310,UC Irvine,34,21,13,0.618,3.63,0.45,11,5,10,3,6,9,2295,2113,1370,854,1851,0.461,217,558,0.389,370,541,0.684,329,1198,480,194,168,396,578,2014-2015
311,UC Riverside,31,14,17,0.452,-4.65,-1.16,7,9,12,3,2,13,2025,2050,1255,707,1691,0.418,207,603,0.343,404,592,0.682,337,1080,399,208,111,413,626,2014-2015
312,UC Santa Barbara,33,19,14,0.576,3.47,0.98,11,5,12,2,4,10,2258,2112,1345,806,1836,0.439,225,602,0.374,421,572,0.736,352,1134,503,171,118,360,619,2014-2015
313,UCF,30,12,18,0.4,-5.73,0.78,5,13,10,8,2,9,1981,2153,1230,704,1621,0.434,202,577,0.35,371,577,0.643,313,997,369,155,128,390,470,2014-2015
314,UCLA,36,22,14,0.611,12.07,8.27,11,7,16,1,2,8,2590,2453,1450,930,2099,0.443,223,606,0.368,507,750,0.676,440,1367,498,238,139,430,645,2014-2015
315,UNC Asheville,31,15,16,0.484,-7.19,-5.65,10,8,8,6,6,10,2242,2183,1245,780,1774,0.44,233,652,0.357,449,619,0.725,352,1120,423,228,144,437,594,2014-2015
316,UNC Greensboro,33,11,22,0.333,-7.99,-4.36,6,12,6,10,4,9,2290,2337,1330,838,1895,0.442,216,598,0.361,398,613,0.649,364,1138,400,206,109,414,711,2014-2015
317,UNC Wilmington,32,18,14,0.563,-2.53,-1.92,12,6,10,2,7,11,2239,2200,1295,810,1834,0.442,162,465,0.348,457,677,0.675,359,1131,368,244,140,395,661,2014-2015
318,UT Arlington,31,16,15,0.516,-3.59,-2.76,10,10,9,5,7,9,2220,2206,1245,779,1773,0.439,205,648,0.316,457,679,0.673,352,1144,399,206,107,453,654,2014-2015
319,Utah,35,26,9,0.743,20.98,7.42,13,5,16,1,6,5,2496,1999,1405,849,1760,0.482,264,654,0.404,534,760,0.703,322,1204,489,208,175,407,581,2014-2015
320,Utah State,31,18,13,0.581,2.92,0.28,11,7,11,5,7,7,2064,1973,1255,721,1596,0.452,233,591,0.394,389,579,0.672,215,978,445,149,142,323,505,2014-2015
321,Utah Valley,30,11,19,0.367,-12.72,-4.87,5,9,8,5,3,13,1758,1923,1200,616,1540,0.4,169,566,0.299,357,514,0.695,297,989,387,134,69,385,519,2014-2015
322,UTEP,33,22,11,0.667,4.89,-0.51,13,5,13,2,5,7,2282,2104,1325,800,1717,0.466,185,506,0.366,497,752,0.661,312,1140,452,178,133,406,566,2014-2015
323,UTSA,30,14,16,0.467,-3.33,-2.61,8,10,7,8,7,7,2120,2111,1205,717,1701,0.422,191,587,0.325,495,708,0.699,387,1071,370,213,69,370,501,2014-2015
324,Valparaiso,34,28,6,0.824,6.29,-2,13,3,15,1,8,4,2366,2021,1365,837,1836,0.456,236,620,0.381,456,676,0.675,397,1276,443,203,157,422,563,2014-2015
325,Vanderbilt,35,21,14,0.6,11.89,6.22,9,9,15,4,5,8,2472,2252,1420,838,1775,0.472,255,651,0.392,541,764,0.708,339,1184,541,168,186,452,603,2014-2015
326,Vermont,34,20,14,0.588,1.21,-5.52,12,4,13,4,7,10,2279,2012,1370,801,1701,0.471,182,513,0.355,495,715,0.692,274,1129,446,216,173,442,648,2014-2015
327,Villanova,36,33,3,0.917,23.13,7.55,16,2,15,0,9,2,2754,2193,1450,916,1951,0.47,326,837,0.389,596,815,0.731,371,1235,570,278,146,382,596,2014-2015
328,Virginia,34,30,4,0.882,21.73,7.81,16,2,15,1,11,1,2224,1751,1370,804,1758,0.457,170,483,0.352,446,614,0.726,358,1232,430,186,143,316,484,2014-2015
329,Virginia Commonwealth,36,26,10,0.722,12.79,6.1,12,6,12,4,8,4,2609,2368,1475,896,2139,0.419,293,854,0.343,524,797,0.657,444,1277,456,342,153,383,690,2014-2015
330,VMI,30,11,19,0.367,-9.85,-3.92,7,11,6,7,4,9,2415,2428,1220,829,2074,0.4,342,1078,0.317,415,607,0.684,434,1178,408,255,177,449,646,2014-2015
331,Virginia Tech,33,11,22,0.333,1.29,5.32,2,16,9,9,0,11,2156,2289,1330,779,1747,0.446,241,619,0.389,357,558,0.64,274,978,395,144,97,386,598,2014-2015
332,Wagner,30,10,20,0.333,-11.47,-4.99,8,10,8,5,2,15,2052,2206,1220,722,1804,0.4,179,574,0.312,429,616,0.696,445,1112,324,195,79,420,681,2014-2015
333,Wake Forest,32,13,19,0.406,4.62,7.68,5,13,11,7,2,10,2209,2307,1295,762,1809,0.421,206,614,0.336,479,751,0.638,375,1200,451,208,123,428,579,2014-2015
334,Washington,31,16,15,0.516,5.57,4.83,5,13,8,7,3,7,2128,2105,1245,765,1747,0.438,193,579,0.333,405,593,0.683,329,1082,412,152,153,361,535,2014-2015
335,Washington State,31,13,18,0.419,0.14,6.08,7,11,8,6,3,9,2189,2373,1255,743,1712,0.434,214,626,0.342,489,679,0.72,282,1026,453,120,102,367,570,2014-2015
336,Weber State,30,13,17,0.433,-7.29,-3.5,8,10,8,6,4,9,2010,2041,1210,641,1518,0.422,217,607,0.357,511,683,0.748,283,997,358,158,120,402,539,2014-2015
337,West Virginia,35,25,10,0.714,15.12,9.29,11,7,12,3,5,5,2542,2338,1410,872,2138,0.408,227,719,0.316,571,863,0.662,575,1272,494,376,96,453,821,2014-2015
338,Western Carolina,32,15,17,0.469,-5.83,-3.56,9,9,7,5,6,10,2251,2284,1305,799,1839,0.434,197,576,0.342,456,651,0.7,401,1130,375,260,141,435,671,2014-2015
339,Western Illinois,28,8,20,0.286,-13.81,-2.93,3,13,8,6,0,13,1747,1983,1125,618,1543,0.401,188,537,0.35,323,463,0.698,207,907,335,148,67,352,483,2014-2015
340,Western Kentucky,32,20,12,0.625,1.12,-0.44,12,6,13,3,5,8,2285,2149,1295,793,1824,0.435,248,685,0.362,451,690,0.654,363,1190,456,175,106,413,580,2014-2015
341,Western Michigan,34,20,14,0.588,0.25,0.19,10,8,13,3,5,9,2401,2354,1375,819,1802,0.454,236,649,0.364,527,750,0.703,338,1108,424,220,77,406,615,2014-2015
342,Wichita State,35,30,5,0.857,15.56,3.68,17,1,15,0,10,2,2460,2008,1410,860,1933,0.445,239,670,0.357,501,715,0.701,415,1245,476,250,134,327,587,2014-2015
343,William & Mary,33,20,13,0.606,2.82,-1.15,12,6,12,2,6,10,2414,2208,1330,834,1726,0.483,293,736,0.398,453,617,0.734,248,1065,487,204,137,379,513,2014-2015
344,Winthrop,32,19,13,0.594,-3.9,-7.38,12,6,11,3,6,9,2356,2159,1300,812,1809,0.449,251,700,0.359,481,664,0.724,332,1127,388,224,140,387,574,2014-2015
345,Wisconsin,40,36,4,0.9,24.61,10.29,16,2,15,1,10,2,2900,2327,1610,1014,2115,0.479,288,790,0.365,584,765,0.763,383,1338,504,174,127,296,501,2014-2015
346,Wofford,35,28,7,0.8,2.56,-2.98,16,2,13,1,10,5,2331,2089,1400,818,1802,0.454,222,596,0.372,473,688,0.688,324,1139,461,228,87,379,589,2014-2015
347,Wright State,31,11,20,0.355,-6.41,-1.14,3,13,4,8,6,10,1989,2107,1250,715,1619,0.442,194,571,0.34,365,524,0.697,232,902,407,168,75,373,594,2014-2015
348,Wyoming,35,25,10,0.714,3.81,-0.04,11,7,17,2,5,7,2151,1974,1430,747,1619,0.461,209,642,0.326,448,638,0.702,216,1047,501,191,102,392,481,2014-2015
349,Xavier,37,23,14,0.622,15.42,9.48,9,9,13,3,5,7,2712,2492,1505,956,2011,0.475,234,666,0.351,566,775,0.73,364,1282,596,223,106,447,661,2014-2015
350,Yale,32,22,10,0.688,3.53,-0.87,11,4,9,3,11,6,2164,1931,1300,740,1667,0.444,220,595,0.37,464,653,0.711,360,1139,437,188,127,406,552,2014-2015
351,Youngstown State,32,11,21,0.344,-7.63,-1.73,2,14,6,9,3,12,2287,2394,1290,807,1826,0.442,208,588,0.354,465,670,0.694,315,1055,450,192,67,374,586,2014-2015
1,Abilene Christian,31,13,18,0.419,-13.93,-7.53,8,10,10,5,2,12,2209,2272,1250,771,1704,0.452,209,570,0.367,458,653,0.701,269,991,422,233,78,418,681,2015-2016
2,Air Force,32,14,18,0.438,-5.51,0.66,5,13,12,5,2,13,2189,2330,1300,752,1758,0.428,202,596,0.339,483,707,0.683,285,1107,420,196,58,423,617,2015-2016
3,Akron,35,26,9,0.743,5.55,-1.24,13,5,15,0,6,8,2682,2381,1405,911,2111,0.432,409,1069,0.383,451,659,0.684,373,1310,507,190,137,381,618,2015-2016
4,Alabama,33,18,15,0.545,7.14,8.62,8,10,10,4,5,8,2193,2242,1330,738,1750,0.422,259,763,0.339,458,712,0.643,327,1141,347,192,175,438,631,2015-2016
5,Alabama A&M,29,11,18,0.379,-13.47,-10.75,6,12,6,5,4,12,1974,2042,1175,681,1632,0.417,175,599,0.292,439,642,0.684,330,1000,366,163,61,340,561,2015-2016
6,Alabama State,31,14,17,0.452,-13.11,-9.35,9,9,8,3,5,12,2217,2308,1260,788,1918,0.411,215,647,0.332,426,623,0.684,391,1153,372,181,107,371,646,2015-2016
7,Albany (NY),33,24,9,0.727,0.93,-7.57,13,3,14,1,10,8,2495,2180,1335,848,1850,0.458,188,587,0.32,611,814,0.751,387,1276,410,216,52,413,581,2015-2016
8,Alcorn State,30,15,15,0.5,-16.01,-9.94,13,5,9,2,6,9,2014,2164,1225,691,1692,0.408,174,566,0.307,458,676,0.678,384,1072,272,134,111,429,548,2015-2016
9,American,31,12,19,0.387,-14.18,-6.08,9,9,5,7,7,12,1785,2036,1250,631,1487,0.424,195,572,0.341,328,471,0.696,218,874,348,176,69,428,566,2015-2016
10,Appalachian State,31,9,22,0.29,-7.91,-1.1,7,13,6,7,2,12,2187,2398,1240,719,1795,0.401,256,720,0.356,493,701,0.703,393,1142,357,127,103,462,666,2015-2016
11,Arizona,34,25,9,0.735,18.79,7.23,12,6,17,1,5,5,2735,2342,1390,946,1970,0.48,221,580,0.381,622,863,0.721,394,1368,485,164,161,442,621,2015-2016
12,Arizona State,32,15,17,0.469,8.28,8.96,5,13,11,6,3,9,2345,2367,1290,796,1919,0.415,254,757,0.336,499,726,0.687,394,1177,405,170,86,384,649,2015-2016
13,Arkansas,32,16,16,0.5,10.23,6.76,9,9,13,4,3,8,2501,2390,1305,883,1992,0.443,216,544,0.397,519,748,0.694,374,1187,518,233,165,357,687,2015-2016
14,Arkansas State,31,11,20,0.355,-7.48,-2.37,7,13,9,6,2,14,2282,2353,1260,770,1855,0.415,180,570,0.316,562,766,0.734,334,1243,381,157,136,398,613,2015-2016
15,Arkansas-Pine Bluff,33,8,25,0.242,-19.31,-5.52,6,12,3,6,4,17,1867,2322,1325,674,1722,0.391,202,666,0.303,317,519,0.611,322,1004,317,235,123,516,723,2015-2016
16,Army,33,19,14,0.576,-7.32,-8.13,9,9,7,8,11,6,2539,2474,1350,895,2084,0.429,294,877,0.335,455,656,0.694,408,1338,501,163,123,448,628,2015-2016
17,Auburn,31,11,20,0.355,0.15,7.54,5,13,8,7,2,11,2192,2421,1245,724,1820,0.398,272,799,0.34,472,746,0.633,346,1134,352,166,126,428,658,2015-2016
18,Austin Peay,36,18,18,0.5,-6.04,-2.98,7,9,7,7,7,9,2740,2765,1460,945,2049,0.461,223,645,0.346,627,936,0.67,422,1326,479,250,101,502,633,2015-2016
19,Ball State,35,21,14,0.6,0.11,-2.98,10,8,13,6,6,8,2479,2338,1430,855,1919,0.446,305,818,0.373,464,670,0.693,330,1275,512,191,126,465,665,2015-2016
20,Baylor,34,22,12,0.647,16.13,9.76,10,8,15,5,6,5,2621,2366,1375,933,2003,0.466,210,572,0.367,545,752,0.725,467,1267,603,269,135,432,660,2015-2016
21,Belmont,32,20,12,0.625,1.19,-2.1,12,4,11,1,8,10,2638,2510,1285,914,1849,0.494,338,931,0.363,472,650,0.726,271,1105,544,145,81,450,639,2015-2016
22,Bethune-Cookman,32,14,18,0.438,-14.35,-9.18,10,6,9,2,5,13,2258,2330,1295,799,1932,0.414,249,787,0.316,411,597,0.688,407,1186,371,197,191,415,601,2015-2016
23,Binghamton,30,8,22,0.267,-14.08,-6.35,5,11,5,9,3,13,1827,2059,1205,629,1614,0.39,171,599,0.285,398,584,0.682,273,1023,333,161,68,419,558,2015-2016
24,Boise State,32,20,12,0.625,7.23,3.13,11,7,14,2,5,7,2480,2246,1290,842,1859,0.453,261,788,0.331,535,755,0.709,315,1110,430,209,64,372,622,2015-2016
25,Boston College,32,7,25,0.219,-1.61,7.67,0,18,6,11,0,10,1959,2256,1285,717,1751,0.409,231,713,0.324,294,452,0.65,243,993,410,181,93,431,579,2015-2016
26,Boston University,34,19,15,0.559,-6.79,-6.37,11,7,9,6,10,9,2483,2464,1375,859,1893,0.454,272,748,0.364,493,688,0.717,311,1216,456,204,129,468,641,2015-2016
27,Bowling Green State,34,16,18,0.471,-5.88,-1.85,5,13,7,8,7,8,2400,2457,1360,849,1913,0.444,203,563,0.361,499,761,0.656,345,1238,398,209,113,430,655,2015-2016
28,Bradley,32,5,27,0.156,-10.91,3.7,3,15,4,11,1,12,1793,2238,1290,606,1596,0.38,165,590,0.28,416,628,0.662,276,1083,292,142,87,548,744,2015-2016
29,Brigham Young,37,26,11,0.703,12.36,2.36,13,5,17,2,6,6,3093,2692,1485,1096,2369,0.463,330,863,0.382,571,827,0.69,441,1514,611,256,161,434,690,2015-2016
30,Brown,28,8,20,0.286,-8.05,-2.82,3,11,7,6,1,13,2040,2155,1140,697,1625,0.429,225,639,0.352,421,600,0.702,272,1019,414,150,114,376,543,2015-2016
31,Bryant,31,8,23,0.258,-18.58,-6.71,5,13,4,10,4,13,2018,2361,1250,755,1798,0.42,198,615,0.322,310,482,0.643,300,1048,415,176,83,420,591,2015-2016
32,Bucknell,31,17,14,0.548,-2.09,-5.89,14,4,8,7,9,7,2448,2288,1265,831,1788,0.465,233,639,0.365,553,774,0.714,317,1137,489,204,100,423,657,2015-2016
33,Buffalo,35,20,15,0.571,1.34,0.9,10,8,10,5,5,9,2709,2634,1410,915,2096,0.437,263,776,0.339,616,867,0.71,425,1363,441,240,124,475,748,2015-2016
34,Butler,33,22,11,0.667,16.46,7.55,10,8,13,3,5,5,2638,2344,1325,918,1969,0.466,236,601,0.393,566,774,0.731,366,1188,468,227,107,335,646,2015-2016
35,Cal Poly,30,10,20,0.333,-3.49,0.9,4,12,5,7,3,12,2171,2255,1220,755,1812,0.417,238,681,0.349,423,626,0.676,351,1095,425,163,96,308,602,2015-2016
36,Cal State Bakersfield,33,24,9,0.727,2.58,-5.15,11,3,14,1,7,7,2405,2104,1330,875,1939,0.451,179,524,0.342,476,726,0.656,414,1263,516,263,165,405,707,2015-2016
37,Cal State Fullerton,30,10,20,0.333,-7.12,-0.76,3,13,5,8,5,9,2104,2227,1205,698,1703,0.41,193,582,0.332,515,743,0.693,335,1116,304,147,48,393,610,2015-2016
38,Cal State Northridge,30,10,20,0.333,-6.85,-0.85,5,11,5,7,4,12,2143,2261,1225,745,1723,0.432,126,425,0.296,527,735,0.717,303,1086,423,203,96,420,604,2015-2016
39,California,34,23,11,0.676,15.39,7.87,12,6,18,0,4,7,2545,2289,1375,890,1931,0.461,236,651,0.363,529,806,0.656,386,1349,430,139,159,419,706,2015-2016
40,Campbell,30,12,18,0.4,-11.07,-6.67,5,13,7,9,5,8,2207,2203,1205,744,1671,0.445,224,675,0.332,495,690,0.717,242,967,345,214,72,353,582,2015-2016
41,Canisius,33,14,19,0.424,-5.62,-3.77,8,12,7,7,4,11,2526,2587,1355,845,2014,0.42,285,836,0.341,551,744,0.741,393,1116,466,199,88,370,640,2015-2016
42,Central Arkansas,28,7,21,0.25,-15.17,-6.81,6,12,4,6,2,14,2110,2344,1120,734,1656,0.443,185,497,0.372,457,694,0.659,331,1044,370,152,104,407,575,2015-2016
43,Central Connecticut State,29,4,25,0.138,-22.35,-9.24,3,15,3,11,1,14,1888,2268,1175,682,1704,0.4,164,480,0.342,360,530,0.679,335,1046,341,127,107,402,505,2015-2016
44,Central Michigan,33,17,16,0.515,-0.67,-1.3,10,8,13,4,4,8,2495,2401,1325,867,1964,0.441,324,917,0.353,437,608,0.719,325,1152,441,155,90,303,608,2015-2016
45,Charleston Southern,30,9,21,0.3,-10.92,-2.59,5,13,6,8,3,12,2146,2253,1210,774,1808,0.428,280,810,0.346,318,512,0.621,308,1053,379,153,63,378,576,2015-2016
46,Charlotte,33,14,19,0.424,-3.14,-1.72,9,9,8,7,5,8,2584,2631,1340,920,2066,0.445,266,696,0.382,478,685,0.698,374,1196,481,204,73,396,588,2015-2016
47,Chattanooga,35,29,6,0.829,3.24,-3.46,15,3,13,1,10,4,2652,2364,1410,897,1963,0.457,262,729,0.359,596,811,0.735,381,1241,504,272,165,437,596,2015-2016
48,Chicago State,32,4,28,0.125,-17.52,-1.38,0,14,4,9,0,15,2140,2478,1280,764,1995,0.383,228,750,0.304,384,573,0.67,414,1172,375,246,98,458,697,2015-2016
49,Cincinnati,33,22,11,0.667,15.19,5.25,12,6,14,3,6,6,2418,2090,1355,851,1980,0.43,252,725,0.348,464,658,0.705,441,1291,508,257,192,363,513,2015-2016
50,Clemson,31,17,14,0.548,12.03,6.87,10,8,13,4,3,8,2159,1999,1250,753,1725,0.437,238,678,0.351,415,574,0.723,320,1076,411,179,162,315,511,2015-2016
51,Cleveland State,32,9,23,0.281,-9.17,0.09,4,14,5,9,3,10,1947,2169,1285,704,1746,0.403,174,537,0.324,365,538,0.678,338,1061,327,196,87,459,670,2015-2016
52,Coastal Carolina,33,21,12,0.636,-1.85,-4.22,12,6,14,4,7,5,2410,2196,1325,854,1909,0.447,244,716,0.341,458,689,0.665,377,1299,396,195,113,406,568,2015-2016
53,Colgate,30,13,17,0.433,-8.61,-6.06,9,9,8,4,5,13,2093,2145,1220,747,1673,0.447,267,718,0.372,332,488,0.68,280,951,398,184,72,365,583,2015-2016
54,College of Charleston,31,17,14,0.548,2.37,0.04,8,10,10,5,6,8,2028,1921,1250,722,1718,0.42,206,595,0.346,378,567,0.667,335,1090,361,222,75,393,620,2015-2016
55,Colorado,34,22,12,0.647,12.04,7.64,10,8,16,1,4,7,2576,2407,1370,865,2029,0.426,252,647,0.389,594,808,0.735,446,1434,461,177,167,454,638,2015-2016
56,Colorado State,34,18,16,0.529,2.31,1.53,8,10,12,5,3,8,2700,2626,1400,878,2067,0.425,326,896,0.364,618,861,0.718,442,1359,455,131,77,395,657,2015-2016
57,Columbia,35,25,10,0.714,3.45,-2.55,10,4,18,4,7,6,2670,2399,1415,899,1986,0.453,336,893,0.376,536,745,0.719,366,1240,518,220,121,379,649,2015-2016
58,Connecticut,36,25,11,0.694,15.89,6.28,11,7,14,3,6,4,2631,2285,1460,944,2078,0.454,255,699,0.365,488,615,0.793,338,1300,489,210,182,385,657,2015-2016
59,Coppin State,31,9,22,0.29,-15.75,-6.06,6,10,5,7,3,14,2240,2497,1280,741,1933,0.383,238,715,0.333,520,737,0.706,406,1144,348,174,91,408,666,2015-2016
60,Cornell,28,10,18,0.357,-9.55,-1.04,3,11,5,8,5,10,1992,2193,1130,703,1674,0.42,233,682,0.342,353,542,0.651,244,910,302,217,107,372,563,2015-2016
61,Creighton,35,20,15,0.571,13.69,6.44,9,9,14,5,4,9,2787,2533,1400,979,2081,0.47,283,804,0.352,546,780,0.7,334,1299,537,211,108,406,661,2015-2016
62,Dartmouth,28,10,18,0.357,-5.58,-3.29,4,10,8,6,2,12,1992,1989,1130,700,1606,0.436,156,458,0.341,436,603,0.723,335,1005,367,192,48,401,569,2015-2016
63,Davidson,33,20,13,0.606,5.74,5.14,10,8,15,1,3,10,2608,2576,1325,894,2022,0.442,317,892,0.355,503,661,0.761,312,1154,497,154,102,335,567,2015-2016
64,Dayton,33,25,8,0.758,11.34,4.76,14,4,14,3,8,2,2393,2176,1335,836,1836,0.455,221,643,0.344,500,749,0.668,327,1265,480,196,145,427,626,2015-2016
65,Delaware,30,7,23,0.233,-8.62,0.85,2,16,5,7,2,15,1986,2270,1205,669,1663,0.402,168,517,0.325,480,701,0.685,330,1132,319,108,87,360,535,2015-2016
66,Delaware State,32,7,25,0.219,-20.88,-6.85,5,11,6,7,1,17,1980,2336,1290,710,1815,0.391,230,698,0.33,330,536,0.616,340,1064,367,173,93,446,635,2015-2016
67,Denver,31,16,15,0.516,-3.34,-3.24,7,9,8,7,6,6,2021,2024,1240,689,1449,0.476,235,613,0.383,408,530,0.77,168,781,443,198,71,404,593,2015-2016
68,DePaul,31,9,22,0.29,0.83,8.34,3,15,5,9,3,10,2092,2325,1245,752,1691,0.445,168,490,0.343,420,618,0.68,317,1059,366,150,95,458,687,2015-2016
69,Detroit Mercy,31,16,15,0.516,-2.44,-0.82,9,9,11,4,4,10,2595,2567,1245,898,1929,0.466,244,651,0.375,555,795,0.698,373,1169,409,213,133,422,706,2015-2016
70,Drake,31,7,24,0.226,-5.15,0.92,2,16,5,9,0,12,2093,2230,1255,736,1639,0.449,215,559,0.385,406,562,0.722,253,1043,378,116,65,421,559,2015-2016
71,Drexel,31,6,25,0.194,-5.42,1.88,3,15,3,9,2,12,1958,2183,1245,677,1721,0.393,170,517,0.329,434,634,0.685,324,1022,384,141,108,345,676,2015-2016
72,Duke,36,25,11,0.694,19.23,10.59,11,7,15,3,5,4,2920,2609,1450,983,2136,0.46,328,851,0.385,626,866,0.723,426,1296,478,226,154,354,603,2015-2016
73,Duquesne,34,17,17,0.5,1.41,1.35,6,12,10,6,4,8,2704,2677,1370,950,2056,0.462,322,883,0.365,482,698,0.691,347,1332,531,159,128,473,689,2015-2016
74,East Carolina,32,12,20,0.375,-0.38,3.22,4,14,8,8,3,10,2186,2301,1305,761,1790,0.425,232,683,0.34,432,620,0.697,320,1093,486,183,64,424,536,2015-2016
75,East Tennessee State,36,24,12,0.667,-1.49,-2.29,14,4,13,2,8,8,2813,2687,1455,984,2135,0.461,295,779,0.379,550,774,0.711,376,1300,447,240,136,462,724,2015-2016
76,Eastern Illinois,30,13,17,0.433,-8.35,-3.52,9,7,9,5,4,9,2145,2213,1220,764,1737,0.44,232,664,0.349,385,587,0.656,299,1002,417,177,68,364,583,2015-2016
77,Eastern Kentucky,31,15,16,0.484,-3.53,-3.86,6,10,10,6,5,10,2497,2453,1240,864,1760,0.491,258,653,0.395,511,700,0.73,274,1004,495,218,95,457,665,2015-2016
78,Eastern Michigan,33,18,15,0.545,-0.14,1.24,9,9,14,3,4,11,2553,2460,1330,875,1961,0.446,187,602,0.311,616,854,0.721,387,1194,379,312,122,425,674,2015-2016
79,Eastern Washington,34,18,16,0.529,-4.47,-6.03,10,8,11,2,5,12,2769,2617,1360,961,1989,0.483,356,924,0.385,491,719,0.683,319,1133,449,202,129,381,658,2015-2016
80,Elon,32,16,16,0.5,-0.67,0.66,7,11,8,8,8,7,2429,2413,1285,865,1942,0.445,303,885,0.342,396,599,0.661,335,1185,488,176,72,411,607,2015-2016
81,Evansville,34,25,9,0.735,8.1,-0.39,12,6,13,3,8,4,2526,2221,1370,879,1795,0.49,158,448,0.353,610,843,0.724,260,1202,595,178,147,426,601,2015-2016
82,Fairfield,33,19,14,0.576,-3.84,-3.14,12,8,11,5,7,7,2522,2545,1345,875,1991,0.439,293,827,0.354,479,650,0.737,298,1146,503,213,135,427,633,2015-2016
83,FDU,33,18,15,0.545,-10.9,-8.31,11,7,9,6,9,8,2558,2600,1335,929,2029,0.458,238,657,0.362,462,663,0.697,348,1108,472,250,87,423,720,2015-2016
84,Florida,36,21,15,0.583,14.69,9.19,9,9,12,4,6,9,2677,2479,1445,930,2186,0.425,258,810,0.319,559,863,0.648,470,1436,480,235,152,405,700,2015-2016
85,Florida A&M,29,8,21,0.276,-21.74,-10.67,4,12,6,6,1,14,1863,2128,1190,644,1606,0.401,168,555,0.303,407,691,0.589,293,1010,319,192,65,466,566,2015-2016
86,Florida Atlantic,33,8,25,0.242,-10.3,-1.72,5,13,5,7,2,14,2189,2445,1325,752,1847,0.407,229,678,0.338,456,624,0.731,282,1071,385,175,140,402,631,2015-2016
87,Florida Gulf Coast,35,21,14,0.6,-0.79,-3.82,8,6,16,4,4,8,2703,2473,1435,1008,2106,0.479,186,527,0.353,501,778,0.644,417,1422,483,230,141,438,674,2015-2016
88,Florida International,32,13,19,0.406,-5.25,-4.81,7,11,7,9,5,8,2277,2242,1300,834,1779,0.469,181,499,0.363,428,645,0.664,328,1196,391,162,148,414,598,2015-2016
89,Florida State,34,20,14,0.588,12.16,8.16,8,10,11,4,4,8,2652,2516,1365,948,2042,0.464,220,645,0.341,536,771,0.695,389,1257,453,243,139,441,656,2015-2016
90,Fordham,31,17,14,0.548,1.87,-0.09,8,10,14,5,3,7,2206,2128,1255,782,1744,0.448,243,702,0.346,399,586,0.681,320,1060,488,263,121,438,610,2015-2016
91,Fresno State,35,25,10,0.714,5.27,2.24,13,5,16,2,6,7,2630,2475,1420,926,2126,0.436,219,638,0.343,559,805,0.694,409,1293,466,295,138,378,764,2015-2016
92,Furman,35,19,16,0.543,-2.83,-4.2,11,7,14,2,3,12,2487,2333,1400,847,1865,0.454,253,785,0.322,540,777,0.695,387,1250,424,217,115,471,622,2015-2016
93,Gardner-Webb,33,17,16,0.515,-6.92,-3.96,10,8,9,4,5,11,2476,2451,1335,871,2039,0.427,276,807,0.342,458,701,0.653,435,1257,442,265,113,439,666,2015-2016
94,George Mason,32,11,21,0.344,-1.79,3.62,5,13,7,8,2,11,2140,2313,1290,766,1888,0.406,172,589,0.292,436,650,0.671,419,1359,328,92,119,407,570,2015-2016
95,George Washington,38,28,10,0.737,11.43,4.24,11,7,16,3,8,5,2875,2602,1530,980,2194,0.447,269,726,0.371,646,858,0.753,453,1442,535,230,125,426,621,2015-2016
96,Georgetown,33,15,18,0.455,10.31,8.49,7,11,9,8,4,8,2430,2370,1335,820,1858,0.441,261,770,0.339,529,704,0.751,316,1181,492,180,146,442,755,2015-2016
97,Georgia,34,20,14,0.588,9.41,8.47,10,8,15,4,3,9,2401,2369,1370,799,1892,0.422,220,598,0.368,583,823,0.708,395,1319,424,164,174,448,703,2015-2016
98,Georgia Southern,31,14,17,0.452,-5.65,-3.14,10,10,10,4,4,12,2353,2307,1250,781,1903,0.41,282,834,0.338,509,728,0.699,374,1131,344,232,73,359,691,2015-2016
99,Georgia State,30,16,14,0.533,-2.8,-2.19,9,11,12,3,4,10,1971,1950,1220,705,1597,0.441,149,436,0.342,412,598,0.689,243,925,352,200,91,350,578,2015-2016
100,Georgia Tech,36,21,15,0.583,12.51,9.95,8,10,14,5,5,8,2637,2545,1445,965,2150,0.449,213,597,0.357,492,681,0.722,469,1398,487,158,151,403,643,2015-2016
101,Gonzaga,36,28,8,0.778,16.92,4.23,15,3,11,4,9,2,2840,2360,1445,1011,2081,0.486,281,738,0.381,537,708,0.758,382,1426,501,184,111,418,623,2015-2016
102,Grambling,31,7,24,0.226,-19.62,-8.48,4,14,5,7,2,15,1924,2110,1250,658,1606,0.41,152,556,0.273,456,706,0.646,283,1013,298,210,52,442,615,2015-2016
103,Grand Canyon,34,27,7,0.794,1.43,-5.6,11,3,18,2,7,5,2581,2316,1365,896,1978,0.453,210,583,0.36,579,835,0.693,399,1301,504,210,90,407,625,2015-2016
104,Green Bay,36,23,13,0.639,1.16,-0.67,11,7,11,3,8,9,3013,2880,1455,1048,2350,0.446,255,730,0.349,662,1007,0.657,458,1385,501,358,166,441,724,2015-2016
105,Hampton,32,21,11,0.656,-8.74,-8.45,13,3,9,2,8,7,2363,2370,1305,810,1967,0.412,206,678,0.304,537,815,0.659,447,1322,381,169,117,440,649,2015-2016
106,Hartford,33,10,23,0.303,-14.29,-5.69,4,12,4,12,6,11,2336,2588,1345,777,1906,0.408,319,902,0.354,463,619,0.748,230,992,408,221,63,385,702,2015-2016
107,Harvard,30,14,16,0.467,-0.96,-0.25,6,8,8,5,4,10,2001,1985,1205,734,1648,0.445,220,569,0.387,313,526,0.595,318,1118,452,150,150,436,538,2015-2016
108,Hawaii,34,28,6,0.824,9.03,-1.04,13,3,16,3,7,2,2620,2267,1365,893,1946,0.459,237,737,0.322,597,873,0.684,362,1270,525,257,124,443,695,2015-2016
109,High Point,32,21,11,0.656,-0.52,-4.24,13,5,12,3,8,7,2473,2258,1290,884,1852,0.477,187,487,0.384,518,680,0.762,337,1074,493,256,94,341,559,2015-2016
110,Hofstra,34,24,10,0.706,5.02,0.77,14,4,11,2,9,5,2681,2509,1390,914,2050,0.446,289,812,0.356,564,818,0.689,402,1327,510,215,108,406,542,2015-2016
111,Holy Cross,35,15,20,0.429,-11.2,-6.11,5,13,8,6,5,13,2267,2445,1425,775,1879,0.412,251,769,0.326,466,678,0.687,279,1052,480,219,86,386,585,2015-2016
112,Houston,32,22,10,0.688,10.3,2.17,12,6,15,3,6,5,2476,2216,1305,897,1926,0.466,215,618,0.348,467,662,0.705,410,1202,412,191,122,333,608,2015-2016
113,Houston Christian,34,17,17,0.5,-10.39,-5.26,10,8,12,3,4,11,2604,2582,1360,899,1903,0.472,204,561,0.364,602,839,0.718,351,1248,471,182,134,502,644,2015-2016
114,Howard,32,12,20,0.375,-14.43,-8.33,6,10,8,7,2,12,2311,2433,1300,750,1846,0.406,144,486,0.296,667,914,0.73,403,1218,275,197,102,477,632,2015-2016
115,Idaho,34,21,13,0.618,-5.19,-5.88,12,6,11,4,8,7,2372,2251,1365,800,1812,0.442,223,591,0.377,549,774,0.709,387,1257,428,178,88,506,735,2015-2016
116,Idaho State,31,16,15,0.516,-9.83,-6.69,11,7,10,3,5,10,2297,2357,1240,769,1767,0.435,250,687,0.364,509,700,0.727,284,1078,380,226,90,409,587,2015-2016
117,Illinois,34,15,19,0.441,4.39,7.03,5,13,7,8,2,8,2452,2542,1395,861,1993,0.432,277,764,0.363,453,607,0.746,258,1075,462,199,65,357,585,2015-2016
118,Illinois State,32,18,14,0.563,3.4,2.59,12,6,13,3,5,8,2149,2114,1285,759,1835,0.414,238,706,0.337,393,588,0.668,344,1141,402,205,115,405,622,2015-2016
119,Illinois-Chicago,30,5,25,0.167,-14.52,-0.81,3,15,5,10,0,13,2019,2348,1220,697,1796,0.388,133,440,0.302,492,795,0.619,406,1235,347,168,162,453,640,2015-2016
120,Incarnate Word,29,17,12,0.586,-9.2,-6.2,12,6,10,3,7,9,2145,2140,1165,718,1653,0.434,234,622,0.376,475,620,0.766,232,974,428,200,75,368,538,2015-2016
121,Indiana,35,27,8,0.771,19.59,6.9,15,3,17,0,6,4,2891,2447,1405,1021,2034,0.502,345,831,0.415,504,688,0.733,414,1288,560,239,137,474,647,2015-2016
122,Indiana State,32,15,17,0.469,0.04,2.2,8,10,10,4,2,11,2170,2222,1295,715,1822,0.392,210,692,0.303,530,765,0.693,343,1213,340,184,86,423,688,2015-2016
123,Iona,33,22,11,0.667,3.59,-1.78,16,4,11,2,8,6,2628,2451,1325,919,2011,0.457,327,884,0.37,463,651,0.711,348,1218,551,248,135,422,642,2015-2016
124,Iowa,33,22,11,0.667,17.01,8.71,12,6,13,2,6,5,2561,2287,1330,906,2027,0.447,269,719,0.374,480,669,0.717,392,1257,523,223,156,339,538,2015-2016
125,Iowa State,35,23,12,0.657,16.93,10.16,10,8,14,2,4,7,2862,2625,1415,1087,2159,0.503,293,758,0.387,395,563,0.702,304,1244,577,218,142,398,542,2015-2016
126,IU Indy,32,13,19,0.406,-5.86,0.11,9,7,9,2,4,15,2181,2362,1290,785,1858,0.422,183,549,0.333,428,607,0.705,321,1105,355,213,81,426,651,2015-2016
127,Jackson State,36,20,16,0.556,-8.66,-9.54,12,6,11,2,7,13,2455,2352,1465,898,2208,0.407,243,781,0.311,416,659,0.631,474,1417,445,279,131,446,771,2015-2016
128,Jacksonville,32,16,16,0.5,-9.34,-6.09,8,6,12,3,4,11,2444,2431,1290,866,1985,0.436,278,715,0.389,434,640,0.678,339,1218,402,207,85,366,592,2015-2016
129,Jacksonville State,31,8,23,0.258,-10.26,-3.95,4,12,5,10,2,12,2100,2234,1245,721,1792,0.402,243,709,0.343,415,567,0.732,315,994,377,158,96,331,611,2015-2016
130,James Madison,32,21,11,0.656,6.17,0.5,11,7,12,6,9,3,2405,2197,1305,830,1848,0.449,278,775,0.359,467,682,0.685,335,1247,406,139,97,380,612,2015-2016
131,Kansas,38,33,5,0.868,23.87,11.22,15,3,16,0,7,3,3089,2570,1540,1092,2207,0.495,304,728,0.418,601,843,0.713,402,1443,604,253,158,478,719,2015-2016
132,Kansas City,31,12,19,0.387,-6.31,-2.24,4,10,9,4,2,13,2152,2240,1245,746,1738,0.429,213,588,0.362,447,663,0.674,356,1084,350,181,98,415,651,2015-2016
133,Kansas State,33,17,16,0.515,12.31,9.79,5,13,12,5,2,9,2334,2251,1345,805,1876,0.429,175,583,0.3,549,798,0.688,437,1204,458,249,91,460,659,2015-2016
134,Kennesaw State,31,11,20,0.355,-8.58,-1.61,7,7,8,6,3,14,2239,2399,1245,811,1826,0.444,179,508,0.352,438,625,0.701,322,1039,378,216,99,405,605,2015-2016
135,Kent State,32,19,13,0.594,-1.53,-1.47,10,8,13,3,6,8,2361,2317,1290,834,1871,0.446,185,564,0.328,508,744,0.683,405,1204,373,170,106,379,578,2015-2016
136,Kentucky,36,27,9,0.75,20.23,8.84,13,5,17,0,4,7,2861,2451,1455,1028,2149,0.478,244,666,0.366,561,813,0.69,462,1395,512,206,207,389,735,2015-2016
137,La Salle,31,9,22,0.29,-6.09,4.65,4,14,7,9,1,12,1987,2279,1240,690,1707,0.404,259,762,0.34,348,520,0.669,274,957,388,217,92,398,539,2015-2016
138,Lafayette,30,6,24,0.2,-15,-6,3,15,4,9,2,15,2142,2412,1235,758,1742,0.435,245,671,0.365,381,551,0.691,242,955,416,171,68,391,588,2015-2016
139,Lamar,30,11,19,0.367,-14.69,-8.77,3,15,7,9,4,10,2263,2310,1200,771,1819,0.424,197,617,0.319,524,781,0.671,415,1171,425,225,116,439,699,2015-2016
140,Lehigh,32,17,15,0.531,-4.42,-5.2,13,5,10,5,7,9,2268,2210,1280,810,1777,0.456,237,604,0.392,411,565,0.727,307,1095,477,214,103,416,548,2015-2016
141,Liberty,32,13,19,0.406,-10.42,-3.73,10,8,8,6,5,9,2070,2188,1280,738,1644,0.449,283,774,0.366,311,434,0.717,214,943,419,178,44,442,638,2015-2016
142,Lipscomb,33,12,21,0.364,-8.85,-3.81,7,7,6,9,5,9,2590,2689,1340,888,2017,0.44,331,921,0.359,483,695,0.695,335,1202,549,208,98,458,628,2015-2016
143,Little Rock,35,30,5,0.857,7.12,-1.76,17,3,14,0,12,4,2487,2129,1415,886,1958,0.453,266,693,0.384,449,616,0.729,324,1195,451,230,106,355,640,2015-2016
144,Long Beach State,35,20,15,0.571,4.09,4.57,12,4,11,2,6,10,2613,2568,1415,896,2077,0.431,287,783,0.367,534,776,0.688,371,1251,532,226,90,430,722,2015-2016
145,Long Island University,31,16,15,0.516,-11.79,-11.01,9,9,8,6,8,9,2362,2386,1255,813,1884,0.432,179,602,0.297,557,779,0.715,386,1173,432,238,87,422,652,2015-2016
146,Longwood,33,10,23,0.303,-11.42,-5.15,5,13,5,8,4,12,2397,2503,1330,860,1899,0.453,227,650,0.349,450,636,0.708,350,1197,421,205,91,474,624,2015-2016
147,Louisiana,34,19,15,0.559,2.62,-1.94,12,8,13,3,5,11,2706,2476,1370,931,2099,0.444,222,716,0.31,622,891,0.698,485,1410,433,218,123,425,634,2015-2016
148,Louisiana State,33,19,14,0.576,8.79,7,11,7,15,3,3,8,2602,2543,1330,915,1990,0.46,203,620,0.327,569,856,0.665,368,1231,507,263,90,394,609,2015-2016
149,Louisiana Tech,33,23,10,0.697,-0.07,-4.4,12,6,16,1,7,7,2624,2395,1345,915,1999,0.458,234,704,0.332,560,842,0.665,358,1257,463,247,142,412,597,2015-2016
150,Louisiana-Monroe,34,20,14,0.588,-0.18,-1.46,15,5,13,0,6,11,2471,2360,1390,896,1956,0.458,225,636,0.354,454,647,0.702,376,1233,481,198,113,411,596,2015-2016
151,Louisville,31,23,8,0.742,21.57,7.74,12,6,18,1,4,7,2324,1895,1240,866,1847,0.469,186,536,0.347,406,588,0.69,415,1183,419,222,149,353,597,2015-2016
152,Loyola (IL),32,15,17,0.469,-0.7,1.11,7,11,9,7,4,7,2059,2082,1295,722,1700,0.425,196,565,0.347,413,565,0.731,246,977,370,189,90,405,584,2015-2016
153,Loyola (MD),30,9,21,0.3,-10.9,-5.24,8,10,5,9,4,12,2090,2260,1230,732,1702,0.43,161,530,0.304,465,653,0.712,334,1054,338,162,102,392,648,2015-2016
154,Loyola Marymount,31,14,17,0.452,-3.63,0.87,6,12,8,6,5,10,2208,2319,1265,796,1903,0.418,227,669,0.339,389,536,0.726,349,1047,482,211,90,352,631,2015-2016
155,Maine,30,8,22,0.267,-17.39,-6.49,4,12,5,8,3,14,2279,2606,1215,825,1909,0.432,228,673,0.339,401,611,0.656,337,1055,433,249,90,491,638,2015-2016
156,Manhattan,31,13,18,0.419,-7.48,-3.12,9,11,8,6,4,11,2133,2268,1255,708,1644,0.431,232,643,0.361,485,655,0.74,242,916,436,238,71,442,672,2015-2016
157,Marist,30,7,23,0.233,-11.69,-4.52,4,16,4,10,2,12,2145,2360,1220,723,1713,0.422,248,726,0.342,451,615,0.733,261,975,350,138,81,364,587,2015-2016
158,Marquette,33,20,13,0.606,7.66,5.57,8,10,12,7,5,5,2517,2448,1340,884,1888,0.468,194,572,0.339,555,764,0.726,311,1179,533,258,137,485,620,2015-2016
159,Marshall,33,17,16,0.515,0.83,-0.3,12,6,10,4,5,9,2838,2801,1330,1017,2183,0.466,332,985,0.337,472,681,0.693,341,1230,554,226,103,424,637,2015-2016
160,Maryland,36,27,9,0.75,16.71,8.31,12,6,16,1,4,6,2725,2400,1445,943,1941,0.486,267,739,0.361,572,745,0.768,319,1288,488,210,194,458,605,2015-2016
161,Maryland-Baltimore County,32,7,25,0.219,-15.37,-6.87,3,13,4,9,3,15,2307,2579,1290,788,1788,0.441,216,652,0.331,515,754,0.683,279,1017,393,223,57,398,636,2015-2016
162,Maryland-Eastern Shore,32,10,22,0.313,-14.23,-6.17,7,9,7,4,3,17,2178,2399,1295,759,1715,0.443,201,610,0.33,459,648,0.708,337,1100,403,188,72,512,691,2015-2016
163,Massachusetts,32,14,18,0.438,0.64,2.96,6,12,9,7,3,9,2353,2427,1300,817,1903,0.429,234,709,0.33,485,694,0.699,307,1141,443,207,113,409,668,2015-2016
164,Massachusetts-Lowell,29,11,18,0.379,-13.59,-6.17,7,9,6,6,5,12,2221,2401,1170,800,1705,0.469,240,659,0.364,381,556,0.685,249,947,426,205,71,455,596,2015-2016
165,McNeese State,29,9,20,0.31,-15.24,-6.74,7,11,7,6,2,13,2083,2301,1185,719,1751,0.411,205,617,0.332,440,629,0.7,321,1045,331,171,126,370,583,2015-2016
166,Memphis,34,19,15,0.559,9.84,3.58,8,10,14,6,2,8,2603,2390,1370,877,2124,0.413,206,635,0.324,643,890,0.722,436,1379,510,261,185,407,680,2015-2016
167,Mercer,34,19,15,0.559,-3.11,-4.55,8,10,10,3,3,11,2446,2339,1390,871,1958,0.445,210,612,0.343,494,676,0.731,436,1363,509,174,85,431,588,2015-2016
168,Miami (FL),35,27,8,0.771,18.52,10.69,13,5,15,1,6,5,2633,2359,1405,907,1895,0.479,241,643,0.375,578,772,0.749,330,1207,438,215,127,383,581,2015-2016
169,Miami (OH),33,13,20,0.394,-5.91,-0.25,6,12,10,8,3,11,2089,2249,1320,719,1781,0.404,178,582,0.306,471,646,0.729,326,1068,336,218,72,402,617,2015-2016
170,Michigan,36,23,13,0.639,13.75,7.92,10,8,13,4,4,6,2656,2426,1445,947,2048,0.462,342,901,0.38,420,569,0.738,290,1152,537,203,81,348,558,2015-2016
171,Michigan State,35,29,6,0.829,22.59,6.94,13,5,14,2,7,3,2793,2245,1410,1009,2078,0.486,321,739,0.434,454,623,0.729,427,1454,719,156,177,406,671,2015-2016
172,Middle Tennessee,35,25,10,0.714,2.66,-0.7,13,5,11,3,8,5,2539,2410,1405,909,2025,0.449,279,716,0.39,442,718,0.616,369,1283,455,215,123,419,700,2015-2016
173,Milwaukee,33,20,13,0.606,2.89,-2.02,10,8,9,4,7,6,2618,2391,1345,879,1927,0.456,306,842,0.363,554,718,0.772,321,1195,566,149,86,362,562,2015-2016
174,Minnesota,31,8,23,0.258,0.86,6.86,2,16,7,10,0,9,2108,2294,1255,724,1785,0.406,191,616,0.31,469,662,0.708,310,1067,379,170,112,354,565,2015-2016
175,Mississippi,32,20,12,0.625,7.91,4.81,10,8,12,2,7,7,2405,2306,1290,796,1916,0.415,252,746,0.338,561,791,0.709,424,1230,412,242,100,386,635,2015-2016
176,Mississippi State,31,14,17,0.452,8.18,6.02,7,11,10,5,2,9,2323,2256,1245,850,1862,0.456,225,674,0.334,398,549,0.725,325,1096,431,202,132,393,596,2015-2016
177,Mississippi Valley State,35,8,27,0.229,-19.86,-8.11,6,12,3,6,3,19,2293,2704,1425,826,2129,0.388,179,590,0.303,462,667,0.693,380,1245,373,241,82,470,671,2015-2016
178,Missouri,31,10,21,0.323,2.5,6.88,3,15,10,7,0,11,2126,2262,1240,732,1736,0.422,175,565,0.31,487,688,0.708,295,1109,362,169,81,386,636,2015-2016
179,Missouri State,32,13,19,0.406,-3.52,2.58,8,10,8,7,4,8,2153,2321,1290,752,1817,0.414,168,533,0.315,481,713,0.675,333,1135,390,199,130,409,622,2015-2016
180,Monmouth,36,28,8,0.778,5.29,-1.85,17,3,11,2,13,4,2861,2604,1450,963,2214,0.435,282,770,0.366,653,850,0.768,388,1397,443,296,128,443,767,2015-2016
181,Montana,33,21,12,0.636,-0.72,-4.29,14,4,12,2,7,9,2393,2225,1330,841,1807,0.465,254,680,0.374,457,657,0.696,304,1138,451,173,83,409,712,2015-2016
182,Montana State,31,14,17,0.452,-6.91,-5.35,9,9,8,3,4,12,2369,2411,1245,831,1916,0.434,297,797,0.373,410,598,0.686,394,1159,392,149,62,375,683,2015-2016
183,Morehead State,37,23,14,0.622,1.04,-1.65,11,5,14,2,8,11,2722,2553,1495,974,2219,0.439,215,593,0.363,557,801,0.695,541,1380,533,304,83,464,859,2015-2016
184,Morgan State,31,9,22,0.29,-12.57,-7.97,6,10,6,6,2,15,2089,2223,1250,734,1854,0.396,161,535,0.301,460,672,0.685,377,1089,349,188,68,368,572,2015-2016
185,Mount St. Mary's,33,14,19,0.424,-9.93,-7.99,10,8,9,3,5,15,2218,2282,1335,788,1967,0.401,226,713,0.317,416,601,0.692,318,1022,361,248,119,401,655,2015-2016
186,Murray State,31,17,14,0.548,-1.58,-3.06,10,6,10,4,4,8,2212,2093,1245,770,1694,0.455,226,621,0.364,444,613,0.724,308,1018,445,186,66,367,617,2015-2016
187,Navy,33,19,14,0.576,-4.99,-7.05,9,9,6,9,11,4,2230,2135,1340,805,1768,0.455,141,469,0.301,479,748,0.64,370,1187,448,188,125,430,648,2015-2016
188,NC State,33,16,17,0.485,9.83,9.04,5,13,11,7,3,8,2482,2456,1330,866,1999,0.433,207,595,0.348,543,777,0.699,457,1306,383,149,141,366,558,2015-2016
189,Nebraska,34,16,18,0.471,8.84,5.57,6,12,10,8,3,8,2456,2345,1370,883,1976,0.447,220,634,0.347,470,644,0.73,377,1197,397,250,112,401,656,2015-2016
190,Nevada,38,24,14,0.632,2.85,1.79,10,8,16,3,5,10,2878,2740,1550,973,2293,0.424,202,658,0.307,730,992,0.736,459,1535,478,254,216,495,788,2015-2016
191,Nevada-Las Vegas,33,18,15,0.545,5.5,3.17,8,10,13,3,2,10,2581,2427,1350,887,2015,0.44,252,760,0.332,555,815,0.681,371,1270,499,266,168,466,700,2015-2016
192,New Hampshire,33,20,13,0.606,-7.89,-7.05,11,5,11,3,9,10,2342,2297,1330,809,1944,0.416,222,666,0.333,502,693,0.724,376,1296,389,126,59,385,585,2015-2016
193,New Mexico,32,17,15,0.531,5.21,2.58,10,8,12,4,5,7,2432,2348,1285,829,1782,0.465,196,540,0.363,578,783,0.738,310,1173,462,180,130,489,657,2015-2016
194,New Mexico State,34,23,11,0.676,3.59,-3.54,13,1,15,2,7,8,2424,2145,1380,887,1919,0.462,179,537,0.333,471,696,0.677,415,1395,475,141,160,462,535,2015-2016
195,New Orleans,30,10,20,0.333,-14.21,-8.17,6,12,7,5,3,14,2249,2325,1205,763,1820,0.419,162,480,0.338,561,816,0.688,422,1138,408,252,77,452,640,2015-2016
196,Niagara,32,7,25,0.219,-11.26,-3.86,5,15,5,8,1,14,2067,2304,1300,735,1821,0.404,166,589,0.282,431,620,0.695,384,1168,347,165,103,461,626,2015-2016
197,Nicholls State,34,11,23,0.324,-16.68,-5.23,6,12,8,4,1,17,2298,2598,1375,787,1875,0.42,212,694,0.305,512,782,0.655,315,1144,433,229,164,534,686,2015-2016
198,NJIT,35,20,15,0.571,-4.17,-4.56,8,6,12,6,8,9,2629,2587,1410,911,2045,0.445,306,865,0.354,501,679,0.738,330,1214,562,226,93,452,672,2015-2016
199,Norfolk State,34,17,17,0.5,-7.55,-6.73,12,4,9,2,7,10,2494,2494,1370,813,1919,0.424,242,697,0.347,626,808,0.775,376,1182,411,191,174,423,712,2015-2016
200,North Carolina,40,33,7,0.825,23.44,10.69,14,4,15,1,6,5,3311,2801,1600,1235,2560,0.482,224,685,0.327,617,826,0.747,568,1624,708,269,177,431,718,2015-2016
201,North Carolina A&T,32,10,22,0.313,-16.78,-8.49,7,9,8,6,2,13,2169,2433,1305,745,1836,0.406,199,633,0.314,480,675,0.711,357,1148,339,162,77,439,718,2015-2016
202,North Carolina Central,32,13,19,0.406,-13,-10.03,7,9,8,5,3,12,2220,2235,1285,779,1805,0.432,200,575,0.348,462,697,0.663,395,1178,406,186,54,444,635,2015-2016
203,North Dakota,33,17,16,0.515,-3.68,-4.91,10,8,10,5,4,9,2474,2366,1340,876,1926,0.455,203,565,0.359,519,761,0.682,293,1209,439,257,90,435,694,2015-2016
204,North Dakota State,33,20,13,0.606,-0.93,-2.99,8,8,12,1,4,11,2271,2129,1325,817,1837,0.445,214,630,0.34,423,619,0.683,302,1149,347,198,117,348,523,2015-2016
205,North Florida,34,22,12,0.647,-1.41,-3.92,10,4,14,3,7,9,2865,2704,1360,1000,2065,0.484,411,1002,0.41,454,624,0.728,293,1168,559,177,172,383,551,2015-2016
206,North Texas,32,12,20,0.375,-9.83,-3.23,7,11,11,7,1,12,2386,2505,1285,830,1838,0.452,187,567,0.33,539,838,0.643,362,1158,362,210,98,443,685,2015-2016
207,Northeastern,33,18,15,0.545,1.6,1.35,9,9,7,7,8,7,2376,2339,1365,793,1808,0.439,286,770,0.371,504,704,0.716,295,1111,485,202,109,409,546,2015-2016
208,Northern Arizona,30,5,25,0.167,-18.29,-2.83,3,15,4,9,1,15,2054,2438,1225,699,1749,0.4,220,650,0.338,436,619,0.704,260,1002,372,185,60,389,563,2015-2016
209,Northern Colorado,31,10,21,0.323,-12.22,-4.01,7,11,7,9,3,10,2292,2482,1240,780,1726,0.452,203,545,0.372,529,727,0.728,328,1077,320,178,78,427,703,2015-2016
210,Northern Illinois,34,21,13,0.618,-0.46,-1.2,9,9,18,1,3,10,2463,2285,1370,842,1970,0.427,238,681,0.349,541,791,0.684,416,1331,472,250,118,430,687,2015-2016
211,Northern Iowa,36,23,13,0.639,8.78,4.44,11,7,11,3,6,8,2475,2303,1455,849,1864,0.455,298,796,0.374,479,633,0.757,195,1091,429,204,94,357,560,2015-2016
212,Northern Kentucky,30,9,21,0.3,-6.87,-0.69,5,13,7,7,2,13,2116,2233,1210,755,1719,0.439,234,656,0.357,372,545,0.683,281,1033,439,142,88,406,615,2015-2016
213,Northwestern,32,20,12,0.625,10.16,4.12,8,10,14,4,5,6,2304,2111,1305,837,1859,0.45,278,776,0.358,352,528,0.667,342,1167,527,124,121,331,605,2015-2016
214,Northwestern State,28,8,20,0.286,-15.74,-5.66,5,13,6,7,2,13,2224,2413,1120,770,1688,0.456,207,578,0.358,477,623,0.766,286,919,433,174,90,407,560,2015-2016
215,Notre Dame,36,24,12,0.667,14.1,9.57,11,7,14,2,5,5,2704,2541,1445,972,2042,0.476,262,700,0.374,498,671,0.742,381,1265,480,197,143,359,544,2015-2016
216,Oakland,35,23,12,0.657,6.3,-1.61,13,5,8,4,11,5,3023,2746,1405,1002,2186,0.458,316,794,0.398,703,913,0.77,399,1373,545,215,116,399,667,2015-2016
217,Ohio,35,23,12,0.657,1.9,-1.18,11,7,16,3,5,6,2746,2617,1410,937,1993,0.47,296,767,0.386,576,759,0.759,289,1251,487,157,128,414,632,2015-2016
218,Ohio State,35,21,14,0.6,9.39,7.08,11,7,15,6,4,6,2462,2381,1420,876,1995,0.439,219,655,0.334,491,718,0.684,379,1333,397,191,183,451,620,2015-2016
219,Oklahoma,37,29,8,0.784,19.76,11.14,12,6,14,1,7,5,2948,2629,1495,1018,2225,0.458,382,906,0.422,530,734,0.722,407,1418,537,247,188,484,630,2015-2016
220,Oklahoma State,32,12,20,0.375,8.18,8.81,3,15,8,8,1,9,2128,2148,1295,723,1709,0.423,205,625,0.328,477,654,0.729,310,1111,389,179,132,402,636,2015-2016
221,Old Dominion,38,25,13,0.658,4.66,-2.31,12,6,11,4,7,6,2604,2339,1530,987,2227,0.443,159,528,0.301,471,691,0.682,501,1474,505,221,150,346,687,2015-2016
222,Omaha,32,18,14,0.563,-0.24,-2.04,10,6,9,4,7,9,2729,2619,1295,953,2023,0.471,202,599,0.337,621,833,0.745,340,1129,460,297,94,413,657,2015-2016
223,Oral Roberts,31,14,17,0.452,-2.69,0.59,6,10,8,4,4,12,2356,2384,1245,832,1821,0.457,194,514,0.377,498,665,0.749,299,1101,384,162,133,373,563,2015-2016
224,Oregon,38,31,7,0.816,18.05,8.64,14,4,18,0,5,5,2990,2614,1525,1041,2230,0.467,260,758,0.343,648,906,0.715,442,1382,517,275,221,431,675,2015-2016
225,Oregon State,32,19,13,0.594,10.39,9.26,9,9,12,3,4,7,2301,2244,1280,811,1843,0.44,218,587,0.371,461,687,0.671,337,1102,432,236,106,361,642,2015-2016
226,Pacific,28,8,20,0.286,-3.57,2.35,6,12,6,8,2,11,1948,2009,1140,685,1559,0.439,190,576,0.33,388,575,0.675,282,993,362,125,71,383,637,2015-2016
227,Penn State,32,16,16,0.5,3.17,6.95,7,11,11,4,3,8,2107,2228,1290,732,1799,0.407,211,665,0.317,432,621,0.696,333,1109,322,166,141,361,644,2015-2016
228,Pennsylvania,28,11,17,0.393,-6.18,-2.15,5,9,9,6,2,11,1911,2013,1130,685,1606,0.427,200,657,0.304,341,508,0.671,287,1001,381,146,75,373,513,2015-2016
229,Pepperdine,32,18,14,0.563,2.33,1.68,10,8,10,3,6,8,2349,2287,1300,840,1861,0.451,162,469,0.345,507,754,0.672,351,1182,457,187,93,357,595,2015-2016
230,Pittsburgh,33,21,12,0.636,15.47,8.75,9,9,15,4,3,6,2476,2220,1330,878,1919,0.458,204,589,0.346,516,686,0.752,417,1257,547,162,121,384,581,2015-2016
231,Portland,32,12,20,0.375,-2.21,0.56,6,12,8,7,3,9,2483,2552,1285,868,2012,0.431,289,787,0.367,458,633,0.724,369,1130,425,208,128,389,697,2015-2016
232,Portland State,31,13,18,0.419,-8.15,-5.94,8,10,8,6,4,11,2408,2409,1240,908,1904,0.477,167,519,0.322,425,645,0.659,329,1096,527,263,112,390,589,2015-2016
233,Prairie View,31,7,24,0.226,-17.43,-6.82,7,11,4,6,3,16,1873,2202,1240,657,1727,0.38,127,467,0.272,432,630,0.686,355,998,269,239,84,465,691,2015-2016
234,Presbyterian,31,11,20,0.355,-13.38,-4.98,5,13,7,8,3,11,2093,2259,1245,754,1743,0.433,148,502,0.295,437,615,0.711,298,1047,350,206,60,441,595,2015-2016
235,Princeton,29,22,7,0.759,7.17,-1.72,12,2,13,0,9,6,2294,1989,1175,800,1725,0.464,282,736,0.383,412,579,0.712,288,1069,431,206,104,330,503,2015-2016
236,Providence,35,24,11,0.686,11.94,8.46,10,8,13,4,7,4,2577,2455,1415,881,2093,0.421,249,776,0.321,566,781,0.725,402,1263,550,229,123,397,591,2015-2016
237,Purdue,35,26,9,0.743,20.17,7.46,12,6,17,1,5,5,2726,2281,1415,960,2042,0.47,268,731,0.367,538,723,0.744,407,1443,615,147,165,419,607,2015-2016
238,Purdue Fort Wayne,34,24,10,0.706,0,-1.66,12,4,12,1,10,7,2701,2585,1370,932,2017,0.462,354,863,0.41,483,671,0.72,342,1230,512,190,112,417,588,2015-2016
239,Quinnipiac,30,9,21,0.3,-10.38,-4.98,6,14,6,8,3,11,1969,2131,1215,698,1897,0.368,229,671,0.341,344,532,0.647,498,1299,377,146,141,459,611,2015-2016
240,Radford,31,16,15,0.516,-5.17,-3.45,9,9,8,6,7,7,2266,2248,1270,844,1885,0.448,226,658,0.343,352,541,0.651,408,1174,410,183,138,416,580,2015-2016
241,Rhode Island,32,17,15,0.531,7.92,3.29,9,9,13,4,3,9,2220,2072,1295,782,1762,0.444,213,584,0.365,443,662,0.669,335,1118,391,170,159,368,606,2015-2016
242,Rice,32,12,20,0.375,-8.8,-2.7,7,11,9,8,3,11,2427,2576,1285,813,1798,0.452,228,716,0.318,573,773,0.741,294,1052,419,205,89,419,562,2015-2016
243,Richmond,32,16,16,0.5,7.28,4.56,7,11,9,7,5,7,2450,2363,1295,890,1848,0.482,240,674,0.356,430,652,0.66,251,1021,531,210,74,327,610,2015-2016
244,Rider,33,13,20,0.394,-5,-3.6,8,12,7,6,4,12,2177,2223,1340,769,1803,0.427,204,647,0.315,435,638,0.682,330,1170,416,189,124,421,587,2015-2016
245,Robert Morris,32,10,22,0.313,-13.53,-7.75,8,10,4,8,5,14,2082,2267,1285,741,1780,0.416,178,645,0.276,422,633,0.667,303,1042,400,265,127,454,552,2015-2016
246,Rutgers,32,7,25,0.219,-7.06,6.43,1,17,7,11,0,11,2166,2571,1295,785,1878,0.418,161,503,0.32,435,640,0.68,314,1113,377,195,113,443,562,2015-2016
247,Sacramento State,31,14,17,0.452,-8.63,-5.32,6,12,10,5,3,11,2210,2237,1245,790,1784,0.443,209,618,0.338,421,627,0.671,302,1112,434,175,130,367,631,2015-2016
248,Sacred Heart,30,12,18,0.4,-13.01,-9.05,11,7,6,5,5,13,2217,2336,1210,785,1795,0.437,169,544,0.311,478,695,0.688,378,1128,363,190,77,442,625,2015-2016
249,Saint Francis (PA),30,13,17,0.433,-12.57,-9.06,9,9,8,6,5,11,2110,2181,1210,716,1700,0.421,218,607,0.359,460,662,0.695,349,1093,356,140,95,379,515,2015-2016
250,Saint Joseph's,36,28,8,0.778,12.1,4.93,13,5,12,4,10,2,2780,2522,1445,976,2153,0.453,251,767,0.327,577,806,0.716,364,1378,534,184,119,355,583,2015-2016
251,Saint Louis,32,11,21,0.344,-2.73,3.49,5,13,7,11,3,8,2106,2305,1290,724,1726,0.419,199,607,0.328,459,653,0.703,230,1045,426,175,66,436,646,2015-2016
252,Saint Mary's (CA),35,29,6,0.829,13.6,1.24,15,3,20,1,7,4,2576,2132,1400,951,1887,0.504,303,747,0.406,371,539,0.688,310,1225,583,169,119,335,539,2015-2016
253,Saint Peter's,30,14,16,0.467,-5,-4.3,12,8,9,5,5,10,1966,1987,1210,700,1660,0.422,183,560,0.327,383,582,0.658,322,1102,357,164,96,392,528,2015-2016
254,Sam Houston,34,18,16,0.529,-6.06,-6.5,12,6,10,5,6,9,2551,2427,1370,876,2013,0.435,264,775,0.341,535,767,0.698,382,1261,575,188,57,400,742,2015-2016
255,Samford,33,14,19,0.424,-5.94,-4.49,4,14,6,7,5,11,2440,2442,1345,845,1857,0.455,177,548,0.323,573,798,0.718,346,1143,435,226,113,455,691,2015-2016
256,San Diego,30,9,21,0.3,-7.78,1.42,4,14,6,7,1,11,1822,2074,1200,630,1614,0.39,192,673,0.285,370,559,0.662,289,995,328,139,118,410,640,2015-2016
257,San Diego State,38,28,10,0.737,11.89,4.33,16,2,16,4,9,2,2605,2303,1530,885,2100,0.421,222,687,0.323,613,892,0.687,453,1475,405,210,207,467,648,2015-2016
258,San Francisco,30,15,15,0.5,-2.92,-0.68,8,10,10,7,5,7,2329,2362,1220,808,1839,0.439,233,659,0.354,480,708,0.678,388,1181,371,162,88,379,619,2015-2016
259,San Jose State,31,9,22,0.29,-5.79,1.35,4,14,7,7,1,13,2186,2290,1245,756,1783,0.424,212,690,0.307,462,701,0.659,327,1130,449,186,120,430,687,2015-2016
260,Santa Clara,31,11,20,0.355,-4.67,1.86,7,11,7,8,3,9,2083,2272,1265,713,1741,0.41,232,675,0.344,425,592,0.718,279,1047,383,134,83,350,613,2015-2016
261,Savannah State,32,16,16,0.5,-15.39,-8.59,9,7,12,3,2,12,1992,2167,1285,667,1685,0.396,204,647,0.315,452,686,0.659,297,1022,330,201,84,473,632,2015-2016
262,Seattle,32,15,17,0.469,-9.62,-5.02,7,7,10,8,3,8,2074,2140,1285,735,1732,0.424,197,550,0.358,407,612,0.665,364,1174,415,193,51,505,584,2015-2016
263,Seton Hall,34,25,9,0.735,14.66,8.28,12,6,13,3,7,4,2522,2305,1365,892,1999,0.446,206,594,0.347,532,808,0.658,438,1355,455,251,155,469,636,2015-2016
264,Siena,34,21,13,0.618,1.73,-3.19,13,7,12,3,7,9,2659,2492,1385,929,1992,0.466,215,585,0.368,586,812,0.722,455,1362,492,210,155,546,714,2015-2016
265,South Alabama,33,14,19,0.424,-8.18,-2.02,8,12,8,6,4,11,2284,2426,1345,784,1917,0.409,213,660,0.323,503,747,0.673,390,1228,350,221,132,483,664,2015-2016
266,South Carolina,34,25,9,0.735,12.01,5.83,11,7,16,3,5,5,2583,2357,1370,882,2040,0.432,216,614,0.352,603,883,0.683,472,1372,461,230,151,464,672,2015-2016
267,South Carolina State,34,19,15,0.559,-9.99,-8.24,12,4,10,1,6,12,2485,2485,1360,885,1955,0.453,201,589,0.341,514,716,0.718,342,1145,432,156,94,400,656,2015-2016
268,South Carolina Upstate,32,10,22,0.313,-13.78,-4.39,4,10,7,10,3,12,2315,2495,1290,860,1914,0.449,218,640,0.341,377,590,0.639,417,1228,484,175,106,449,623,2015-2016
269,South Dakota,32,14,18,0.438,-5.58,-0.88,5,11,6,6,5,10,2443,2537,1305,912,1954,0.467,201,565,0.356,418,596,0.701,289,1077,492,209,113,388,662,2015-2016
270,South Dakota State,34,26,8,0.765,5.44,-1.22,12,4,12,0,8,7,2591,2316,1360,877,1950,0.45,255,715,0.357,582,783,0.743,381,1279,381,169,84,399,670,2015-2016
271,South Florida,33,8,25,0.242,-2.85,5.24,4,14,4,14,3,9,2085,2352,1320,774,1852,0.418,133,465,0.286,404,612,0.66,413,1271,331,150,176,485,588,2015-2016
272,Southeast Missouri State,29,5,24,0.172,-16.05,-3.43,2,14,3,10,2,14,1944,2252,1165,699,1710,0.409,154,513,0.3,392,612,0.641,326,1022,358,218,46,402,514,2015-2016
273,Southeastern Louisiana,33,12,21,0.364,-13.61,-7.55,9,9,9,3,2,15,2344,2489,1325,831,1833,0.453,241,648,0.372,441,694,0.635,336,1140,472,211,89,504,688,2015-2016
274,Southern,35,22,13,0.629,-7.68,-9.37,11,7,12,1,6,10,2534,2406,1400,909,2046,0.444,211,610,0.346,505,754,0.67,365,1258,381,258,123,391,680,2015-2016
275,Southern California,34,21,13,0.618,13.52,7.64,9,9,16,2,3,7,2737,2537,1380,982,2138,0.459,266,688,0.387,507,750,0.676,401,1337,504,215,181,415,590,2015-2016
276,Southern Illinois,32,22,10,0.688,2.79,-1.3,11,7,12,4,9,4,2360,2229,1290,828,1827,0.453,212,618,0.343,492,718,0.685,357,1135,371,232,63,438,685,2015-2016
277,SIU Edwardsville,28,6,22,0.214,-10.78,-2.6,3,13,3,11,3,11,1839,2068,1130,634,1591,0.398,158,519,0.304,413,587,0.704,339,1001,303,138,112,377,619,2015-2016
278,Southern Methodist,30,25,5,0.833,18.42,4.56,13,5,16,1,7,4,2319,1903,1200,858,1727,0.497,194,462,0.42,409,584,0.7,396,1183,528,182,137,372,472,2015-2016
279,Southern Mississippi,29,8,21,0.276,-10.58,-3.66,5,13,6,9,2,12,1866,2045,1180,612,1496,0.409,257,721,0.356,385,540,0.713,228,920,353,156,63,388,543,2015-2016
280,Southern Utah,30,6,24,0.2,-17.36,-4.22,3,15,3,10,3,13,2040,2429,1210,707,1621,0.436,200,550,0.364,426,598,0.712,238,926,338,163,79,381,602,2015-2016
281,St. Bonaventure,31,22,9,0.71,6.55,1.87,14,4,14,3,8,5,2409,2264,1250,812,1826,0.445,256,687,0.373,529,684,0.773,345,1102,418,184,132,357,602,2015-2016
282,St. Francis (NY),32,15,17,0.469,-11.24,-9.24,11,7,9,5,6,11,2095,2131,1290,710,1787,0.397,240,776,0.309,435,652,0.667,390,1185,370,191,161,442,600,2015-2016
283,St. John's (NY),32,8,24,0.25,-1.9,7.94,1,17,7,10,0,10,2174,2472,1280,757,1864,0.406,206,633,0.325,454,714,0.636,345,1142,413,202,175,491,680,2015-2016
284,Stanford,30,15,15,0.5,8.06,10.41,8,10,12,5,2,8,2088,2111,1210,704,1653,0.426,172,538,0.32,508,742,0.685,328,1030,350,203,94,355,600,2015-2016
285,Stephen F. Austin,34,28,6,0.824,9.23,-5.47,18,0,14,0,9,4,2728,2153,1360,972,2032,0.478,269,741,0.363,515,701,0.735,405,1188,635,310,122,411,700,2015-2016
286,Stetson,34,12,22,0.353,-10.78,-4.35,4,10,6,8,5,13,2729,2807,1390,962,2124,0.453,282,773,0.365,523,725,0.721,331,1213,519,215,83,418,614,2015-2016
287,Stony Brook,33,26,7,0.788,3.75,-5.28,14,2,15,1,11,5,2515,2115,1325,933,1992,0.468,220,598,0.368,429,637,0.673,426,1312,541,204,150,379,523,2015-2016
288,Syracuse,37,23,14,0.622,14.62,9.75,9,9,13,4,3,8,2589,2409,1495,884,2080,0.425,315,876,0.36,506,736,0.688,445,1319,493,300,162,440,598,2015-2016
289,TCU,33,12,21,0.364,4.07,8.62,2,16,9,9,1,10,2209,2359,1320,734,1810,0.406,187,558,0.335,554,826,0.671,355,1111,382,213,126,478,675,2015-2016
290,Temple,33,21,12,0.636,7.69,6.57,14,4,11,3,8,4,2267,2230,1345,822,2021,0.407,255,757,0.337,368,538,0.684,371,1225,445,173,103,305,535,2015-2016
291,Tennessee,34,15,19,0.441,7.8,7.86,6,12,12,4,1,11,2554,2556,1360,890,2116,0.421,251,767,0.327,523,721,0.725,428,1292,459,180,156,380,662,2015-2016
292,Tennessee State,31,20,11,0.645,-1.81,-5.3,11,5,11,3,7,7,2273,2134,1260,795,1760,0.452,173,517,0.335,510,734,0.695,352,1149,328,250,113,426,639,2015-2016
293,Tennessee Tech,31,19,12,0.613,-3.21,-3.66,11,5,14,1,5,9,2416,2340,1245,792,1730,0.458,266,731,0.364,566,762,0.743,291,1102,442,159,119,383,600,2015-2016
294,Tennessee-Martin,35,20,15,0.571,-5.57,-4.72,10,6,11,2,8,10,2554,2494,1420,888,2000,0.444,274,789,0.347,504,711,0.709,371,1279,425,203,70,426,609,2015-2016
295,Texas,33,20,13,0.606,14.8,11.71,11,7,14,3,5,5,2355,2253,1330,814,1884,0.432,232,681,0.341,495,743,0.666,363,1139,377,167,144,341,688,2015-2016
296,Texas A&M,37,28,9,0.757,18.45,8.45,13,5,17,1,5,5,2828,2458,1500,991,2208,0.449,281,824,0.341,565,841,0.672,477,1461,612,260,133,434,668,2015-2016
297,Texas A&M-Corpus Christi,33,25,8,0.758,-3.18,-5.44,15,3,13,1,10,6,2428,2308,1320,838,1918,0.437,215,631,0.341,537,728,0.738,373,1159,421,306,149,419,700,2015-2016
298,Texas Southern,33,18,15,0.545,-4.64,-6.94,16,2,9,0,7,13,2403,2327,1320,848,1853,0.458,222,657,0.338,485,769,0.631,408,1249,469,146,101,434,505,2015-2016
299,Texas State,31,15,16,0.484,-5.36,-4.29,8,12,10,4,4,11,2046,1993,1250,727,1692,0.43,149,459,0.325,443,658,0.673,336,1063,366,189,96,370,576,2015-2016
300,Texas Tech,32,19,13,0.594,12.41,10.25,9,9,14,3,3,7,2305,2236,1295,785,1754,0.448,185,534,0.346,550,741,0.742,326,1086,418,190,134,385,589,2015-2016
301,Texas-Rio Grande Valley,30,8,22,0.267,-17.88,-4.25,4,10,7,6,1,13,1993,2330,1200,716,1712,0.418,212,633,0.335,349,520,0.671,257,1004,459,143,91,374,536,2015-2016
302,The Citadel,32,10,22,0.313,-15.95,-4.75,3,15,6,8,3,13,2753,2962,1285,938,2242,0.418,363,1121,0.324,514,704,0.73,404,1148,489,281,99,441,770,2015-2016
303,Toledo,32,17,15,0.531,2.96,-2.36,8,10,9,6,6,8,2482,2286,1280,865,1881,0.46,263,722,0.364,489,655,0.747,306,1161,523,167,63,373,552,2015-2016
304,Towson,33,20,13,0.606,-0.06,-1.57,11,7,12,3,7,6,2358,2227,1330,805,1888,0.426,182,574,0.317,566,840,0.674,472,1295,371,203,155,401,677,2015-2016
305,Troy,31,9,22,0.29,-9.21,-2.07,4,16,4,10,4,10,2145,2329,1250,740,1817,0.407,208,675,0.308,457,713,0.641,349,1132,349,185,88,376,582,2015-2016
306,Tulane,34,12,22,0.353,-0.85,3.79,3,15,6,10,2,10,2240,2398,1390,802,2021,0.397,216,719,0.3,420,621,0.676,415,1268,372,218,131,451,649,2015-2016
307,Tulsa,32,20,12,0.625,9.79,5.76,12,6,12,3,6,5,2356,2227,1290,821,1849,0.444,219,671,0.326,495,731,0.677,323,1123,435,216,88,346,563,2015-2016
308,UAB,33,26,7,0.788,3.5,-3.07,16,2,16,0,10,4,2606,2323,1340,942,1970,0.478,250,671,0.373,472,654,0.722,366,1259,607,213,201,414,579,2015-2016
309,UC Davis,30,11,19,0.367,-5.58,-1.26,6,10,8,7,3,11,1914,1980,1225,697,1608,0.433,164,463,0.354,356,557,0.639,256,1033,342,186,49,427,531,2015-2016
310,UC Irvine,38,28,10,0.737,5.33,0.77,13,3,11,2,13,5,2706,2512,1535,977,2128,0.459,241,652,0.37,511,752,0.68,370,1416,568,217,198,471,706,2015-2016
311,UC Riverside,33,14,19,0.424,-5.66,-3.08,5,11,7,9,7,9,2299,2300,1320,788,1839,0.428,252,716,0.352,471,670,0.703,328,1164,410,170,101,433,654,2015-2016
312,UC Santa Barbara,33,19,14,0.576,3.79,1.44,11,5,6,5,10,6,2335,2219,1325,859,1944,0.442,251,697,0.36,366,522,0.701,345,1235,496,195,98,419,647,2015-2016
313,UCF,30,12,18,0.4,0.18,3.01,6,12,8,8,4,9,2062,2147,1210,715,1663,0.43,207,650,0.318,425,619,0.687,329,1166,379,137,139,440,467,2015-2016
314,UCLA,32,15,17,0.469,10.48,9.69,6,12,11,6,3,7,2480,2455,1295,915,2016,0.454,200,551,0.363,450,651,0.691,393,1266,502,175,110,392,595,2015-2016
315,UNC Asheville,34,22,12,0.647,1.1,-3.25,12,6,11,3,6,7,2552,2313,1370,898,1973,0.455,195,603,0.323,561,808,0.694,396,1278,422,312,112,444,587,2015-2016
316,UNC Greensboro,34,15,19,0.441,-6.01,-3.23,10,8,12,4,3,14,2469,2494,1370,890,1997,0.446,296,815,0.363,393,579,0.679,322,1167,440,208,86,407,675,2015-2016
317,UNC Wilmington,33,25,8,0.758,6.25,0.35,14,4,12,2,8,5,2620,2379,1335,928,2039,0.455,230,677,0.34,534,760,0.703,397,1237,438,246,143,374,793,2015-2016
318,UT Arlington,35,24,11,0.686,5.02,-3.42,13,7,13,2,10,8,2762,2417,1415,956,2249,0.425,307,942,0.326,543,780,0.696,520,1530,590,261,99,482,730,2015-2016
319,Utah,36,27,9,0.75,15.5,8.79,13,5,16,1,5,5,2778,2502,1460,977,2000,0.489,273,746,0.366,551,764,0.721,347,1335,557,199,149,451,549,2015-2016
320,Utah State,31,16,15,0.516,2.68,2.06,7,11,10,6,5,8,2274,2217,1240,802,1779,0.451,257,695,0.37,413,597,0.692,319,1108,454,171,81,373,546,2015-2016
321,Utah Valley,30,12,18,0.4,-9.58,-3.58,6,8,7,7,5,9,2280,2360,1210,785,1833,0.428,256,729,0.351,454,628,0.723,277,1100,435,176,95,399,627,2015-2016
322,UTEP,33,19,14,0.576,-3.81,-4.93,10,8,14,4,2,9,2554,2471,1335,896,1926,0.465,223,618,0.361,539,809,0.666,299,1197,512,197,116,417,672,2015-2016
323,UTSA,32,5,27,0.156,-16.36,-3.36,3,15,4,10,1,14,2317,2698,1290,796,1915,0.416,220,691,0.318,505,719,0.702,327,1086,366,206,80,435,701,2015-2016
324,Valparaiso,37,30,7,0.811,10.71,0.02,16,2,17,1,12,4,2782,2323,1490,964,2178,0.443,298,829,0.359,556,769,0.723,468,1533,526,246,175,479,731,2015-2016
325,Vanderbilt,33,19,14,0.576,17.2,8.68,11,7,14,2,3,9,2506,2225,1330,857,1879,0.456,273,714,0.382,519,747,0.695,313,1273,487,139,182,386,632,2015-2016
326,Vermont,37,23,14,0.622,-1.51,-4.73,11,5,13,3,9,10,2774,2611,1480,986,2051,0.481,255,666,0.383,547,772,0.709,343,1321,495,212,161,490,719,2015-2016
327,Villanova,40,35,5,0.875,24.08,9.71,16,2,15,1,10,2,3118,2543,1605,1086,2247,0.483,347,959,0.362,599,766,0.782,351,1385,637,282,136,440,681,2015-2016
328,Virginia,37,29,8,0.784,22.04,11.12,13,5,15,0,5,6,2626,2222,1485,964,1964,0.491,224,557,0.402,474,630,0.752,323,1189,551,199,119,345,596,2015-2016
329,Virginia Commonwealth,36,25,11,0.694,13.83,4.35,14,4,15,2,7,4,2781,2440,1450,1010,2238,0.451,262,745,0.352,499,721,0.692,447,1347,515,309,135,405,706,2015-2016
330,VMI,30,9,21,0.3,-12.96,-3.15,4,14,8,6,1,14,2081,2264,1205,729,1770,0.412,263,783,0.336,360,498,0.723,290,996,330,184,126,397,586,2015-2016
331,Virginia Tech,35,20,15,0.571,9.93,7.53,10,8,14,5,4,7,2624,2540,1425,876,1953,0.449,200,575,0.348,672,964,0.697,371,1230,426,188,125,447,673,2015-2016
332,Wagner,34,23,11,0.676,-4.79,-9.52,13,5,13,4,10,7,2389,2209,1365,856,2019,0.424,203,617,0.329,474,665,0.713,474,1348,451,237,136,454,743,2015-2016
333,Wake Forest,31,11,20,0.355,5.53,10.53,2,16,6,9,3,9,2295,2450,1250,793,1804,0.44,195,618,0.316,514,779,0.66,377,1186,434,184,138,451,649,2015-2016
334,Washington,34,19,15,0.559,11.21,8.12,9,9,13,5,3,7,2853,2748,1385,964,2264,0.426,249,752,0.331,676,932,0.725,473,1360,488,258,222,470,813,2015-2016
335,Washington State,31,9,22,0.29,0.5,7.97,1,17,8,9,0,10,2187,2394,1260,805,1760,0.457,184,530,0.347,393,551,0.713,247,1048,419,155,134,440,615,2015-2016
336,Weber State,35,26,9,0.743,0.18,-5.13,15,3,13,1,6,7,2662,2344,1420,908,1885,0.482,291,785,0.371,555,821,0.676,300,1296,477,175,119,462,611,2015-2016
337,West Virginia,35,26,9,0.743,21.61,9.78,13,5,13,2,7,4,2749,2335,1410,943,2102,0.449,209,643,0.325,654,972,0.673,558,1380,510,343,93,498,819,2015-2016
338,Western Carolina,34,16,18,0.471,-4.98,-1.53,10,8,12,2,3,15,2479,2490,1385,851,1993,0.427,242,730,0.332,535,760,0.704,404,1241,427,275,110,485,705,2015-2016
339,Western Illinois,27,10,17,0.37,-6.2,-1.32,3,13,7,6,3,11,1904,1914,1080,676,1521,0.444,190,490,0.388,362,502,0.721,233,948,361,163,89,332,555,2015-2016
340,Western Kentucky,34,18,16,0.529,-1.29,-0.89,8,10,12,4,3,9,2620,2586,1385,925,1970,0.47,233,643,0.362,537,768,0.699,405,1311,463,151,139,450,610,2015-2016
341,Western Michigan,32,13,19,0.406,-2.07,0.06,7,11,10,5,2,12,2342,2352,1310,786,1824,0.431,197,569,0.346,573,805,0.712,359,1190,382,183,80,401,633,2015-2016
342,Wichita State,35,26,9,0.743,17.39,4.24,16,2,14,1,9,3,2535,2066,1410,867,2023,0.429,250,771,0.324,551,768,0.717,408,1305,489,255,125,346,705,2015-2016
343,William & Mary,31,20,11,0.645,5.57,1.3,11,7,12,3,7,7,2384,2205,1250,843,1755,0.48,241,652,0.37,457,636,0.719,258,1141,501,170,132,331,512,2015-2016
344,Winthrop,32,23,9,0.719,-1.42,-5.7,13,5,14,1,7,7,2631,2429,1280,890,1869,0.476,285,768,0.371,566,756,0.749,291,1160,378,174,175,403,602,2015-2016
345,Wisconsin,35,22,13,0.629,13.4,9.4,12,6,13,5,6,5,2373,2233,1410,816,1917,0.426,229,656,0.349,512,728,0.703,398,1228,400,205,114,386,588,2015-2016
346,Wofford,32,15,17,0.469,-3.75,-2.35,11,7,11,2,4,14,2296,2295,1295,771,1725,0.447,270,662,0.408,484,645,0.75,274,1013,470,163,56,379,608,2015-2016
347,Wright State,35,22,13,0.629,0.18,-1.76,13,5,13,2,5,9,2399,2303,1405,856,1916,0.447,256,687,0.373,431,621,0.694,232,1094,478,193,75,397,770,2015-2016
348,Wyoming,32,14,18,0.438,0.09,2.19,7,11,10,6,4,8,2193,2302,1295,689,1570,0.439,307,829,0.37,508,710,0.715,175,989,372,126,82,346,581,2015-2016
349,Xavier,34,28,6,0.824,18.58,8.43,14,4,15,1,8,3,2737,2392,1360,928,2054,0.452,255,702,0.363,626,857,0.73,436,1387,548,246,101,429,678,2015-2016
350,Yale,30,23,7,0.767,9.08,-1.03,13,1,12,0,9,6,2248,1914,1205,795,1693,0.47,190,523,0.363,468,699,0.67,407,1208,452,170,137,398,530,2015-2016
351,Youngstown State,32,11,21,0.344,-10.86,-0.86,6,12,6,8,3,11,2437,2682,1305,870,2021,0.43,257,704,0.365,440,619,0.711,283,1081,467,219,80,387,571,2015-2016
1,Abilene Christian,29,13,16,0.448,-11.86,-7.1,7,11,9,5,4,11,2009,2073,1180,721,1555,0.464,207,550,0.376,360,543,0.663,222,904,408,210,83,412,631,2016-2017
2,Air Force,33,12,21,0.364,-3.06,1,4,14,11,7,0,11,2411,2477,1335,817,1876,0.436,264,728,0.363,513,715,0.717,310,1149,494,197,57,390,594,2016-2017
3,Akron,36,27,9,0.75,3.59,-1.21,14,4,13,2,7,6,2772,2550,1440,949,2035,0.466,366,984,0.372,508,744,0.683,357,1246,517,198,118,422,653,2016-2017
4,Alabama,34,19,15,0.559,11.29,7.47,10,8,11,6,5,6,2330,2200,1380,809,1909,0.424,225,710,0.317,487,746,0.653,418,1327,390,200,141,474,664,2016-2017
5,Alabama A&M,29,2,27,0.069,-26.99,-11.09,2,16,1,9,1,18,1794,2255,1175,628,1549,0.405,125,447,0.28,411,614,0.669,299,914,326,100,50,384,526,2016-2017
6,Alabama State,31,8,23,0.258,-19.75,-10.75,6,12,6,5,1,17,2042,2305,1260,719,1834,0.392,200,674,0.297,404,634,0.637,427,1188,300,150,98,488,629,2016-2017
7,Albany (NY),35,21,14,0.6,-0.16,-4.69,10,6,11,5,9,8,2496,2301,1400,907,1941,0.467,192,516,0.372,490,647,0.757,379,1257,444,178,60,416,617,2016-2017
8,Alcorn State,32,18,14,0.563,-12.33,-10.95,13,5,11,2,6,11,2221,2175,1285,800,1866,0.429,222,669,0.332,399,612,0.652,387,1243,425,209,115,452,610,2016-2017
9,American,30,8,22,0.267,-10.3,-3.5,5,13,4,11,4,11,1845,2049,1205,692,1542,0.449,168,529,0.318,293,474,0.618,204,868,339,209,73,396,548,2016-2017
10,Appalachian State,30,9,21,0.3,-8.67,-1.6,4,14,8,6,1,14,2208,2279,1205,749,1781,0.421,251,742,0.338,459,674,0.681,339,1126,414,167,91,414,641,2016-2017
11,Arizona,37,32,5,0.865,18.25,7.63,16,2,15,1,9,1,2833,2440,1480,977,2048,0.477,244,625,0.39,635,830,0.765,380,1358,501,201,119,413,625,2016-2017
12,Arizona State,33,15,18,0.455,4.02,7.11,7,11,9,7,4,6,2593,2695,1325,888,2047,0.434,328,896,0.366,489,653,0.749,304,1075,430,194,106,344,556,2016-2017
13,Arkansas,36,26,10,0.722,14.04,8.6,12,6,15,3,6,5,2855,2659,1440,997,2165,0.461,233,638,0.365,628,825,0.761,401,1298,497,278,170,428,739,2016-2017
14,Arkansas State,32,20,12,0.625,0.87,-2.1,11,7,12,1,7,9,2346,2211,1285,826,1792,0.461,220,579,0.38,474,743,0.638,352,1169,397,172,83,414,652,2016-2017
15,Arkansas-Pine Bluff,32,7,25,0.219,-22.81,-10.28,6,12,6,6,1,19,1977,2320,1305,695,1725,0.403,208,621,0.335,379,581,0.652,335,1013,334,279,93,578,718,2016-2017
16,Army,32,13,19,0.406,-5.84,-4.1,6,12,9,8,4,10,2324,2340,1295,842,1906,0.442,291,825,0.353,349,533,0.655,317,1213,520,178,61,483,620,2016-2017
17,Auburn,32,18,14,0.563,8.17,7.33,7,11,10,5,6,6,2573,2546,1290,861,1969,0.437,289,789,0.366,562,836,0.672,369,1171,416,234,162,434,668,2016-2017
18,Austin Peay,30,11,19,0.367,-11,-2.32,7,9,5,8,4,11,2331,2515,1215,806,1718,0.469,227,640,0.355,492,695,0.708,245,913,324,171,73,373,547,2016-2017
19,Ball State,34,21,13,0.618,-1.45,-3.57,11,7,11,5,7,7,2677,2567,1380,929,2014,0.461,319,841,0.379,500,696,0.718,335,1281,529,203,118,496,658,2016-2017
20,Baylor,35,27,8,0.771,19.75,11.87,12,6,15,2,6,4,2550,2228,1400,921,1956,0.471,230,641,0.359,478,661,0.723,451,1329,544,180,166,469,617,2016-2017
21,Belmont,30,23,7,0.767,4.28,-1.69,15,1,12,1,11,4,2302,2078,1205,798,1703,0.469,306,895,0.342,400,521,0.768,254,1057,481,131,80,380,531,2016-2017
22,Bethune-Cookman,32,10,22,0.313,-19.44,-11.21,6,10,7,7,2,13,2275,2490,1315,840,2022,0.415,228,712,0.32,367,554,0.662,397,1135,448,245,96,413,644,2016-2017
23,Binghamton,32,12,20,0.375,-11.99,-5.79,3,13,7,7,4,13,2175,2270,1285,768,1757,0.437,248,685,0.362,391,555,0.705,251,1055,410,167,78,397,545,2016-2017
24,Boise State,32,20,12,0.625,5.52,2.72,12,6,11,3,8,7,2404,2278,1280,811,1802,0.45,253,726,0.348,529,743,0.712,309,1139,387,158,77,409,662,2016-2017
25,Boston College,32,9,23,0.281,2.2,8.08,2,16,8,10,0,9,2320,2508,1280,843,1880,0.448,256,685,0.374,378,556,0.68,292,1119,473,179,87,467,597,2016-2017
26,Boston University,32,18,14,0.563,-2.43,-3.66,12,6,11,5,6,9,2339,2264,1300,817,1844,0.443,274,773,0.354,431,619,0.696,321,1141,449,265,81,444,610,2016-2017
27,Bowling Green State,32,13,19,0.406,-6,-2,7,11,10,7,3,12,2355,2453,1295,832,1957,0.425,220,644,0.342,471,706,0.667,353,1153,390,221,87,408,623,2016-2017
28,Bradley,33,13,20,0.394,-2.84,2.94,7,11,8,7,3,10,2163,2333,1325,731,1722,0.425,217,609,0.356,484,719,0.673,297,1156,372,203,118,499,672,2016-2017
29,Brigham Young,34,22,12,0.647,8.22,1.87,12,6,14,4,5,4,2741,2525,1360,937,2057,0.456,230,668,0.344,637,869,0.733,363,1418,534,224,156,469,657,2016-2017
30,Brown,30,13,17,0.433,-8.55,-4.08,4,10,9,7,4,8,2275,2338,1200,735,1660,0.443,244,665,0.367,561,739,0.759,275,933,399,228,56,430,597,2016-2017
31,Bryant,32,12,20,0.375,-9.69,-5.43,9,9,9,5,2,15,2373,2478,1315,839,1917,0.438,237,701,0.338,458,636,0.72,345,1148,460,218,69,428,680,2016-2017
32,Bucknell,35,26,9,0.743,5.89,-2.48,15,3,14,2,9,6,2669,2376,1400,942,1961,0.48,286,754,0.379,497,730,0.681,302,1203,510,252,134,466,655,2016-2017
33,Buffalo,32,17,15,0.531,0.92,-1.01,11,7,8,4,8,7,2486,2375,1285,877,1945,0.451,240,727,0.33,492,711,0.692,397,1295,459,181,127,453,735,2016-2017
34,Butler,34,25,9,0.735,17.7,10.23,12,6,13,3,7,4,2595,2341,1370,906,1898,0.477,261,714,0.366,522,704,0.741,287,1091,453,206,96,346,640,2016-2017
35,Cal Poly,31,11,20,0.355,-10.71,-4.22,6,10,6,6,5,11,2082,2242,1250,726,1800,0.403,258,758,0.34,372,534,0.697,300,1003,322,162,113,333,574,2016-2017
36,Cal State Bakersfield,35,25,10,0.714,3.21,-1.94,12,2,12,1,11,6,2502,2235,1425,895,2035,0.44,229,652,0.351,483,755,0.64,432,1349,507,286,137,519,794,2016-2017
37,Cal State Fullerton,32,17,15,0.531,-7.55,-6.85,10,6,12,4,4,8,2351,2280,1315,821,1850,0.444,196,631,0.311,513,747,0.687,348,1196,387,223,117,465,666,2016-2017
38,Cal State Northridge,30,11,19,0.367,-8.34,-4.13,7,9,7,7,4,8,2341,2440,1200,806,1747,0.461,145,415,0.349,584,801,0.729,295,1052,411,207,90,399,638,2016-2017
39,California,34,21,13,0.618,11.11,6.34,10,8,15,4,3,6,2316,2154,1380,807,1911,0.422,226,664,0.34,476,720,0.661,394,1323,409,165,155,428,656,2016-2017
40,Campbell,37,19,18,0.514,-9.68,-7.59,7,11,11,8,6,9,2653,2605,1490,909,1992,0.456,294,798,0.368,541,720,0.751,291,1219,432,244,151,476,662,2016-2017
41,Canisius,34,18,16,0.529,-2.82,-3.5,10,10,7,7,9,8,2665,2642,1370,943,2066,0.456,309,832,0.371,470,639,0.736,364,1120,601,230,64,446,659,2016-2017
42,Central Arkansas,32,8,24,0.25,-13.04,-3.76,7,11,5,6,3,16,2395,2692,1295,836,1910,0.438,230,613,0.375,493,687,0.718,337,1151,465,178,84,446,606,2016-2017
43,Central Connecticut State,29,6,23,0.207,-17.51,-7.68,4,14,3,9,3,14,1827,2112,1170,675,1602,0.421,146,418,0.349,331,534,0.62,332,966,341,166,68,413,539,2016-2017
44,Central Michigan,32,16,16,0.5,-5.76,-2.63,6,12,10,5,5,9,2826,2807,1295,912,2153,0.424,399,1115,0.358,603,762,0.791,364,1244,362,181,93,362,612,2016-2017
45,Charleston Southern,31,12,19,0.387,-12.28,-6.21,7,11,9,6,3,12,2304,2343,1255,824,1868,0.441,228,669,0.341,428,643,0.666,336,1092,341,176,89,358,620,2016-2017
46,Charlotte,30,13,17,0.433,-5.24,-0.93,7,11,10,5,3,9,2295,2407,1205,800,1803,0.444,237,630,0.376,458,614,0.746,224,979,361,190,94,366,578,2016-2017
47,Chattanooga,31,19,12,0.613,1.1,-2.08,10,8,11,3,7,7,2314,2132,1245,801,1718,0.466,231,667,0.346,481,677,0.71,322,1005,377,241,145,413,570,2016-2017
48,Chicago State,32,6,26,0.188,-16.67,-0.19,1,13,3,7,2,17,2089,2511,1300,739,1923,0.384,212,681,0.311,399,569,0.701,344,1123,360,215,68,440,616,2016-2017
49,Cincinnati,36,30,6,0.833,18.43,5.49,16,2,18,0,8,3,2674,2208,1450,969,2116,0.458,264,764,0.346,472,688,0.686,437,1328,557,261,173,361,566,2016-2017
50,Clemson,33,17,16,0.515,13.22,9.98,6,12,11,6,3,7,2468,2361,1325,871,1939,0.449,239,669,0.357,487,666,0.731,365,1124,414,235,130,354,501,2016-2017
51,Cleveland State,31,9,22,0.29,-6.73,-1.53,5,13,5,6,2,14,2083,2222,1260,745,1838,0.405,219,709,0.309,374,541,0.691,339,1024,327,221,94,405,636,2016-2017
52,Coastal Carolina,39,20,19,0.513,-3.94,-1.48,10,8,15,6,3,12,2833,2858,1570,1021,2416,0.423,318,963,0.33,473,719,0.658,479,1571,467,237,109,508,709,2016-2017
53,Colgate,32,10,22,0.313,-8.47,-3.6,8,10,4,8,6,12,2145,2273,1305,745,1693,0.44,271,732,0.37,384,567,0.677,263,1037,414,164,82,470,603,2016-2017
54,College of Charleston,35,25,10,0.714,3.99,-0.19,14,4,12,2,10,5,2416,2260,1405,804,1862,0.432,220,670,0.328,588,799,0.736,302,1194,355,194,117,364,604,2016-2017
55,Colorado,34,19,15,0.559,9.12,6,8,10,13,4,4,9,2568,2455,1370,888,1993,0.446,250,718,0.348,542,770,0.704,403,1276,474,172,146,410,632,2016-2017
56,Colorado State,36,24,12,0.667,6.03,2.17,13,5,15,5,7,5,2611,2447,1440,879,2070,0.425,257,758,0.339,596,815,0.731,410,1374,397,218,123,392,618,2016-2017
57,Columbia,27,11,16,0.407,-5.67,-3.13,5,9,7,6,4,10,1940,1964,1090,700,1603,0.437,211,584,0.361,329,465,0.708,273,941,418,190,79,347,506,2016-2017
58,Connecticut,33,16,17,0.485,7.23,6.61,9,9,8,6,4,8,2220,2189,1330,778,1809,0.43,223,628,0.355,441,619,0.712,336,1209,432,146,177,402,575,2016-2017
59,Coppin State,32,8,24,0.25,-21.51,-8.01,7,9,5,6,3,16,2119,2521,1290,705,1846,0.382,225,708,0.318,484,745,0.65,367,1115,335,182,72,440,664,2016-2017
60,Cornell,29,8,21,0.276,-8.4,-1.55,4,10,3,8,4,12,2074,2238,1165,746,1646,0.453,244,720,0.339,338,484,0.698,219,976,417,150,78,419,529,2016-2017
61,Creighton,35,25,10,0.714,17.27,8.95,10,8,13,4,7,4,2864,2549,1400,1078,2137,0.504,304,766,0.397,404,592,0.682,289,1223,598,213,102,435,582,2016-2017
62,Dartmouth,27,7,20,0.259,-11.15,-3.45,4,10,3,9,4,11,1812,2020,1085,631,1463,0.431,199,565,0.352,351,495,0.709,249,917,301,124,48,401,493,2016-2017
63,Davidson,32,17,15,0.531,6.45,4.26,8,10,8,5,5,7,2362,2292,1290,814,1861,0.437,292,856,0.341,442,587,0.753,285,1149,499,163,106,390,583,2016-2017
64,Dayton,32,24,8,0.75,12.98,4.27,15,3,15,1,7,3,2428,2126,1285,820,1763,0.465,258,671,0.385,530,768,0.69,277,1097,500,249,128,376,601,2016-2017
65,Delaware,33,13,20,0.394,-9.97,-1.42,5,13,9,5,3,12,2157,2381,1325,775,1838,0.422,196,643,0.305,411,599,0.686,322,1159,385,176,102,396,625,2016-2017
66,Delaware State,32,10,22,0.313,-18.81,-9.37,7,9,4,7,6,14,2186,2399,1295,782,1865,0.419,263,727,0.362,359,545,0.659,348,1057,429,177,89,436,608,2016-2017
67,Denver,30,16,14,0.533,-2.99,-4.19,8,8,8,5,7,8,2275,2239,1210,811,1684,0.482,223,555,0.402,428,583,0.734,273,1058,452,150,64,404,603,2016-2017
68,DePaul,32,9,23,0.281,2.09,7.78,2,16,8,10,1,9,2206,2388,1285,775,1804,0.43,184,564,0.326,472,642,0.735,339,1057,366,213,92,451,635,2016-2017
69,Detroit Mercy,31,8,23,0.258,-10.72,-1.62,6,12,5,9,3,13,2387,2630,1255,830,1867,0.445,251,675,0.372,476,717,0.664,320,1036,398,203,78,451,741,2016-2017
70,Drake,31,7,24,0.226,-4.71,1.91,5,13,6,9,1,11,2208,2390,1255,760,1856,0.409,270,782,0.345,418,553,0.756,311,1070,404,188,75,389,563,2016-2017
71,Drexel,32,9,23,0.281,-7.43,-2.56,3,15,5,8,4,14,2397,2508,1300,865,1987,0.435,256,741,0.345,411,617,0.666,380,1177,470,187,98,425,644,2016-2017
72,Duke,37,28,9,0.757,21.56,10.91,11,7,15,1,4,6,2991,2597,1480,1019,2144,0.475,311,822,0.378,642,842,0.762,390,1341,484,226,172,421,675,2016-2017
73,Duquesne,32,10,22,0.313,-3.06,0.69,3,15,8,10,1,10,2256,2376,1280,785,1835,0.428,226,677,0.334,460,680,0.676,343,1167,401,157,127,454,593,2016-2017
74,East Carolina,33,15,18,0.455,-0.49,1.33,6,12,12,5,1,11,2088,2148,1320,716,1797,0.398,214,668,0.32,442,673,0.657,370,1252,394,168,171,459,550,2016-2017
75,East Tennessee State,35,27,8,0.771,7.31,-2.11,14,4,13,2,8,5,2782,2438,1415,960,1967,0.488,265,693,0.382,597,850,0.702,357,1269,516,293,162,519,698,2016-2017
76,Eastern Illinois,29,14,15,0.483,-5.35,-5.05,6,10,8,6,6,9,2169,2083,1195,772,1852,0.417,259,696,0.372,366,501,0.731,347,1081,444,198,119,370,559,2016-2017
77,Eastern Kentucky,31,12,19,0.387,-8.65,-2.44,5,11,8,6,3,12,2197,2330,1265,750,1751,0.428,235,733,0.321,462,655,0.705,286,1018,422,185,113,432,619,2016-2017
78,Eastern Michigan,33,16,17,0.485,-0.18,0.16,7,11,10,6,5,10,2566,2409,1330,918,2046,0.449,211,616,0.343,519,716,0.725,420,1201,443,317,144,399,704,2016-2017
79,Eastern Washington,34,22,12,0.647,-2.77,-4.43,13,5,15,1,6,10,2695,2592,1410,947,1975,0.479,281,741,0.379,520,675,0.77,309,1196,421,158,162,415,679,2016-2017
80,Elon,32,18,14,0.563,0.24,-1.39,10,8,10,4,6,8,2403,2292,1310,850,1911,0.445,308,868,0.355,395,577,0.685,291,1209,466,165,73,374,532,2016-2017
81,Evansville,33,16,17,0.485,1.45,2.42,6,12,13,4,2,9,2288,2261,1335,800,1762,0.454,127,347,0.366,561,787,0.713,298,1136,442,172,99,389,659,2016-2017
82,Fairfield,31,16,15,0.516,-4.75,-3.85,11,9,7,6,8,8,2251,2279,1250,822,1859,0.442,262,782,0.335,345,506,0.682,275,1115,464,166,92,416,567,2016-2017
83,FDU,30,11,19,0.367,-9.28,-5.31,9,9,7,4,3,14,2183,2250,1205,754,1713,0.44,201,606,0.332,474,620,0.765,291,993,366,189,78,398,637,2016-2017
84,Florida,36,27,9,0.75,22.4,11.01,14,4,9,1,8,4,2804,2394,1455,953,2118,0.45,278,776,0.358,620,851,0.729,416,1331,450,272,167,431,661,2016-2017
85,Florida A&M,30,7,23,0.233,-20.88,-11.85,5,11,4,10,3,11,2153,2365,1220,762,1800,0.423,187,538,0.348,442,671,0.659,305,1047,379,197,99,407,568,2016-2017
86,Florida Atlantic,30,10,20,0.333,-7.95,-1.98,6,12,5,9,5,8,2108,2221,1215,756,1838,0.411,204,639,0.319,392,558,0.703,316,1066,369,171,93,348,570,2016-2017
87,Florida Gulf Coast,34,26,8,0.765,2.26,-3.42,12,2,16,3,10,3,2701,2356,1370,1007,2017,0.499,221,636,0.347,466,664,0.702,379,1269,527,207,116,421,635,2016-2017
88,Florida International,31,7,24,0.226,-8.1,-3.27,3,15,6,9,1,13,2178,2282,1270,805,1773,0.454,181,545,0.332,387,516,0.75,315,1051,346,185,67,413,570,2016-2017
89,Florida State,35,26,9,0.743,18.87,8.87,12,6,18,0,3,6,2873,2523,1400,1036,2146,0.483,233,671,0.347,568,824,0.689,409,1324,511,259,180,415,684,2016-2017
90,Fordham,32,13,19,0.406,-1.97,1.36,7,11,8,9,5,8,2090,2167,1300,741,1783,0.416,264,791,0.334,344,474,0.726,261,913,429,314,91,418,611,2016-2017
91,Fresno State,33,20,13,0.606,4.37,2.31,11,7,13,2,6,10,2426,2315,1350,852,1872,0.455,209,593,0.352,513,763,0.672,314,1175,414,277,127,444,718,2016-2017
92,Furman,35,23,12,0.657,1.46,-3.75,14,4,11,3,12,8,2590,2319,1410,918,1941,0.473,319,828,0.385,435,624,0.697,317,1211,524,245,82,451,613,2016-2017
93,Gardner-Webb,33,19,14,0.576,-3.08,-5.71,11,7,9,5,8,8,2546,2319,1345,913,1905,0.479,209,552,0.379,511,819,0.624,372,1259,486,291,118,474,670,2016-2017
94,George Mason,34,20,14,0.588,3.01,1.28,9,9,10,7,7,5,2519,2437,1385,879,1962,0.448,182,542,0.336,579,775,0.747,381,1370,398,169,96,440,570,2016-2017
95,George Washington,35,20,15,0.571,2.37,2.11,10,8,14,3,5,8,2447,2438,1400,821,1938,0.424,276,743,0.371,529,710,0.745,394,1279,466,192,136,453,541,2016-2017
96,Georgetown,32,14,18,0.438,11.18,9.31,5,13,9,8,3,7,2369,2309,1290,808,1752,0.461,206,590,0.349,547,746,0.733,305,1142,480,175,147,454,672,2016-2017
97,Georgia,34,19,15,0.559,11.13,10.28,9,9,12,6,5,7,2435,2393,1370,836,1903,0.439,175,538,0.325,588,777,0.757,330,1259,429,182,126,444,632,2016-2017
98,Georgia Southern,33,18,15,0.545,-3.63,-2.83,11,7,10,4,6,11,2492,2420,1325,841,1909,0.441,303,837,0.362,507,763,0.664,320,1147,342,224,102,388,641,2016-2017
99,Georgia State,33,20,13,0.606,-0.33,-2.17,12,6,11,3,6,9,2442,2312,1325,885,1888,0.469,246,690,0.357,426,658,0.647,334,1174,399,236,140,463,673,2016-2017
100,Georgia Tech,37,21,16,0.568,7.82,8.21,8,10,16,4,3,10,2496,2472,1485,910,2079,0.438,171,516,0.331,505,740,0.682,356,1330,570,245,221,494,592,2016-2017
101,Gonzaga,39,37,2,0.949,25.26,4.13,17,1,15,1,9,0,3222,2398,1560,1149,2280,0.504,286,749,0.382,638,890,0.717,378,1587,595,265,183,448,660,2016-2017
102,Grambling,33,16,17,0.485,-17.29,-11.89,10,8,11,2,4,12,2361,2412,1340,841,1943,0.433,184,581,0.317,495,747,0.663,398,1108,368,292,76,450,658,2016-2017
103,Grand Canyon,31,22,9,0.71,-0.16,-4.22,11,3,15,3,5,6,2282,2103,1250,790,1812,0.436,205,619,0.331,497,747,0.665,335,1166,423,233,79,397,539,2016-2017
104,Green Bay,32,18,14,0.563,-2.77,-2.83,12,6,10,3,7,9,2565,2479,1295,913,2061,0.443,197,612,0.322,542,787,0.689,387,1312,446,247,133,448,632,2016-2017
105,Hampton,31,14,17,0.452,-13.23,-9.92,11,5,9,4,5,11,2149,2219,1250,751,1844,0.407,196,620,0.316,451,633,0.712,371,1143,364,152,113,435,633,2016-2017
106,Hartford,32,9,23,0.281,-15.85,-5.56,4,12,6,8,3,15,2136,2465,1295,730,1814,0.402,263,777,0.338,413,591,0.699,292,1046,367,228,118,462,603,2016-2017
107,Harvard,28,18,10,0.643,2.3,-2.24,10,4,11,3,7,5,2012,1842,1120,699,1564,0.447,229,645,0.355,385,518,0.743,284,1005,403,176,133,359,531,2016-2017
108,Hawaii,30,14,16,0.467,-6.19,-4.92,8,8,11,8,3,5,2042,2048,1210,698,1650,0.423,214,658,0.325,432,604,0.715,287,966,418,150,57,414,570,2016-2017
109,High Point,31,15,16,0.484,-9.06,-6.28,9,9,8,8,7,7,2133,2136,1260,732,1693,0.432,196,520,0.377,473,636,0.744,307,1088,389,184,96,407,539,2016-2017
110,Hofstra,32,15,17,0.469,-2.35,-1.9,7,11,7,7,6,7,2473,2454,1290,846,1908,0.443,291,792,0.367,490,716,0.684,371,1164,419,142,82,341,544,2016-2017
111,Holy Cross,32,15,17,0.469,-5.26,-3.51,9,9,9,5,6,12,1932,1988,1285,663,1552,0.427,236,685,0.345,370,534,0.693,189,811,426,302,76,351,515,2016-2017
112,Houston,32,21,11,0.656,12.2,3.42,12,6,12,4,6,5,2358,2077,1285,850,1902,0.447,268,681,0.394,390,544,0.717,362,1138,406,170,113,315,601,2016-2017
113,Houston Christian,31,17,14,0.548,-7.3,-4.44,12,6,13,1,4,12,2441,2398,1240,871,1924,0.453,195,574,0.34,504,721,0.699,425,1199,457,195,81,410,597,2016-2017
114,Howard,34,10,24,0.294,-16.97,-7.97,5,11,6,6,2,16,2165,2435,1360,723,1856,0.39,172,591,0.291,547,833,0.657,420,1257,307,179,126,500,636,2016-2017
115,Idaho,33,19,14,0.576,-5.34,-5.89,12,6,12,3,6,10,2412,2346,1350,809,1870,0.433,255,694,0.367,539,746,0.723,362,1213,422,164,81,421,697,2016-2017
116,Idaho State,31,5,26,0.161,-15.1,-3.37,3,15,4,7,1,16,2164,2486,1250,742,1708,0.434,237,660,0.359,443,648,0.684,233,921,316,224,73,400,578,2016-2017
117,Illinois,35,20,15,0.571,10.54,9.25,8,10,14,5,3,7,2508,2417,1405,898,2019,0.445,270,731,0.369,442,643,0.687,342,1217,472,197,83,433,641,2016-2017
118,Illinois State,35,28,7,0.8,10.3,2.71,17,1,16,1,9,4,2418,2146,1405,865,1972,0.439,294,797,0.369,394,593,0.664,369,1293,483,250,170,427,620,2016-2017
119,Illinois-Chicago,36,17,19,0.472,-5.95,-3.63,7,11,10,8,5,9,2749,2754,1455,939,2113,0.444,272,746,0.365,599,843,0.711,422,1429,524,197,183,589,678,2016-2017
120,Incarnate Word,29,12,17,0.414,-12.14,-5.62,7,11,10,5,2,12,2212,2320,1165,736,1617,0.455,233,601,0.388,507,731,0.694,229,950,362,168,136,391,583,2016-2017
121,Indiana,34,18,16,0.529,14.63,8.16,7,11,14,4,2,8,2711,2491,1390,959,2004,0.479,295,776,0.38,498,683,0.729,413,1328,488,209,157,517,682,2016-2017
122,Indiana State,31,11,20,0.355,-1.02,3.18,5,13,8,6,3,10,2170,2255,1275,762,1832,0.416,254,727,0.349,392,576,0.681,263,1111,417,204,126,396,660,2016-2017
123,Iona,35,22,13,0.629,1.08,-2.47,12,8,8,4,7,7,2813,2689,1415,979,2155,0.454,342,862,0.397,513,668,0.768,337,1250,541,239,108,421,669,2016-2017
124,Iowa,34,19,15,0.559,10.01,7.54,10,8,15,5,3,7,2738,2654,1395,964,2121,0.455,300,791,0.379,510,741,0.688,408,1306,602,252,130,472,608,2016-2017
125,Iowa State,35,24,11,0.686,20.51,11.94,12,6,12,3,5,6,2829,2529,1425,1031,2186,0.472,344,860,0.4,423,604,0.7,318,1219,553,272,124,355,557,2016-2017
126,IU Indy,32,14,18,0.438,-4.29,-1.62,7,9,8,4,5,13,2500,2517,1290,883,1957,0.451,288,743,0.388,446,653,0.683,348,1104,455,217,87,401,655,2016-2017
127,Jackson State,32,14,18,0.438,-15.42,-11.55,10,8,10,4,4,13,2067,2142,1290,716,1860,0.385,218,730,0.299,417,619,0.674,425,1162,350,197,83,390,648,2016-2017
128,Jacksonville,33,17,16,0.515,-10.21,-8.45,5,9,7,7,8,9,2557,2477,1325,878,1885,0.466,327,812,0.403,474,644,0.736,302,1081,445,265,63,424,620,2016-2017
129,Jacksonville State,35,20,15,0.571,-2.85,-3.24,9,7,5,5,10,9,2434,2378,1410,857,1869,0.459,258,685,0.377,462,647,0.714,355,1244,493,157,134,477,628,2016-2017
130,James Madison,33,10,23,0.303,-5.64,-1.83,7,11,6,9,3,13,2194,2299,1335,770,1733,0.444,208,629,0.331,446,622,0.717,310,1133,385,194,89,467,665,2016-2017
131,Kansas,36,31,5,0.861,23.53,12.23,16,2,14,1,10,1,2995,2588,1455,1071,2193,0.488,318,787,0.404,535,789,0.678,428,1393,584,250,162,456,639,2016-2017
132,Kansas City,35,18,17,0.514,-4.97,-1.06,8,6,12,5,4,10,2691,2753,1405,911,2076,0.439,315,848,0.371,554,777,0.713,352,1213,451,236,92,510,772,2016-2017
133,Kansas State,35,21,14,0.6,14.8,10.48,8,10,11,5,5,6,2523,2372,1405,869,1883,0.461,247,683,0.362,538,775,0.694,330,1132,521,271,130,453,630,2016-2017
134,Kennesaw State,32,14,18,0.438,-8.44,-5.97,7,7,8,5,6,13,2401,2456,1280,892,1932,0.462,206,495,0.416,411,595,0.691,358,1146,507,163,95,431,613,2016-2017
135,Kent State,36,22,14,0.611,0.88,-1.63,10,8,10,6,7,5,2772,2628,1465,986,2302,0.428,257,803,0.32,543,755,0.719,539,1454,449,230,134,465,685,2016-2017
136,Kentucky,38,32,6,0.842,23.88,10.49,16,2,15,2,7,3,3225,2716,1525,1134,2396,0.473,267,757,0.353,690,980,0.704,470,1512,585,229,200,443,716,2016-2017
137,La Salle,30,15,15,0.5,1.91,2.94,9,9,11,4,4,8,2266,2297,1220,761,1666,0.457,255,700,0.364,489,638,0.766,249,973,425,191,64,393,559,2016-2017
138,Lafayette,30,9,21,0.3,-14.68,-3.5,5,13,5,10,4,11,1995,2282,1205,712,1655,0.43,221,662,0.334,350,492,0.711,205,956,378,148,85,436,514,2016-2017
139,Lamar,34,19,15,0.559,-7.36,-7.93,10,8,12,3,6,11,2623,2434,1375,907,1977,0.459,265,732,0.362,544,813,0.669,389,1189,481,271,95,455,733,2016-2017
140,Lehigh,32,20,12,0.625,1.54,-3.3,12,6,12,2,8,10,2432,2261,1295,857,1788,0.479,270,689,0.392,448,580,0.772,232,1100,467,215,99,450,539,2016-2017
141,Liberty,35,21,14,0.6,-5.51,-6.16,14,4,14,5,7,8,2331,2220,1415,779,1787,0.436,319,888,0.359,454,612,0.742,173,990,453,229,65,363,670,2016-2017
142,Lipscomb,33,20,13,0.606,-1.55,-4.45,11,3,11,5,9,6,2804,2562,1325,939,1978,0.475,340,928,0.366,586,811,0.723,340,1213,599,218,104,500,702,2016-2017
143,Little Rock,32,15,17,0.469,-6.07,-3.8,6,12,9,6,4,9,2188,2185,1290,775,1749,0.443,207,599,0.346,431,582,0.741,305,1058,379,183,120,412,591,2016-2017
144,Long Beach State,34,15,19,0.441,-5.98,-0.6,9,7,10,2,3,15,2549,2666,1385,895,2035,0.44,216,616,0.351,543,750,0.724,396,1212,447,199,92,488,682,2016-2017
145,Long Island University,32,20,12,0.625,-7.8,-8.51,13,5,8,5,9,6,2278,2218,1295,803,1846,0.435,184,534,0.345,488,710,0.687,423,1242,350,186,107,460,641,2016-2017
146,Longwood,30,6,24,0.2,-21.23,-6.16,3,15,5,9,1,15,2018,2408,1200,738,1660,0.445,186,568,0.327,356,487,0.731,218,922,324,175,124,456,539,2016-2017
147,Louisiana,33,21,12,0.636,-0.64,-3.28,10,8,12,4,8,7,2704,2518,1325,945,2022,0.467,231,673,0.343,583,839,0.695,442,1252,475,233,91,440,621,2016-2017
148,Louisiana State,31,10,21,0.323,0.53,8.69,2,16,8,8,1,10,2319,2572,1240,853,1893,0.451,196,584,0.336,417,599,0.696,355,1115,397,186,110,451,593,2016-2017
149,Louisiana Tech,33,23,10,0.697,5.2,-4.35,14,4,15,2,6,7,2557,2203,1325,911,1952,0.467,257,711,0.361,478,674,0.709,335,1244,543,223,176,407,519,2016-2017
150,Louisiana-Monroe,33,9,24,0.273,-7.88,-2.56,2,16,6,8,2,12,2198,2299,1350,814,1916,0.425,237,713,0.332,333,498,0.669,349,1174,443,154,73,433,576,2016-2017
151,Louisville,34,25,9,0.735,22.47,11.15,12,6,16,1,5,5,2628,2243,1370,952,2085,0.457,238,670,0.355,486,708,0.686,457,1343,461,227,186,374,652,2016-2017
152,Loyola (IL),32,18,14,0.563,5.15,1.02,8,10,13,3,3,9,2348,2137,1300,852,1754,0.486,259,665,0.389,385,543,0.709,218,1000,474,218,76,377,545,2016-2017
153,Loyola (MD),33,16,17,0.485,-6.32,-3.6,8,10,10,4,6,11,2175,2249,1330,753,1791,0.42,177,538,0.329,492,711,0.692,382,1113,385,240,113,496,636,2016-2017
154,Loyola Marymount,30,15,15,0.5,-0.47,1.6,8,10,10,7,5,7,2113,2125,1205,779,1755,0.444,217,614,0.353,338,545,0.62,332,1022,444,228,120,395,610,2016-2017
155,Maine,32,7,25,0.219,-16.33,-4.01,3,13,4,9,3,14,2069,2400,1280,746,1852,0.403,212,665,0.319,365,558,0.654,325,1122,377,165,63,419,562,2016-2017
156,Manhattan,32,10,22,0.313,-9.67,-2.61,5,15,7,7,3,13,2259,2485,1305,754,1813,0.416,209,636,0.329,542,743,0.729,355,1118,350,224,103,530,790,2016-2017
157,Marist,32,8,24,0.25,-12.33,-2.74,5,15,5,8,2,14,2223,2530,1290,749,1747,0.429,245,736,0.333,480,662,0.725,235,998,352,146,83,409,628,2016-2017
158,Marquette,32,19,13,0.594,15.26,8.6,10,8,14,3,4,6,2631,2418,1285,919,1888,0.487,336,783,0.429,457,585,0.781,280,1058,525,231,115,396,620,2016-2017
159,Marshall,35,20,15,0.571,0.18,-1.05,10,8,13,3,4,11,2997,2939,1415,1021,2237,0.456,356,962,0.37,599,816,0.734,325,1291,576,211,140,433,643,2016-2017
160,Maryland,33,24,9,0.727,12.79,8.29,12,6,13,5,8,2,2438,2246,1325,827,1840,0.449,272,757,0.359,512,732,0.699,351,1173,472,180,154,426,613,2016-2017
161,Maryland-Baltimore County,34,21,13,0.618,-3.84,-5.87,9,7,13,5,8,8,2759,2624,1390,957,2041,0.469,330,840,0.393,515,691,0.745,307,1199,507,224,80,411,625,2016-2017
162,Maryland-Eastern Shore,34,14,20,0.412,-13.77,-7.61,9,7,7,4,5,14,2426,2585,1380,854,2013,0.424,262,765,0.342,456,668,0.683,350,1143,449,191,89,437,666,2016-2017
163,Massachusetts,33,15,18,0.455,1.63,1.66,4,14,11,7,3,10,2371,2372,1320,847,1939,0.437,234,789,0.297,443,671,0.66,333,1185,529,250,169,489,722,2016-2017
164,Massachusetts-Lowell,31,11,20,0.355,-10.13,-6.4,5,11,8,6,2,14,2429,2517,1255,877,1825,0.481,258,662,0.39,417,567,0.735,280,1038,495,171,64,474,622,2016-2017
165,McNeese State,29,7,22,0.241,-14.28,-4.12,4,14,4,10,3,12,2043,2292,1165,715,1697,0.421,195,587,0.332,418,610,0.685,285,977,302,159,91,403,573,2016-2017
166,Memphis,32,19,13,0.594,6.47,3.19,9,9,14,4,4,7,2367,2262,1290,852,1926,0.442,181,613,0.295,482,706,0.683,373,1172,508,221,150,368,534,2016-2017
167,Mercer,32,15,17,0.469,-1.12,-0.92,9,9,8,7,6,7,2269,2184,1295,787,1774,0.444,244,698,0.35,449,574,0.782,367,1174,433,134,74,367,546,2016-2017
168,Miami (FL),33,21,12,0.636,14.48,9.57,10,8,14,2,4,6,2278,2116,1325,813,1800,0.452,209,587,0.356,443,617,0.718,363,1176,389,213,125,417,513,2016-2017
169,Miami (OH),32,11,21,0.344,-8.16,-2.1,4,14,10,8,1,13,2249,2384,1290,787,1815,0.434,199,647,0.308,476,689,0.691,298,1091,364,238,125,467,642,2016-2017
170,Michigan,38,26,12,0.684,18.8,10.17,10,8,15,3,3,8,2851,2523,1535,1002,2076,0.483,361,937,0.385,486,624,0.779,280,1111,527,220,108,348,571,2016-2017
171,Michigan State,35,20,15,0.571,13.67,10.5,10,8,14,2,2,7,2515,2404,1405,905,1927,0.47,273,732,0.373,432,646,0.669,328,1275,591,151,162,490,699,2016-2017
172,Middle Tennessee,36,31,5,0.861,9.8,-0.48,17,1,13,2,11,2,2697,2299,1445,1014,2077,0.488,228,622,0.367,441,631,0.699,355,1273,552,242,100,374,655,2016-2017
173,Milwaukee,35,11,24,0.314,-7.37,-2.17,4,14,5,8,2,13,2347,2494,1430,860,1949,0.441,272,782,0.348,355,538,0.66,293,1107,467,164,53,409,641,2016-2017
174,Minnesota,34,24,10,0.706,14.56,8.82,11,7,17,3,5,5,2556,2361,1390,887,2037,0.435,209,610,0.343,573,806,0.711,378,1341,507,194,227,393,577,2016-2017
175,Mississippi,36,22,14,0.611,9.65,7.99,10,8,13,6,6,6,2807,2747,1450,914,2162,0.423,283,815,0.347,696,926,0.752,458,1422,465,243,149,516,702,2016-2017
176,Mississippi State,32,16,16,0.5,7.12,5.9,6,12,10,7,2,8,2320,2281,1285,821,1849,0.444,247,711,0.347,431,627,0.687,310,1130,386,239,131,433,638,2016-2017
177,Mississippi Valley State,32,7,25,0.219,-20.54,-7.11,7,11,5,4,2,20,2235,2665,1295,818,1942,0.421,174,508,0.343,423,651,0.65,385,1108,374,218,60,460,624,2016-2017
178,Missouri,32,8,24,0.25,2.98,6.73,2,16,6,11,0,9,2213,2333,1290,744,1893,0.393,225,739,0.304,500,732,0.683,357,1168,386,200,68,384,647,2016-2017
179,Missouri State,33,17,16,0.515,2.84,1.18,7,11,11,6,4,8,2403,2277,1345,838,1895,0.442,270,744,0.363,457,652,0.701,377,1212,403,176,127,406,585,2016-2017
180,Monmouth,34,27,7,0.794,4.94,-2.62,18,2,13,2,12,4,2761,2504,1375,929,2127,0.437,303,813,0.373,600,793,0.757,380,1310,431,235,155,425,697,2016-2017
181,Montana,32,16,16,0.5,-2.67,-4.02,11,7,8,5,7,8,2391,2348,1290,843,1879,0.449,238,667,0.357,467,621,0.752,310,1084,416,181,91,345,699,2016-2017
182,Montana State,32,16,16,0.5,-6.14,-5.88,11,7,12,5,4,10,2561,2532,1320,857,1968,0.435,320,853,0.375,527,722,0.73,336,1167,423,181,74,393,732,2016-2017
183,Morehead State,30,14,16,0.467,-3.6,-1.85,10,6,10,4,4,11,2370,2311,1215,878,1906,0.461,219,568,0.386,395,544,0.726,396,1129,482,202,95,404,633,2016-2017
184,Morgan State,30,14,16,0.467,-15.03,-11.2,11,5,9,5,5,10,2025,2121,1210,691,1793,0.385,159,541,0.294,484,681,0.711,424,1168,322,170,101,420,602,2016-2017
185,Mount St. Mary's,36,20,16,0.556,-4.29,-3.51,14,4,11,4,8,11,2446,2474,1445,877,1977,0.444,261,730,0.358,431,640,0.673,276,1082,403,222,142,472,640,2016-2017
186,Murray State,33,16,17,0.485,-3.06,-4.41,8,8,10,4,3,11,2639,2543,1350,899,2040,0.441,289,803,0.36,552,751,0.735,399,1243,458,198,75,403,659,2016-2017
187,Navy,32,16,16,0.5,-4.11,-3.92,10,8,11,5,5,9,2076,2055,1285,735,1740,0.422,206,670,0.307,400,624,0.641,424,1134,433,227,66,464,594,2016-2017
188,NC State,32,15,17,0.469,6.09,8.09,4,14,11,7,2,8,2483,2547,1290,888,1898,0.468,226,635,0.356,481,687,0.7,329,1161,457,162,140,428,582,2016-2017
189,Nebraska,31,12,19,0.387,6.47,10.74,6,12,8,8,3,8,2168,2264,1260,793,1906,0.416,179,560,0.32,403,568,0.71,411,1187,354,211,116,411,577,2016-2017
190,Nevada,35,28,7,0.8,10.49,2.03,14,4,13,1,8,4,2792,2496,1405,933,2082,0.448,320,837,0.382,606,859,0.705,386,1351,559,189,152,386,581,2016-2017
191,Nevada-Las Vegas,32,11,21,0.344,-3.75,2.59,4,14,9,10,2,9,2202,2405,1295,747,1893,0.395,213,666,0.32,495,711,0.696,365,1210,412,189,85,410,539,2016-2017
192,New Hampshire,32,20,12,0.625,-3.57,-4.46,10,6,11,4,9,8,2277,2118,1300,783,1787,0.438,256,727,0.352,455,628,0.725,324,1227,398,129,59,401,505,2016-2017
193,New Mexico,31,17,14,0.548,3.04,2.07,10,8,11,4,5,7,2283,2253,1245,778,1693,0.46,145,444,0.327,582,780,0.746,274,1071,419,189,109,403,611,2016-2017
194,New Mexico State,34,28,6,0.824,4.66,-3.82,11,3,17,1,8,4,2678,2310,1365,913,1957,0.467,252,747,0.337,600,843,0.712,436,1339,505,166,128,465,627,2016-2017
195,New Orleans,32,20,12,0.625,-4.1,-5.34,13,5,11,3,7,8,2331,2215,1300,830,1755,0.473,139,438,0.317,532,749,0.71,386,1140,500,252,97,534,562,2016-2017
196,Niagara,33,10,23,0.303,-8.34,-4.37,6,14,5,8,3,13,2448,2579,1335,846,2035,0.416,244,667,0.366,512,683,0.75,389,1260,416,172,152,428,604,2016-2017
197,Nicholls State,31,14,17,0.452,-14.57,-5.23,7,11,10,3,4,14,2316,2464,1255,771,1804,0.427,278,805,0.345,496,671,0.739,303,1020,430,234,190,451,599,2016-2017
198,NJIT,31,11,20,0.355,-10.12,-4.22,3,11,8,4,2,15,2253,2320,1245,786,1857,0.423,258,775,0.333,421,599,0.703,357,1134,395,203,89,418,599,2016-2017
199,Norfolk State,34,17,17,0.5,-12.07,-8.57,12,4,10,2,5,12,2374,2430,1380,827,1949,0.424,225,663,0.339,495,727,0.681,365,1307,375,173,180,502,705,2016-2017
200,North Carolina,40,33,7,0.825,24.84,11.76,14,4,16,0,6,5,3377,2824,1605,1226,2633,0.466,283,798,0.355,642,916,0.701,630,1748,722,283,139,473,711,2016-2017
201,North Carolina A&T,32,3,29,0.094,-23.07,-9.61,1,15,3,10,0,18,2056,2435,1300,728,1716,0.424,200,610,0.328,400,587,0.681,348,1102,352,144,69,466,629,2016-2017
202,North Carolina Central,34,25,9,0.735,-3.18,-12.12,13,3,11,2,11,6,2542,2159,1360,910,2005,0.454,255,761,0.335,467,684,0.683,397,1313,480,209,112,406,587,2016-2017
203,North Dakota,32,22,10,0.688,-1.83,-5.45,14,4,11,2,7,6,2578,2357,1300,926,1919,0.483,228,585,0.39,498,698,0.713,297,1146,487,251,93,419,672,2016-2017
204,North Dakota State,30,19,11,0.633,-1.31,-2.63,11,5,11,2,7,7,2244,2146,1215,775,1693,0.458,232,630,0.368,462,650,0.711,258,1047,365,183,111,348,501,2016-2017
205,North Florida,34,15,19,0.441,-7.78,-1.65,8,6,10,5,4,13,2637,2674,1360,926,2025,0.457,295,841,0.351,490,748,0.655,423,1321,447,185,143,542,639,2016-2017
206,North Texas,30,8,22,0.267,-11.14,-3.32,2,16,7,11,1,11,2075,2258,1205,740,1747,0.424,186,582,0.32,409,633,0.646,300,1075,338,199,95,410,567,2016-2017
207,Northeastern,31,15,16,0.484,-0.78,-0.91,8,10,7,4,7,10,2234,2230,1255,767,1682,0.456,267,728,0.367,433,636,0.681,264,1039,414,170,112,390,522,2016-2017
208,Northern Arizona,32,9,23,0.281,-13.92,-5.95,6,12,5,7,2,12,2217,2436,1285,769,1892,0.406,239,746,0.32,440,644,0.683,383,1218,440,142,63,465,590,2016-2017
209,Northern Colorado,29,11,18,0.379,-9.27,-4.2,7,11,6,6,4,11,2075,2167,1170,732,1666,0.439,254,732,0.347,357,590,0.605,310,1075,392,147,64,407,563,2016-2017
210,Northern Illinois,32,15,17,0.469,-3.29,-2.05,7,11,9,8,6,9,2310,2261,1310,828,1891,0.438,161,516,0.312,493,728,0.677,401,1211,347,226,80,429,618,2016-2017
211,Northern Iowa,30,14,16,0.467,1.29,5.22,9,9,9,4,3,9,1854,1931,1215,622,1559,0.399,229,702,0.326,381,520,0.733,182,878,298,197,84,342,464,2016-2017
212,Northern Kentucky,35,24,11,0.686,-0.17,-2.84,12,6,12,2,8,7,2659,2507,1400,928,2037,0.456,300,859,0.349,503,740,0.68,391,1319,486,200,98,468,622,2016-2017
213,Northwestern,36,24,12,0.667,14.02,8.43,10,8,14,4,5,5,2558,2357,1440,913,2092,0.436,255,745,0.342,477,638,0.748,386,1304,541,189,175,383,691,2016-2017
214,Northwestern State,29,13,16,0.448,-12.03,-6.07,7,11,7,6,5,10,2204,2301,1170,751,1698,0.442,203,555,0.366,499,723,0.69,337,1049,405,196,77,439,568,2016-2017
215,Notre Dame,36,26,10,0.722,17.81,9.78,12,6,16,2,5,4,2783,2494,1445,980,2139,0.458,334,869,0.384,489,611,0.8,334,1212,566,255,134,341,533,2016-2017
216,Oakland,34,25,9,0.735,4.22,-3,14,4,13,4,11,3,2699,2419,1365,935,2057,0.455,247,738,0.335,582,765,0.761,353,1324,576,266,170,462,592,2016-2017
217,Ohio,31,20,11,0.645,3.9,-2.56,11,7,12,4,7,6,2387,2166,1240,835,1837,0.455,285,742,0.384,432,626,0.69,284,1141,415,182,88,388,550,2016-2017
218,Ohio State,32,17,15,0.531,10.31,7.28,7,11,13,6,4,7,2329,2232,1285,827,1786,0.463,211,592,0.356,464,680,0.682,324,1191,434,166,121,423,562,2016-2017
219,Oklahoma,31,11,20,0.355,11.42,12.62,5,13,8,7,1,9,2262,2299,1265,788,1863,0.423,192,558,0.344,494,685,0.721,361,1173,328,213,147,428,602,2016-2017
220,Oklahoma State,33,20,13,0.606,19.19,12.22,9,9,11,5,7,5,2828,2589,1320,957,2050,0.467,294,732,0.402,620,786,0.789,454,1215,486,252,99,432,730,2016-2017
221,Old Dominion,31,19,12,0.613,1.94,-1.35,12,6,11,4,7,5,1998,1896,1250,727,1765,0.412,157,485,0.324,387,602,0.643,412,1190,422,196,142,348,566,2016-2017
222,Omaha,32,18,14,0.563,-2.24,-1.11,9,7,8,4,8,9,2685,2673,1295,895,1972,0.454,297,765,0.388,598,799,0.748,338,1149,442,262,107,444,616,2016-2017
223,Oral Roberts,30,8,22,0.267,-5.51,1.24,4,12,7,6,1,13,2252,2398,1210,810,1819,0.445,216,588,0.367,416,548,0.759,278,1034,423,162,88,360,534,2016-2017
224,Oregon,39,33,6,0.846,20.8,8.38,16,2,17,0,7,3,3076,2565,1565,1091,2270,0.481,334,880,0.38,560,787,0.712,412,1431,614,253,248,454,614,2016-2017
225,Oregon State,32,5,27,0.156,-4.59,5.89,1,17,5,11,0,13,2021,2321,1285,721,1686,0.428,203,586,0.346,376,569,0.661,290,1038,380,177,118,491,611,2016-2017
226,Pacific,33,11,22,0.333,-4.57,2.09,4,14,8,8,2,12,2206,2371,1325,784,1939,0.404,185,560,0.33,453,671,0.675,385,1225,396,140,63,386,690,2016-2017
227,Penn State,33,15,18,0.455,7.9,8.9,6,12,9,7,4,7,2367,2400,1345,825,1989,0.415,230,679,0.339,487,654,0.745,330,1166,449,224,184,430,596,2016-2017
228,Pennsylvania,28,13,15,0.464,-0.65,-1.5,6,8,6,6,7,8,1928,1904,1125,710,1603,0.443,234,690,0.339,274,417,0.657,267,972,401,181,100,358,501,2016-2017
229,Pepperdine,31,9,22,0.29,-10,1.87,5,13,7,7,1,12,2140,2490,1240,807,1811,0.446,178,482,0.369,348,543,0.641,295,1033,420,157,84,389,531,2016-2017
230,Pittsburgh,33,16,17,0.485,9.25,11.06,4,14,11,6,2,8,2404,2464,1340,807,1825,0.442,263,728,0.361,527,719,0.733,313,1158,473,127,112,396,548,2016-2017
231,Portland,33,11,22,0.333,-5.81,2.32,2,16,5,10,2,9,2215,2383,1335,758,1793,0.423,214,573,0.373,485,655,0.74,278,1098,325,163,112,424,581,2016-2017
232,Portland State,31,15,16,0.484,-7.06,-6.63,7,11,10,3,4,12,2645,2535,1280,959,1991,0.482,238,697,0.341,489,743,0.658,322,1064,491,307,81,376,590,2016-2017
233,Prairie View,33,13,20,0.394,-14.54,-8.48,10,8,10,3,3,17,2276,2419,1330,788,1839,0.428,237,678,0.35,463,659,0.703,292,1019,404,273,121,436,700,2016-2017
234,Presbyterian,30,5,25,0.167,-23.63,-5.95,1,17,5,8,0,17,1836,2245,1205,667,1618,0.412,181,523,0.346,321,468,0.686,300,979,364,143,72,451,519,2016-2017
235,Princeton,30,23,7,0.767,6.57,-1.84,14,0,10,1,10,4,2149,1843,1205,772,1716,0.45,298,789,0.378,307,416,0.738,247,1003,426,200,93,298,482,2016-2017
236,Providence,33,20,13,0.606,11.24,7.84,10,8,15,3,4,7,2319,2207,1325,804,1795,0.448,239,645,0.371,472,683,0.691,294,1101,471,218,98,412,569,2016-2017
237,Purdue,35,27,8,0.771,20.13,8.79,14,4,15,2,6,4,2790,2393,1415,980,2044,0.479,315,782,0.403,515,680,0.757,344,1322,640,181,87,455,552,2016-2017
238,Purdue Fort Wayne,33,20,13,0.606,0.38,-3.19,8,8,14,3,6,9,2869,2602,1340,1055,2127,0.496,352,876,0.402,407,561,0.725,334,1245,576,255,129,450,592,2016-2017
239,Quinnipiac,31,10,21,0.323,-9.86,-3.22,7,13,6,8,3,10,2377,2583,1250,848,2008,0.422,228,700,0.326,453,663,0.683,432,1223,447,178,111,448,607,2016-2017
240,Radford,32,14,18,0.438,-11.34,-4.58,8,10,8,6,4,11,2090,2247,1300,745,1802,0.413,247,715,0.345,353,530,0.666,396,1219,393,153,114,470,550,2016-2017
241,Rhode Island,35,25,10,0.714,12.88,4.62,13,5,13,3,7,5,2577,2288,1405,916,2019,0.454,217,653,0.332,528,791,0.668,409,1301,467,227,206,389,725,2016-2017
242,Rice,35,23,12,0.657,0.51,-4.16,11,7,13,6,9,5,2853,2650,1415,946,2048,0.462,326,840,0.388,635,858,0.74,353,1331,484,221,129,524,669,2016-2017
243,Richmond,35,22,13,0.629,5.45,3.28,13,5,12,5,8,6,2596,2520,1410,938,1993,0.471,271,793,0.342,449,630,0.713,236,1078,592,232,67,399,634,2016-2017
244,Rider,33,18,15,0.545,-5.34,-5.28,10,10,7,5,9,9,2498,2500,1325,907,2034,0.446,179,539,0.332,505,752,0.672,421,1331,466,219,119,481,650,2016-2017
245,Robert Morris,33,14,19,0.424,-8.56,-5.13,9,9,6,7,6,12,2125,2238,1325,728,1818,0.4,183,574,0.319,486,750,0.648,363,1139,348,261,80,497,671,2016-2017
246,Rutgers,33,15,18,0.455,3.69,6.22,3,15,10,6,3,10,2163,2215,1325,809,1967,0.411,152,502,0.303,393,631,0.623,480,1319,360,217,153,437,584,2016-2017
247,Sacramento State,31,13,18,0.419,-10.69,-5.58,9,9,8,5,4,10,2204,2303,1260,808,1759,0.459,160,506,0.316,428,657,0.651,306,1100,408,145,135,360,568,2016-2017
248,Sacred Heart,32,13,19,0.406,-10.95,-7.52,8,10,6,8,6,10,2326,2436,1305,832,1882,0.442,200,597,0.335,462,659,0.701,361,1194,459,217,86,516,617,2016-2017
249,Saint Francis (PA),34,17,17,0.5,-8.13,-7.65,11,7,8,6,9,11,2577,2533,1375,943,2021,0.467,277,709,0.391,414,598,0.692,354,1243,472,225,136,491,551,2016-2017
250,Saint Joseph's,31,11,20,0.355,0.14,3.69,4,14,6,8,4,9,2155,2265,1250,755,1808,0.418,174,537,0.324,471,725,0.65,351,1132,352,150,106,371,547,2016-2017
251,Saint Louis,33,12,21,0.364,-6.09,1.85,6,12,10,8,1,10,2026,2288,1330,700,1733,0.404,230,672,0.342,396,597,0.663,279,1093,423,164,95,441,639,2016-2017
252,Saint Mary's (CA),34,29,5,0.853,16.75,2.19,16,2,15,2,10,1,2449,1954,1360,892,1797,0.496,293,744,0.394,372,499,0.745,324,1205,563,143,110,365,512,2016-2017
253,Saint Peter's,36,23,13,0.639,1.6,-3.6,14,6,9,5,11,7,2376,2189,1450,825,1891,0.436,288,755,0.381,438,625,0.701,297,1182,440,251,106,398,571,2016-2017
254,Sam Houston,34,21,13,0.618,-7.55,-6.35,10,8,14,2,5,9,2526,2424,1365,898,2055,0.437,212,671,0.316,518,755,0.686,401,1283,507,239,93,466,758,2016-2017
255,Samford,36,20,16,0.556,-1.87,-3.7,8,10,10,6,8,9,2834,2733,1490,955,2038,0.469,279,707,0.395,645,868,0.743,345,1300,581,222,88,493,678,2016-2017
256,San Diego,31,13,18,0.419,-5.78,0.92,6,12,7,10,6,7,2025,2210,1265,666,1636,0.407,258,741,0.348,435,603,0.721,254,1028,376,121,54,379,600,2016-2017
257,San Diego State,33,19,14,0.576,6.88,1.47,9,9,10,4,3,9,2260,2064,1325,782,1878,0.416,233,736,0.317,463,663,0.698,350,1199,360,227,164,387,572,2016-2017
258,San Francisco,33,20,13,0.606,3.8,0.42,10,8,12,4,5,7,2362,2222,1320,868,1934,0.449,299,855,0.35,327,514,0.636,314,1187,428,220,92,415,639,2016-2017
259,San Jose State,30,14,16,0.467,-2.84,1.74,7,11,9,7,5,8,2195,2245,1205,772,1750,0.441,200,574,0.348,451,643,0.701,283,1015,417,190,124,377,589,2016-2017
260,Santa Clara,33,17,16,0.515,2.69,2.03,10,8,11,6,5,7,2204,2158,1340,778,1784,0.436,318,832,0.382,330,451,0.732,203,980,464,170,65,341,617,2016-2017
261,Savannah State,29,13,16,0.448,-16.04,-8.44,10,6,7,4,6,10,2485,2665,1165,833,2030,0.41,392,1182,0.332,427,659,0.648,358,1169,501,226,94,431,571,2016-2017
262,Seattle,30,13,17,0.433,-8.36,-3.95,5,9,9,7,3,9,2091,2141,1225,713,1646,0.433,260,756,0.344,405,573,0.707,223,1011,476,199,62,436,568,2016-2017
263,Seton Hall,33,21,12,0.636,12.1,9.25,10,8,12,2,4,6,2417,2323,1335,872,1949,0.447,202,598,0.338,471,733,0.643,439,1311,405,228,82,449,613,2016-2017
264,Siena,34,17,17,0.5,-2,-2.23,12,8,10,4,5,12,2549,2541,1365,899,1989,0.452,186,568,0.327,565,795,0.711,430,1284,460,199,140,476,664,2016-2017
265,South Alabama,32,14,18,0.438,-6.57,-2.9,7,11,10,7,4,10,2286,2322,1300,793,1859,0.427,223,702,0.318,475,725,0.655,337,1108,408,240,119,419,653,2016-2017
266,South Carolina,37,26,11,0.703,17.52,10.16,12,6,15,3,6,5,2707,2414,1505,924,2197,0.421,248,733,0.338,611,874,0.699,464,1346,468,288,142,480,751,2016-2017
267,South Carolina State,31,11,20,0.355,-18.37,-6.61,7,9,6,4,4,14,2167,2486,1250,796,1849,0.431,185,578,0.32,390,564,0.691,320,991,380,154,64,383,594,2016-2017
268,South Carolina Upstate,33,17,16,0.515,-7.64,-5.23,7,7,8,8,7,8,2575,2530,1335,936,2042,0.458,284,821,0.346,419,638,0.657,396,1279,508,179,104,421,545,2016-2017
269,South Dakota,34,22,12,0.647,-0.42,-2.08,12,4,13,1,7,7,2639,2513,1365,907,2044,0.444,224,657,0.341,601,852,0.705,355,1268,415,231,115,402,657,2016-2017
270,South Dakota State,35,18,17,0.514,-2.3,-0.66,8,8,11,2,3,12,2683,2697,1415,881,1938,0.455,318,883,0.36,603,782,0.771,316,1229,459,180,83,453,584,2016-2017
271,South Florida,30,7,23,0.233,-7.28,2.39,1,17,6,11,1,11,1945,2235,1205,716,1684,0.425,174,503,0.346,339,516,0.657,328,1053,365,183,115,489,579,2016-2017
272,Southeast Missouri State,33,15,18,0.455,-5.89,-4.28,9,7,10,4,4,11,2460,2464,1330,852,1897,0.449,263,716,0.367,493,664,0.742,289,1024,454,248,63,410,644,2016-2017
273,Southeastern Louisiana,32,16,16,0.5,-7.36,-8.13,9,9,11,3,5,12,2268,2182,1280,796,1770,0.45,215,593,0.363,461,675,0.683,384,1154,455,218,106,512,619,2016-2017
274,Southern,33,15,18,0.455,-14.48,-11.68,10,8,11,4,4,13,2360,2401,1325,825,1887,0.437,163,510,0.32,547,786,0.696,405,1247,384,184,121,453,635,2016-2017
275,Southern California,36,26,10,0.722,11.48,6.4,10,8,14,3,6,5,2816,2633,1445,975,2139,0.456,283,782,0.362,583,787,0.741,387,1286,550,252,190,398,571,2016-2017
276,Southern Illinois,33,17,16,0.515,1.09,2.65,9,9,11,6,5,9,2260,2289,1340,808,1866,0.433,175,554,0.316,469,674,0.696,348,1114,375,225,128,398,594,2016-2017
277,SIU Edwardsville,30,6,24,0.2,-12.25,-3.29,1,15,3,10,2,13,2044,2282,1210,687,1686,0.407,142,486,0.292,528,780,0.677,353,1073,305,142,85,436,657,2016-2017
278,Southern Methodist,35,30,5,0.857,18.71,4.45,17,1,18,0,8,3,2599,2100,1400,914,1934,0.473,286,705,0.406,485,696,0.697,416,1335,566,200,117,377,506,2016-2017
279,Southern Mississippi,31,9,22,0.29,-13.4,-2.78,6,12,8,6,1,12,1952,2239,1260,690,1728,0.399,200,655,0.305,372,526,0.707,258,1058,376,145,64,405,527,2016-2017
280,Southern Utah,33,6,27,0.182,-15.58,-5.39,3,15,3,10,2,14,2559,2814,1335,815,2004,0.407,291,815,0.357,638,861,0.741,383,1218,381,185,107,452,803,2016-2017
281,St. Bonaventure,32,20,12,0.625,5.95,1.48,11,7,11,4,5,5,2459,2316,1290,825,1864,0.443,201,577,0.348,608,791,0.769,369,1153,423,230,138,401,668,2016-2017
282,St. Francis (NY),31,4,27,0.129,-19.24,-6.54,2,16,3,10,0,16,1921,2284,1250,650,1871,0.347,221,792,0.279,400,616,0.649,390,1078,287,208,89,379,672,2016-2017
283,St. John's (NY),33,14,19,0.424,6.45,8.39,7,11,9,6,4,9,2534,2598,1320,866,2000,0.433,278,763,0.364,524,724,0.724,337,1136,446,224,197,433,688,2016-2017
284,Stanford,31,14,17,0.452,6.39,8.59,6,12,10,5,1,10,2162,2204,1245,772,1753,0.44,157,490,0.32,461,676,0.682,316,1067,421,211,79,399,604,2016-2017
285,Stephen F. Austin,33,18,15,0.545,-7.01,-5.75,12,6,12,2,4,10,2289,2271,1330,783,1754,0.446,193,605,0.319,530,735,0.721,378,1147,409,223,100,578,716,2016-2017
286,Stetson,32,11,21,0.344,-14.21,-5.45,3,11,7,7,4,13,2471,2654,1285,886,2007,0.441,261,770,0.339,438,665,0.659,274,1128,436,155,71,362,608,2016-2017
287,Stony Brook,32,18,14,0.563,-4.71,-5.05,12,4,10,6,7,8,2215,2204,1280,759,1878,0.404,250,764,0.327,445,617,0.721,358,1108,391,174,102,325,622,2016-2017
288,Syracuse,34,19,15,0.559,13.7,8.47,10,8,17,4,2,8,2594,2416,1370,894,1950,0.458,300,791,0.379,506,685,0.739,363,1183,532,275,159,418,542,2016-2017
289,TCU,39,24,15,0.615,15.64,10.95,6,12,15,6,4,8,2914,2718,1570,1064,2284,0.466,280,790,0.354,506,738,0.686,453,1404,661,256,175,504,676,2016-2017
290,Temple,32,16,16,0.5,4.84,5.09,7,11,9,7,4,8,2269,2277,1295,808,1916,0.422,287,807,0.356,366,506,0.723,320,1096,464,208,128,365,584,2016-2017
291,Tennessee,32,16,16,0.5,11.28,10.18,8,10,11,5,4,7,2383,2335,1285,803,1903,0.422,189,579,0.326,588,807,0.729,388,1206,441,175,146,399,670,2016-2017
292,Tennessee State,30,17,13,0.567,-1.57,-2.96,8,8,7,5,8,7,2134,2032,1220,744,1680,0.443,170,502,0.339,476,688,0.692,366,1117,339,201,102,452,633,2016-2017
293,Tennessee Tech,32,12,20,0.375,-7.6,-4.17,8,8,7,8,5,11,2317,2340,1300,785,1860,0.422,241,742,0.325,506,715,0.708,356,1144,435,213,115,434,675,2016-2017
294,Tennessee-Martin,35,22,13,0.629,-4.7,-4.34,10,6,14,2,7,10,2693,2630,1415,966,2066,0.468,287,812,0.353,474,689,0.688,453,1312,555,228,123,528,606,2016-2017
295,Texas,33,11,22,0.333,10.99,12.75,4,14,10,7,0,11,2215,2273,1320,810,1846,0.439,181,619,0.292,414,637,0.65,323,1133,376,190,149,443,588,2016-2017
296,Texas A&M,31,16,15,0.516,10.36,7.97,8,10,11,5,3,7,2176,2102,1240,804,1754,0.458,189,574,0.329,379,584,0.649,401,1193,489,186,173,439,511,2016-2017
297,Texas A&M-Corpus Christi,36,24,12,0.667,-2.97,-5.79,12,6,16,2,7,9,2715,2574,1455,974,2071,0.47,195,588,0.332,572,792,0.722,368,1227,486,337,142,485,703,2016-2017
298,Texas Southern,35,23,12,0.657,-6.41,-7.81,16,2,10,0,11,11,2593,2544,1410,866,2017,0.429,205,695,0.295,656,892,0.735,401,1228,411,251,110,407,607,2016-2017
299,Texas State,36,22,14,0.611,-2.23,-4.29,11,7,13,4,5,9,2407,2256,1455,865,1933,0.447,217,657,0.33,460,696,0.661,344,1211,526,237,160,423,642,2016-2017
300,Texas Tech,32,18,14,0.563,14.11,7.86,6,12,16,3,1,9,2346,2146,1300,835,1776,0.47,212,577,0.367,464,633,0.733,299,1050,427,169,98,354,562,2016-2017
301,Texas-Rio Grande Valley,32,10,22,0.313,-11.44,-3.68,2,12,7,7,1,14,2505,2665,1305,869,2050,0.424,276,821,0.336,491,685,0.717,382,1180,484,246,82,507,780,2016-2017
302,The Citadel,33,12,21,0.364,-12.86,-2.93,4,14,8,8,3,12,2964,3121,1335,980,2357,0.416,397,1165,0.341,607,802,0.757,448,1232,561,306,85,473,737,2016-2017
303,Toledo,34,17,17,0.5,1.16,-0.9,9,9,12,4,4,10,2675,2567,1410,944,1966,0.48,262,724,0.362,525,755,0.695,339,1274,551,135,92,447,574,2016-2017
304,Towson,33,20,13,0.606,1.84,-1.28,11,7,12,3,6,8,2447,2285,1335,850,1900,0.447,155,499,0.311,592,868,0.682,445,1305,348,226,118,426,686,2016-2017
305,Troy,37,22,15,0.595,-0.47,-3.36,10,8,10,4,6,10,2889,2667,1485,982,2153,0.456,311,867,0.359,614,847,0.725,409,1362,484,221,129,462,654,2016-2017
306,Tulane,31,6,25,0.194,-3.98,4.25,3,15,4,10,2,10,2179,2434,1255,751,1856,0.405,221,683,0.324,456,636,0.717,349,1062,398,192,119,420,646,2016-2017
307,Tulsa,32,15,17,0.469,2.45,5.29,8,10,10,5,3,9,2158,2249,1285,701,1673,0.419,234,683,0.343,522,716,0.729,311,1112,362,145,80,473,579,2016-2017
308,UAB,33,17,16,0.515,-1.17,-1.83,9,9,11,5,4,8,2369,2316,1330,835,1809,0.462,203,583,0.348,496,674,0.736,321,1188,503,157,160,444,527,2016-2017
309,UC Davis,36,23,13,0.639,-5.21,-4.68,11,5,11,0,6,9,2525,2506,1455,873,2008,0.435,221,635,0.348,558,828,0.674,364,1280,461,202,118,513,688,2016-2017
310,UC Irvine,36,21,15,0.583,0.18,-2.7,12,4,11,2,7,9,2514,2331,1450,915,2062,0.444,265,734,0.361,419,611,0.686,402,1429,460,176,154,481,748,2016-2017
311,UC Riverside,29,8,21,0.276,-11.39,-3.87,5,11,5,8,3,12,1895,2016,1165,689,1671,0.412,173,553,0.313,344,495,0.695,264,1011,338,198,88,387,572,2016-2017
312,UC Santa Barbara,28,6,22,0.214,-13.49,-2,4,12,5,8,1,12,1701,1987,1125,622,1651,0.377,154,531,0.29,303,478,0.634,356,1028,338,148,59,341,502,2016-2017
313,UCF,36,24,12,0.667,9.58,3.69,11,7,15,3,6,6,2414,2202,1445,825,1898,0.435,263,748,0.352,501,758,0.661,389,1471,400,144,145,525,548,2016-2017
314,UCLA,36,31,5,0.861,20.67,6.39,15,3,16,1,8,2,3233,2719,1440,1210,2320,0.522,354,872,0.406,459,622,0.738,343,1386,771,212,191,404,583,2016-2017
315,UNC Asheville,33,23,10,0.697,0.84,-5.61,15,3,13,1,10,8,2544,2261,1345,908,1908,0.476,264,670,0.394,464,681,0.681,281,1096,512,306,64,384,553,2016-2017
316,UNC Greensboro,35,25,10,0.714,-0.1,-2.63,14,4,13,4,8,5,2628,2424,1400,947,2043,0.464,308,807,0.382,426,603,0.706,405,1243,525,245,133,474,638,2016-2017
317,UNC Wilmington,35,29,6,0.829,8.06,-0.55,15,3,13,1,11,3,2967,2624,1405,1071,2231,0.48,336,917,0.366,489,708,0.691,422,1261,564,234,115,363,699,2016-2017
318,UT Arlington,36,27,9,0.75,5.92,-0.87,14,4,14,1,12,7,2818,2516,1440,999,2168,0.461,310,920,0.337,510,749,0.681,430,1384,566,266,81,472,691,2016-2017
319,Utah,32,20,12,0.625,12.45,4.32,11,7,14,4,5,6,2511,2180,1290,936,1856,0.504,215,609,0.353,424,622,0.682,321,1217,476,195,113,431,539,2016-2017
320,Utah State,31,14,17,0.452,2.9,2.46,7,11,10,5,3,8,2241,2195,1245,790,1713,0.461,234,618,0.379,427,609,0.701,256,1098,466,153,91,391,589,2016-2017
321,Utah Valley,34,17,17,0.5,-1.22,-2.44,6,8,8,5,8,11,2615,2479,1385,886,2028,0.437,300,937,0.32,543,767,0.708,306,1350,530,216,123,522,667,2016-2017
322,UTEP,32,15,17,0.469,-3.13,-2.51,12,6,8,8,5,6,2217,2202,1300,812,1731,0.469,180,517,0.348,413,624,0.662,235,1101,463,172,99,427,618,2016-2017
323,UTSA,33,14,19,0.424,-7.42,-3.03,8,10,11,3,2,15,2178,2291,1320,769,1959,0.393,172,608,0.283,468,703,0.666,425,1293,357,183,62,418,642,2016-2017
324,Valparaiso,33,24,9,0.727,3.94,-1.59,14,4,15,2,7,6,2465,2274,1330,848,1912,0.444,217,670,0.324,552,712,0.775,351,1251,422,211,96,425,621,2016-2017
325,Vanderbilt,35,19,16,0.543,13.69,10.72,10,8,11,5,5,6,2489,2385,1405,815,1896,0.43,346,921,0.376,513,660,0.777,286,1208,450,147,133,430,581,2016-2017
326,Vermont,35,29,6,0.829,6.67,-3.27,16,0,16,1,11,3,2571,2174,1400,943,1909,0.494,229,621,0.369,456,651,0.7,326,1192,476,199,151,392,555,2016-2017
327,Villanova,36,32,4,0.889,23.8,9.28,15,3,14,1,9,2,2779,2256,1440,965,1948,0.495,311,843,0.369,538,681,0.79,316,1208,505,259,109,402,515,2016-2017
328,Virginia,34,23,11,0.676,20.63,10.93,11,7,12,4,7,5,2246,1916,1380,839,1823,0.46,232,602,0.385,336,474,0.709,297,1119,473,190,138,324,556,2016-2017
329,Virginia Commonwealth,35,26,9,0.743,11.57,3.77,14,4,15,1,7,4,2616,2343,1420,945,2050,0.461,199,602,0.331,527,747,0.705,386,1275,525,263,138,435,728,2016-2017
330,VMI,30,6,24,0.2,-13.91,-1.8,3,15,5,9,1,14,2057,2346,1200,732,1778,0.412,248,786,0.316,345,500,0.69,306,992,356,188,114,395,594,2016-2017
331,Virginia Tech,33,22,11,0.667,12.77,8.38,10,8,15,2,4,6,2610,2465,1330,887,1813,0.489,290,720,0.403,546,741,0.737,240,1068,497,131,91,398,543,2016-2017
332,Wagner,30,16,14,0.533,-7.13,-7.89,11,7,8,7,8,7,2047,1973,1215,727,1700,0.428,183,552,0.332,410,593,0.691,434,1184,326,146,108,422,616,2016-2017
333,Wake Forest,33,19,14,0.576,14.19,9.8,9,9,11,3,5,8,2733,2588,1320,923,1955,0.472,268,697,0.385,619,795,0.779,349,1199,512,183,121,389,668,2016-2017
334,Washington,31,9,22,0.29,2.15,6.82,2,16,7,9,1,11,2368,2513,1245,874,1949,0.448,226,639,0.354,394,602,0.654,401,1161,408,187,171,425,628,2016-2017
335,Washington State,31,13,18,0.419,0.13,6.87,6,12,9,7,2,7,2179,2376,1245,801,1739,0.461,209,574,0.364,368,487,0.756,199,993,453,130,85,389,502,2016-2017
336,Weber State,34,20,14,0.588,-2.32,-5.13,12,6,10,3,7,8,2714,2505,1380,908,1866,0.487,312,749,0.417,584,788,0.741,243,1103,443,176,117,380,596,2016-2017
337,West Virginia,37,28,9,0.757,24.45,9.67,12,6,16,2,6,4,3014,2467,1505,1059,2333,0.454,275,759,0.362,621,907,0.685,534,1387,607,371,176,455,756,2016-2017
338,Western Carolina,32,9,23,0.281,-15.3,-0.7,4,14,6,8,3,13,1965,2347,1280,719,1843,0.39,182,592,0.307,345,528,0.653,397,1158,363,198,75,516,661,2016-2017
339,Western Illinois,28,8,20,0.286,-11,-2.38,5,11,5,8,3,11,2012,2151,1145,711,1633,0.435,254,654,0.388,336,475,0.707,194,968,375,130,124,358,546,2016-2017
340,Western Kentucky,32,15,17,0.469,-5.8,-2.89,9,9,11,3,4,12,2209,2302,1280,777,1767,0.44,214,606,0.353,441,657,0.671,302,1119,397,143,105,388,475,2016-2017
341,Western Michigan,32,16,16,0.5,-0.78,-0.55,11,7,13,2,3,9,2417,2408,1285,863,1915,0.451,209,563,0.371,482,685,0.704,370,1155,414,183,91,399,600,2016-2017
342,Wichita State,36,31,5,0.861,21.24,2.96,17,1,16,1,9,1,2916,2246,1440,992,2114,0.469,310,769,0.403,622,848,0.733,434,1472,586,235,140,406,676,2016-2017
343,William & Mary,31,17,14,0.548,-0.14,-0.73,10,8,13,1,3,12,2534,2411,1250,887,1808,0.491,283,740,0.382,477,689,0.692,271,1123,543,167,152,388,566,2016-2017
344,Winthrop,33,26,7,0.788,1.34,-6.12,15,3,13,3,12,3,2615,2322,1350,891,1957,0.455,313,839,0.373,520,725,0.717,316,1224,423,216,169,430,605,2016-2017
345,Wisconsin,37,27,10,0.73,19.4,9.4,12,6,15,2,5,5,2678,2308,1500,971,2135,0.455,283,788,0.359,453,703,0.644,460,1377,504,250,130,411,602,2016-2017
346,Wofford,33,16,17,0.485,-0.71,-1.08,10,8,11,2,4,10,2593,2479,1350,900,1926,0.467,311,771,0.403,482,619,0.779,323,1105,552,185,71,405,614,2016-2017
347,Wright State,32,20,12,0.625,-1.02,-2.42,11,7,12,4,8,7,2465,2317,1290,817,1819,0.449,285,749,0.381,546,715,0.764,326,1136,472,181,75,474,594,2016-2017
348,Wyoming,38,23,15,0.605,2.83,0.55,8,10,19,3,3,10,2961,2833,1545,986,2265,0.435,369,1055,0.35,620,849,0.73,322,1446,561,195,172,502,783,2016-2017
349,Xavier,38,24,14,0.632,14.8,11.51,9,9,12,4,4,8,2836,2711,1525,981,2148,0.457,267,775,0.345,607,882,0.688,451,1416,560,228,100,478,711,2016-2017
350,Yale,29,18,11,0.621,0.21,-2.19,9,5,10,3,7,7,2151,2028,1165,769,1644,0.468,208,582,0.357,405,553,0.732,301,1056,452,162,123,377,454,2016-2017
351,Youngstown State,34,13,21,0.382,-9.75,-2.56,5,13,7,7,3,12,2616,2801,1390,981,2230,0.44,250,750,0.333,404,601,0.672,355,1246,513,187,107,406,566,2016-2017
1,Abilene Christian,32,16,16,0.5,-9.14,-6.82,8,10,9,6,6,9,2359,2279,1290,870,1874,0.464,213,656,0.325,406,579,0.701,309,1093,482,260,128,461,671,2017-2018
2,Air Force,31,12,19,0.387,-4.31,1.72,6,12,9,7,3,10,2124,2244,1245,733,1751,0.419,250,755,0.331,408,556,0.734,302,1014,445,201,78,391,557,2017-2018
3,Akron,32,14,18,0.438,-6.82,-1.92,6,12,12,4,2,10,2296,2411,1295,793,1824,0.435,305,851,0.358,405,582,0.696,306,1071,418,189,81,440,637,2017-2018
4,Alabama,36,20,16,0.556,12.34,10.64,8,10,12,4,2,8,2604,2543,1440,910,1975,0.461,229,702,0.326,555,828,0.67,360,1290,458,228,192,513,676,2017-2018
5,Alabama A&M,31,3,28,0.097,-23.97,-8.04,3,15,2,9,1,18,1873,2367,1245,673,1697,0.397,182,601,0.303,345,533,0.647,335,1046,340,123,49,514,506,2017-2018
6,Alabama State,31,8,23,0.258,-18.56,-8.62,8,10,4,8,4,13,2129,2437,1245,751,1839,0.408,209,638,0.328,418,647,0.646,394,1131,313,169,130,437,648,2017-2018
7,Albany (NY),32,22,10,0.688,0.02,-5.4,10,6,14,3,8,7,2375,2182,1280,839,1836,0.457,184,502,0.367,513,680,0.754,377,1191,405,150,91,371,528,2017-2018
8,Alcorn State,32,11,21,0.344,-18.07,-8.6,7,11,9,5,2,16,2244,2388,1285,791,1824,0.434,239,697,0.343,423,598,0.707,305,1104,419,200,85,459,613,2017-2018
9,American,30,6,24,0.2,-14.63,-6.16,3,15,4,8,2,16,1961,2215,1205,698,1615,0.432,239,709,0.337,326,491,0.664,242,869,367,217,98,413,550,2017-2018
10,Appalachian State,33,15,18,0.455,-4.83,-2.67,9,9,9,4,4,11,2520,2448,1340,864,1983,0.436,292,859,0.34,500,749,0.668,389,1292,411,198,117,457,627,2017-2018
11,Arizona,35,27,8,0.771,15.67,6.84,14,4,15,1,8,3,2818,2509,1420,1009,2003,0.504,237,642,0.369,563,741,0.76,353,1277,531,173,158,426,603,2017-2018
12,Arizona State,32,20,12,0.625,14.37,6.55,8,10,13,4,4,6,2645,2395,1290,888,1920,0.463,288,793,0.363,581,793,0.733,315,1126,458,209,114,343,604,2017-2018
13,Arkansas,35,23,12,0.657,14.76,9.85,10,8,15,2,3,7,2819,2647,1415,1005,2119,0.474,269,681,0.395,540,793,0.681,351,1208,501,218,163,381,700,2017-2018
14,Arkansas State,32,11,21,0.344,-9.65,-3.02,6,12,7,7,4,13,2369,2523,1290,841,1910,0.44,236,695,0.34,451,628,0.718,359,1072,344,215,95,419,589,2017-2018
15,Arkansas-Pine Bluff,35,14,21,0.4,-14.84,-9.36,12,6,7,3,6,13,2307,2499,1410,815,1863,0.437,217,660,0.329,460,681,0.675,279,1024,427,275,144,500,684,2017-2018
16,Army,30,13,17,0.433,-8.62,-7.17,6,12,6,5,4,12,2230,2223,1205,820,1845,0.444,295,771,0.383,295,448,0.658,302,1073,501,170,83,403,593,2017-2018
17,Auburn,34,26,8,0.765,15.97,7.29,13,5,15,1,7,4,2783,2488,1360,906,2102,0.431,324,908,0.357,647,836,0.774,407,1290,481,252,180,411,672,2017-2018
18,Austin Peay,34,19,15,0.559,-3.28,-2.5,12,6,13,5,5,9,2512,2446,1370,915,2012,0.455,202,592,0.341,480,737,0.651,444,1209,453,225,103,478,671,2017-2018
19,Ball State,32,19,13,0.594,-1.22,-2,10,8,14,2,5,10,2410,2362,1295,856,1895,0.452,245,727,0.337,453,643,0.705,320,1210,453,170,112,423,547,2017-2018
20,Baylor,34,19,15,0.559,14.6,9.17,8,10,15,5,2,9,2571,2369,1375,941,2007,0.469,217,608,0.357,470,640,0.734,400,1292,516,185,152,463,608,2017-2018
21,Belmont,33,24,9,0.727,5.54,-2.88,15,3,14,2,9,6,2562,2284,1320,901,1853,0.486,378,1005,0.376,382,517,0.739,258,1133,529,161,82,410,531,2017-2018
22,Bethune-Cookman,32,18,14,0.563,-12.19,-12.46,12,4,10,3,8,10,2621,2543,1290,903,2039,0.443,241,759,0.318,575,820,0.701,424,1346,501,202,123,507,670,2017-2018
23,Binghamton,31,11,20,0.355,-10.27,-6.34,2,14,7,7,3,12,2147,2181,1245,787,1775,0.443,235,671,0.35,338,528,0.64,283,1066,376,170,131,381,522,2017-2018
24,Boise State,32,23,9,0.719,11.21,3.05,13,5,15,1,6,6,2502,2210,1300,878,1903,0.461,307,809,0.379,439,595,0.738,321,1232,427,183,70,433,573,2017-2018
25,Boston College,35,19,16,0.543,9,7.2,7,11,14,3,2,11,2673,2610,1415,948,2105,0.45,298,831,0.359,479,646,0.741,369,1293,492,175,110,441,570,2017-2018
26,Boston University,31,15,16,0.484,-8.33,-5.83,10,8,6,7,9,9,2186,2226,1240,800,1730,0.462,229,614,0.373,357,559,0.639,301,1044,420,229,103,427,531,2017-2018
27,Bowling Green State,32,16,16,0.5,-6.38,-2.88,7,11,9,6,6,9,2429,2490,1305,827,1963,0.421,241,690,0.349,534,730,0.732,372,1226,425,189,82,408,569,2017-2018
28,Bradley,33,20,13,0.606,2.07,0.35,9,9,13,2,4,9,2223,2136,1320,768,1788,0.43,217,613,0.354,470,665,0.707,359,1178,447,214,133,441,626,2017-2018
29,Brigham Young,35,24,11,0.686,8.05,1.53,11,7,13,3,7,6,2600,2372,1415,919,1905,0.482,225,649,0.347,537,716,0.75,242,1146,533,224,133,403,596,2017-2018
30,Brown,27,11,16,0.407,-7.78,-4.67,4,10,8,5,3,11,2080,2133,1100,695,1631,0.426,186,588,0.316,504,667,0.756,310,988,338,174,81,364,565,2017-2018
31,Bryant,31,3,28,0.097,-18.75,-5.42,2,16,1,11,2,17,2169,2582,1245,771,1881,0.41,259,755,0.343,368,522,0.705,312,1000,417,190,43,401,600,2017-2018
32,Bucknell,35,25,10,0.714,4.49,-3.46,16,2,15,1,10,8,2837,2559,1420,965,2050,0.471,280,804,0.348,627,872,0.719,325,1281,505,194,152,437,655,2017-2018
33,Buffalo,36,27,9,0.75,7.99,0.25,15,3,14,1,8,5,3047,2742,1455,1105,2334,0.473,351,948,0.37,486,695,0.699,430,1388,597,225,146,446,755,2017-2018
34,Butler,35,21,14,0.6,16.92,10.55,9,9,14,3,3,7,2763,2540,1430,1020,2155,0.473,287,805,0.357,436,562,0.776,324,1198,489,232,100,391,642,2017-2018
35,Cal Poly,31,9,22,0.29,-11.56,-1.83,4,12,7,6,1,13,2082,2302,1270,721,1817,0.397,267,746,0.358,373,478,0.78,291,1034,372,154,122,366,565,2017-2018
36,Cal State Bakersfield,30,12,18,0.4,-6.58,-0.73,5,9,8,4,3,12,1981,2068,1200,697,1670,0.417,185,613,0.302,402,578,0.696,343,1068,387,182,87,416,597,2017-2018
37,Cal State Fullerton,32,20,12,0.625,-0.93,-1.03,10,6,9,4,7,7,2318,2245,1290,804,1721,0.467,167,500,0.334,543,745,0.729,280,1123,403,201,106,455,578,2017-2018
38,Cal State Northridge,30,6,24,0.2,-13.5,-3.53,3,13,4,9,2,13,1983,2206,1215,731,1689,0.433,186,514,0.362,335,473,0.708,247,940,366,149,74,365,533,2017-2018
39,California,32,8,24,0.25,-3.4,6.05,2,16,5,12,3,8,2166,2483,1285,767,1887,0.406,148,518,0.286,484,717,0.675,426,1140,313,220,154,470,648,2017-2018
40,Campbell,34,18,16,0.529,-5.68,-6.68,10,8,14,4,4,11,2581,2412,1370,891,1867,0.477,313,806,0.388,486,648,0.75,231,1085,482,228,137,403,579,2017-2018
41,Canisius,33,21,12,0.636,0.44,-4.8,15,3,11,3,8,8,2519,2346,1325,901,1942,0.464,304,874,0.348,413,581,0.711,336,1101,553,232,95,430,624,2017-2018
42,Central Arkansas,35,18,17,0.514,-5.83,-5.97,10,8,9,5,8,11,2819,2766,1425,980,2162,0.453,286,804,0.356,573,780,0.735,359,1271,566,233,180,480,690,2017-2018
43,Central Connecticut State,32,14,18,0.438,-11.62,-7.59,7,11,8,4,6,14,2171,2300,1305,788,1740,0.453,198,601,0.329,397,568,0.699,321,1130,397,161,107,473,549,2017-2018
44,Central Michigan,36,21,15,0.583,-1.39,-3.24,7,11,12,5,6,9,2835,2661,1465,953,2187,0.436,356,1037,0.343,573,711,0.806,408,1305,492,228,119,417,573,2017-2018
45,Charleston Southern,31,15,16,0.484,-8.16,-6.16,9,9,9,6,6,10,2232,2133,1260,802,1793,0.447,208,631,0.33,420,581,0.723,345,1071,368,224,106,408,517,2017-2018
46,Charlotte,29,6,23,0.207,-10.13,0.27,2,16,4,11,2,12,2066,2317,1165,706,1634,0.432,198,563,0.352,456,637,0.716,270,990,319,165,65,428,524,2017-2018
47,Chattanooga,33,10,23,0.303,-11.09,-4.05,3,15,8,8,1,14,2289,2424,1345,784,1804,0.435,276,776,0.356,445,626,0.711,307,1072,421,166,69,460,507,2017-2018
48,Chicago State,32,3,29,0.094,-21.53,1.17,1,13,3,8,0,19,2171,2756,1280,774,1898,0.408,169,549,0.308,454,627,0.724,323,1042,367,232,81,483,697,2017-2018
49,Cincinnati,36,31,5,0.861,20.25,3.53,16,2,15,1,9,2,2673,2071,1440,944,2100,0.45,262,742,0.353,523,756,0.692,479,1413,570,256,194,404,561,2017-2018
50,Clemson,35,25,10,0.714,17.16,9.25,11,7,15,1,4,6,2584,2307,1410,899,1971,0.456,288,786,0.366,498,660,0.755,313,1256,463,198,169,414,564,2017-2018
51,Cleveland State,35,12,23,0.343,-10.82,-3.64,6,12,7,7,2,15,2402,2613,1410,853,1965,0.434,294,863,0.341,402,572,0.703,270,1063,456,231,90,458,595,2017-2018
52,Coastal Carolina,32,14,18,0.438,-3.94,-2.42,8,10,7,9,5,7,2298,2241,1290,787,1813,0.434,218,660,0.33,506,702,0.721,388,1244,418,171,116,479,608,2017-2018
53,Colgate,33,19,14,0.576,-4.85,-5.72,12,6,13,3,6,11,2394,2315,1320,829,1897,0.437,309,856,0.361,427,552,0.774,299,1083,426,201,110,363,542,2017-2018
54,College of Charleston,34,26,8,0.765,1.83,-3.29,14,4,14,0,7,6,2536,2331,1385,875,1905,0.459,259,720,0.36,527,699,0.754,286,1129,387,177,119,339,563,2017-2018
55,Colorado,32,17,15,0.531,6.06,7,8,10,12,3,1,10,2307,2337,1295,810,1839,0.44,241,672,0.359,446,612,0.729,324,1200,409,140,122,451,619,2017-2018
56,Colorado State,32,11,21,0.344,-3.86,3.79,4,14,8,8,3,10,2314,2537,1295,811,1941,0.418,225,684,0.329,467,651,0.717,375,1200,409,190,102,426,624,2017-2018
57,Columbia,27,8,19,0.296,-5.63,-3.02,5,9,7,5,1,14,2062,2085,1090,746,1686,0.442,269,733,0.367,301,407,0.74,277,962,384,177,93,338,504,2017-2018
58,Connecticut,32,14,18,0.438,1.08,6.05,7,11,11,5,2,9,2181,2340,1300,762,1832,0.416,215,659,0.326,442,593,0.745,336,1096,334,190,119,403,592,2017-2018
59,Coppin State,32,5,27,0.156,-20.96,-7.24,5,11,4,6,1,20,1945,2384,1305,657,1824,0.36,265,869,0.305,366,497,0.736,273,1082,338,172,82,462,649,2017-2018
60,Cornell,28,12,16,0.429,-8.8,-3.24,6,8,8,4,4,11,2124,2250,1150,744,1613,0.461,217,639,0.34,419,574,0.73,232,961,449,144,98,376,499,2017-2018
61,Creighton,33,21,12,0.636,16.35,8.1,10,8,16,2,4,7,2756,2444,1330,1008,2050,0.492,343,923,0.372,397,531,0.748,249,1206,588,187,88,371,501,2017-2018
62,Dartmouth,27,7,20,0.259,-10.31,-4,3,11,6,6,1,14,1841,1970,1085,651,1454,0.448,200,557,0.359,339,475,0.714,208,847,359,152,86,365,421,2017-2018
63,Davidson,33,21,12,0.636,11.02,2.57,13,5,11,1,6,8,2519,2240,1335,899,1874,0.48,353,907,0.389,368,461,0.798,229,1078,551,155,65,315,503,2017-2018
64,Dayton,31,14,17,0.452,1.64,2.71,8,10,12,4,1,10,2244,2277,1260,804,1671,0.481,248,736,0.337,388,531,0.731,240,968,488,162,78,426,510,2017-2018
65,Delaware,33,14,19,0.424,-6.93,-2.96,6,12,7,8,4,10,2338,2428,1330,859,1880,0.457,192,584,0.329,428,657,0.651,314,1150,386,164,75,354,554,2017-2018
66,Delaware State,32,4,28,0.125,-24.57,-9.3,2,14,4,9,0,18,2034,2459,1300,742,1781,0.417,192,591,0.325,358,516,0.694,340,1066,348,189,83,489,560,2017-2018
67,Denver,30,15,15,0.5,-5.21,-2.53,8,6,10,4,3,9,2192,2189,1220,803,1699,0.473,211,527,0.4,375,540,0.694,311,1107,452,129,72,451,561,2017-2018
68,DePaul,31,11,20,0.355,6.55,8.45,4,14,6,10,4,7,2230,2289,1245,819,1912,0.428,194,626,0.31,398,562,0.708,383,1160,465,200,94,430,553,2017-2018
69,Detroit Mercy,32,8,24,0.25,-12.47,-2.07,4,14,5,11,2,11,2516,2743,1285,883,2031,0.435,281,815,0.345,469,621,0.755,337,1114,437,212,88,435,649,2017-2018
70,Drake,34,17,17,0.5,-0.51,0.58,10,8,11,3,4,11,2506,2495,1390,862,1972,0.437,289,795,0.364,493,640,0.77,279,1158,504,204,86,412,530,2017-2018
71,Drexel,33,13,20,0.394,-7.2,-2.48,6,12,9,5,2,11,2454,2591,1340,880,1994,0.441,227,699,0.325,467,646,0.723,369,1197,380,176,138,409,583,2017-2018
72,Duke,37,29,8,0.784,24.43,9.7,13,5,15,1,6,5,3121,2576,1490,1125,2288,0.492,309,831,0.372,562,791,0.71,496,1519,648,275,185,460,574,2017-2018
73,Duquesne,32,16,16,0.5,-1.08,-3.33,7,11,13,6,2,7,2317,2245,1310,801,1874,0.427,261,745,0.35,454,663,0.685,387,1148,382,186,140,383,598,2017-2018
74,East Carolina,30,10,20,0.333,-8.72,-0.22,4,14,8,11,2,8,1993,2248,1215,741,1723,0.43,182,597,0.305,329,494,0.666,292,1020,388,148,93,431,530,2017-2018
75,East Tennessee State,34,25,9,0.735,3.72,-4.09,14,4,12,4,11,4,2556,2241,1360,926,1957,0.473,244,711,0.343,460,648,0.71,352,1265,500,265,146,454,613,2017-2018
76,Eastern Illinois,31,12,19,0.387,-8.33,-3.4,7,11,7,6,4,12,2065,2120,1245,732,1726,0.424,224,627,0.357,377,551,0.684,332,1064,392,182,138,417,509,2017-2018
77,Eastern Kentucky,31,11,20,0.355,-10.57,-3.68,5,13,6,7,5,12,2230,2371,1245,778,1779,0.437,226,638,0.354,448,600,0.747,297,1022,405,193,113,401,542,2017-2018
78,Eastern Michigan,35,22,13,0.629,-0.23,-2.81,11,7,14,3,7,9,2509,2339,1415,933,2010,0.464,234,698,0.335,409,599,0.683,357,1230,450,303,227,447,559,2017-2018
79,Eastern Washington,35,20,15,0.571,-0.03,-1.54,13,5,11,1,6,12,2619,2520,1410,936,2017,0.464,310,828,0.374,437,572,0.764,258,1163,440,185,106,402,667,2017-2018
80,Elon,32,14,18,0.438,-6.89,-1.69,6,12,8,5,4,12,2346,2437,1320,842,1916,0.439,337,966,0.349,325,457,0.711,258,1140,507,140,66,373,494,2017-2018
81,Evansville,32,17,15,0.531,0.68,1.35,7,11,15,3,2,10,2094,2045,1285,731,1652,0.442,184,448,0.411,448,578,0.775,247,1058,417,190,92,431,568,2017-2018
82,Fairfield,33,17,16,0.515,-4.98,-3.68,9,9,10,3,3,10,2506,2549,1345,881,2009,0.439,303,893,0.339,441,621,0.71,299,1159,487,211,95,421,663,2017-2018
83,FDU,31,13,18,0.419,-10.41,-5.66,9,9,8,5,5,13,2313,2350,1240,842,1868,0.451,213,623,0.342,416,573,0.726,339,1067,416,220,100,426,561,2017-2018
84,Florida,34,21,13,0.618,16.66,10.08,11,7,12,5,5,4,2577,2353,1375,893,2065,0.432,308,832,0.37,483,673,0.718,367,1198,445,237,164,335,591,2017-2018
85,Florida A&M,34,9,25,0.265,-19.21,-8.33,7,9,6,4,2,20,2343,2684,1385,831,1981,0.419,217,616,0.352,464,641,0.724,348,1094,370,194,104,471,612,2017-2018
86,Florida Atlantic,31,12,19,0.387,-5.35,-0.14,6,12,7,7,4,10,2155,2172,1245,790,1929,0.41,179,551,0.325,396,536,0.739,357,1194,376,182,124,393,557,2017-2018
87,Florida Gulf Coast,35,23,12,0.657,1.94,-5.44,12,2,14,6,9,6,2847,2515,1400,1045,2117,0.494,254,699,0.363,503,680,0.74,368,1338,535,256,97,494,653,2017-2018
88,Florida International,32,14,18,0.438,-4.3,-1.99,8,10,11,7,3,9,2262,2278,1310,815,1912,0.426,203,632,0.321,429,704,0.609,319,1150,378,242,102,354,585,2017-2018
89,Florida State,35,23,12,0.657,15.78,8.5,9,9,13,2,4,7,2806,2551,1420,994,2125,0.468,273,781,0.35,543,786,0.691,398,1322,523,241,186,456,652,2017-2018
90,Fordham,31,9,22,0.29,-6.74,1.26,4,14,8,9,1,10,1931,2179,1250,692,1680,0.412,227,787,0.288,320,452,0.708,199,884,419,283,74,386,491,2017-2018
91,Fresno State,32,21,11,0.656,8.17,1.84,11,7,12,5,8,5,2459,2201,1295,885,1805,0.49,216,548,0.394,473,682,0.694,293,1082,415,217,104,384,626,2017-2018
92,Furman,33,23,10,0.697,4.43,-3.64,13,5,13,3,7,6,2619,2260,1325,942,2006,0.47,338,950,0.356,397,557,0.713,317,1157,526,265,72,382,531,2017-2018
93,Gardner-Webb,32,14,18,0.438,-9.7,-3.81,9,9,11,2,3,13,2258,2307,1300,822,1850,0.444,236,676,0.349,378,526,0.719,300,1141,415,195,92,437,568,2017-2018
94,George Mason,33,16,17,0.485,-2.97,0.85,9,9,10,7,5,7,2371,2497,1345,841,1949,0.432,230,705,0.326,459,619,0.742,329,1213,378,200,96,425,541,2017-2018
95,George Washington,33,15,18,0.455,-0.72,2.13,7,11,13,5,1,10,2225,2319,1320,832,1861,0.447,180,561,0.321,381,537,0.709,350,1120,440,189,163,419,486,2017-2018
96,Georgetown,30,15,15,0.5,7.16,5.29,5,13,11,8,4,6,2350,2294,1235,800,1763,0.454,226,618,0.366,524,676,0.775,327,1151,522,164,110,458,531,2017-2018
97,Georgia,33,18,15,0.545,10.24,8.87,7,11,11,4,4,9,2247,2202,1340,767,1825,0.42,201,632,0.318,512,732,0.699,406,1301,402,126,156,420,533,2017-2018
98,Georgia Southern,33,21,12,0.636,-0.54,-3.28,11,7,10,3,8,7,2504,2315,1325,857,1992,0.43,267,784,0.341,523,789,0.663,401,1248,333,227,120,372,633,2017-2018
99,Georgia State,35,24,11,0.686,3.22,-2.78,12,6,11,3,9,6,2614,2356,1415,937,2033,0.461,323,839,0.385,417,615,0.678,309,1182,455,256,160,395,639,2017-2018
100,Georgia Tech,32,13,19,0.406,5.25,7.46,6,12,12,7,1,10,2101,2172,1285,753,1770,0.425,156,490,0.318,439,616,0.713,334,1084,409,221,171,411,533,2017-2018
101,Gonzaga,37,32,5,0.865,18.44,2.6,17,1,15,1,10,1,3091,2505,1500,1125,2261,0.498,328,891,0.368,513,725,0.708,413,1477,564,234,134,420,631,2017-2018
102,Grambling,31,17,14,0.548,-12.97,-10.3,13,5,6,4,11,10,2257,2321,1250,777,1852,0.42,154,470,0.328,547,769,0.711,378,1193,342,239,113,477,674,2017-2018
103,Grand Canyon,34,22,12,0.647,3.78,-4.8,9,5,16,3,3,7,2512,2213,1370,855,1992,0.429,251,779,0.322,551,785,0.702,405,1310,540,211,134,450,685,2017-2018
104,Green Bay,33,13,20,0.394,-8.51,-4.08,7,11,10,6,2,13,2517,2499,1330,859,2027,0.424,295,813,0.363,504,670,0.752,334,1241,459,226,100,453,635,2017-2018
105,Hampton,35,19,16,0.543,-9.37,-9.56,12,4,11,3,5,11,2703,2603,1370,970,2173,0.446,198,627,0.316,565,727,0.777,385,1372,518,183,123,440,672,2017-2018
106,Hartford,33,19,14,0.576,-5.54,-5.26,11,5,9,7,9,6,2326,2318,1325,835,1840,0.454,270,783,0.345,386,569,0.678,278,1100,433,200,123,402,601,2017-2018
107,Harvard,32,18,14,0.563,-0.28,-1.7,12,2,10,2,6,11,2182,2129,1305,764,1775,0.43,257,729,0.353,397,512,0.775,284,1115,406,173,118,445,575,2017-2018
108,Hawaii,30,17,13,0.567,-2.33,-2.51,8,8,13,7,4,5,2104,2071,1215,721,1630,0.442,202,613,0.33,460,670,0.687,266,995,428,169,59,402,584,2017-2018
109,High Point,30,14,16,0.467,-6.75,-6.38,9,9,11,4,3,11,2126,1993,1205,775,1691,0.458,163,456,0.357,413,588,0.702,324,1039,353,222,82,375,545,2017-2018
110,Hofstra,31,19,12,0.613,-0.53,-1.6,12,6,9,4,9,4,2464,2397,1245,868,1868,0.465,260,693,0.375,468,686,0.682,341,1103,413,156,83,334,576,2017-2018
111,Holy Cross,31,12,19,0.387,-9.92,-5.82,8,10,6,7,6,10,1972,2099,1250,724,1569,0.461,203,623,0.326,321,465,0.69,178,880,421,193,105,381,537,2017-2018
112,Houston,35,27,8,0.771,15.99,4.16,14,4,15,0,6,5,2685,2271,1400,952,2066,0.461,297,768,0.387,484,674,0.718,408,1352,505,218,106,418,737,2017-2018
113,Houston Christian,31,6,25,0.194,-16.14,-3.97,2,16,5,8,1,16,2382,2617,1250,860,2058,0.418,219,677,0.323,443,710,0.624,477,1219,432,206,90,438,605,2017-2018
114,Howard,33,10,23,0.303,-17.26,-9.74,7,9,7,4,2,18,2449,2654,1345,847,1997,0.424,268,772,0.347,487,688,0.708,372,1153,407,178,93,442,676,2017-2018
115,Idaho,31,22,9,0.71,0.82,-3.94,14,4,11,2,9,4,2330,2134,1245,819,1749,0.468,277,679,0.408,415,565,0.735,309,1138,459,135,80,411,553,2017-2018
116,Idaho State,30,14,16,0.467,-5.76,-3.69,9,9,9,5,5,10,2211,2232,1200,778,1639,0.475,252,637,0.396,403,594,0.678,204,962,354,169,72,408,525,2017-2018
117,Illinois,32,14,18,0.438,8.5,7.53,4,14,12,6,1,10,2426,2362,1295,856,1949,0.439,236,705,0.335,478,653,0.732,398,1053,442,240,69,425,720,2017-2018
118,Illinois State,33,18,15,0.545,1.07,3.67,10,8,11,3,3,10,2364,2418,1350,813,1917,0.424,301,883,0.341,437,640,0.683,317,1171,468,216,131,438,677,2017-2018
119,Illinois-Chicago,36,20,16,0.556,-2.91,-4.21,12,6,11,7,9,8,2708,2597,1445,951,2115,0.45,242,697,0.347,564,768,0.734,371,1384,451,244,242,544,687,2017-2018
120,Incarnate Word,28,7,21,0.25,-17.71,-5.04,2,16,6,9,1,12,1978,2163,1120,671,1566,0.428,166,493,0.337,470,630,0.746,280,976,311,169,143,442,521,2017-2018
121,Indiana,31,16,15,0.516,9.89,8.25,9,9,12,6,3,8,2229,2178,1255,806,1767,0.456,194,602,0.322,423,644,0.657,345,1099,435,199,134,386,561,2017-2018
122,Indiana State,31,13,18,0.419,1.53,2.43,8,10,8,7,5,7,2248,2253,1275,762,1803,0.423,270,748,0.361,454,644,0.705,322,1124,360,233,105,445,614,2017-2018
123,Iona,34,20,14,0.588,0.75,-2.19,11,7,8,3,7,8,2702,2602,1385,957,2076,0.461,324,846,0.383,462,626,0.738,291,1146,542,229,103,395,587,2017-2018
124,Iowa,33,14,19,0.424,8.13,7.13,4,14,9,6,1,10,2630,2597,1330,946,1975,0.479,252,672,0.375,486,699,0.695,391,1258,602,172,134,441,548,2017-2018
125,Iowa State,31,13,18,0.419,6.88,9.49,4,14,9,7,0,10,2258,2339,1250,817,1870,0.437,234,653,0.358,390,557,0.7,338,1134,423,149,129,369,508,2017-2018
126,IU Indy,30,11,19,0.367,-9.82,-3.53,8,10,9,4,2,14,2047,2180,1205,731,1723,0.424,213,600,0.355,372,559,0.665,346,1022,385,205,103,427,562,2017-2018
127,Jackson State,32,12,20,0.375,-17.66,-10.5,9,9,9,2,2,17,1991,2161,1295,714,1921,0.372,238,724,0.329,325,497,0.654,401,1087,350,235,89,368,651,2017-2018
128,Jacksonville,33,15,18,0.455,-13.39,-6.12,8,6,10,6,3,12,2405,2482,1345,897,1993,0.45,202,601,0.336,409,622,0.658,330,1180,415,226,112,472,536,2017-2018
129,Jacksonville State,36,23,13,0.639,-0.3,-4.87,11,7,12,4,9,8,2587,2369,1450,954,2091,0.456,211,650,0.325,468,657,0.712,412,1371,542,220,176,469,624,2017-2018
130,James Madison,32,10,22,0.313,-5.47,-2.15,6,12,7,7,3,11,2341,2414,1310,812,1933,0.42,231,695,0.332,486,667,0.729,361,1148,388,228,104,383,670,2017-2018
131,Kansas,39,31,8,0.795,21.39,11.88,13,5,14,3,8,3,3174,2803,1565,1165,2366,0.492,391,974,0.401,453,640,0.708,381,1388,649,254,160,456,597,2017-2018
132,Kansas City,32,10,22,0.313,-10.19,-1.02,5,9,6,8,3,11,2251,2447,1285,756,1859,0.407,284,845,0.336,455,640,0.711,260,1018,354,202,81,411,681,2017-2018
133,Kansas State,37,25,12,0.676,12.85,8.74,10,8,14,3,6,5,2630,2478,1485,937,2025,0.463,254,745,0.341,502,684,0.734,304,1136,510,294,110,423,684,2017-2018
134,Kennesaw State,30,10,20,0.333,-11.17,-4.31,6,8,8,6,2,14,2182,2328,1205,805,1771,0.455,160,438,0.365,412,597,0.69,307,987,446,216,93,409,540,2017-2018
135,Kent State,34,17,17,0.5,-3.73,-1.76,9,9,13,3,2,11,2482,2502,1370,871,2049,0.425,255,782,0.326,485,666,0.728,390,1220,393,201,122,442,638,2017-2018
136,Kentucky,37,26,11,0.703,17.24,10.73,10,8,16,2,4,6,2840,2599,1485,998,2115,0.472,195,546,0.357,649,930,0.698,441,1431,489,208,176,480,702,2017-2018
137,La Salle,32,13,19,0.406,1.7,2.54,7,11,10,4,2,10,2333,2360,1315,817,1905,0.429,234,710,0.33,465,591,0.787,293,1124,410,189,90,374,546,2017-2018
138,Lafayette,31,10,21,0.323,-9.77,-6.04,7,11,8,6,2,14,2207,2307,1245,777,1709,0.455,263,708,0.371,390,507,0.769,210,1026,386,131,103,411,515,2017-2018
139,Lamar,33,19,14,0.576,-5.19,-7.23,11,7,11,4,8,7,2500,2296,1340,873,2026,0.431,257,750,0.343,497,757,0.657,426,1246,449,281,75,430,654,2017-2018
140,Lehigh,30,16,14,0.533,-6.41,-5.65,11,7,9,6,7,8,2336,2333,1230,835,1845,0.453,293,721,0.406,373,480,0.777,269,1074,428,184,53,380,553,2017-2018
141,Liberty,37,22,15,0.595,-2.68,-6.24,9,9,13,7,7,6,2621,2353,1510,899,1948,0.461,300,805,0.373,523,660,0.792,271,1239,521,218,94,438,613,2017-2018
142,Lipscomb,33,23,10,0.697,-2.1,-3.8,10,4,13,2,10,7,2708,2564,1340,924,2040,0.453,267,813,0.328,593,826,0.718,346,1276,517,216,102,493,656,2017-2018
143,Little Rock,32,7,25,0.219,-10.45,-2.22,4,14,5,10,2,14,2038,2242,1300,750,1756,0.427,200,623,0.321,338,554,0.61,322,1089,391,159,93,459,612,2017-2018
144,Long Beach State,33,15,18,0.455,-3.76,0.89,9,7,8,5,6,10,2485,2586,1330,866,1917,0.452,196,558,0.351,557,765,0.728,381,1195,419,218,119,501,592,2017-2018
145,Long Island University,35,18,17,0.514,-8.6,-8.19,10,8,12,4,5,11,2696,2674,1405,935,2055,0.455,279,815,0.342,547,786,0.696,370,1327,442,194,111,496,687,2017-2018
146,Longwood,33,7,26,0.212,-18.31,-4.31,3,15,5,11,2,13,2088,2445,1320,728,1764,0.413,226,691,0.327,406,591,0.687,262,1070,327,218,103,516,575,2017-2018
147,Louisiana,34,27,7,0.794,7.58,-2.55,16,2,14,1,10,4,2829,2408,1365,971,2093,0.464,297,818,0.363,590,775,0.761,435,1325,591,255,147,455,648,2017-2018
148,Louisiana State,33,18,15,0.545,10.93,8.02,8,10,14,4,3,8,2559,2463,1325,916,1926,0.476,268,774,0.346,459,628,0.731,317,1101,467,252,110,382,585,2017-2018
149,Louisiana Tech,33,17,16,0.515,1.33,-0.12,7,11,11,5,2,10,2468,2331,1325,838,1877,0.446,287,765,0.375,505,697,0.725,314,1137,470,196,132,405,568,2017-2018
150,Louisiana-Monroe,32,16,16,0.5,-6.28,-3.31,9,9,12,4,3,11,2235,2187,1290,811,1863,0.435,288,801,0.36,325,453,0.717,297,1077,446,207,42,380,535,2017-2018
151,Louisville,36,22,14,0.611,14.3,9.07,9,9,16,6,4,7,2721,2533,1460,969,2140,0.453,280,754,0.371,503,683,0.736,358,1317,489,251,217,425,585,2017-2018
152,Loyola (IL),38,32,6,0.842,10.37,1.8,15,3,14,1,9,4,2721,2377,1520,995,1963,0.507,277,700,0.396,454,626,0.725,238,1222,594,241,90,472,528,2017-2018
153,Loyola (MD),31,9,22,0.29,-12.71,-5.25,6,12,8,6,1,16,2154,2326,1255,797,1820,0.438,163,509,0.32,397,608,0.653,332,1076,360,218,97,414,614,2017-2018
154,Loyola Marymount,31,11,20,0.355,-4.34,1.09,5,13,7,7,3,12,2226,2369,1250,803,1813,0.443,200,574,0.348,421,593,0.71,375,1011,439,216,72,407,607,2017-2018
155,Maine,32,6,26,0.188,-14.64,-3.27,3,13,4,8,2,16,2140,2408,1295,765,1873,0.408,225,745,0.302,385,559,0.689,306,1131,378,206,94,496,624,2017-2018
156,Manhattan,31,14,17,0.452,-5.04,-4.13,9,9,8,3,5,8,2147,2175,1260,737,1661,0.444,239,598,0.4,434,625,0.694,319,1030,433,186,121,482,616,2017-2018
157,Marist,31,6,25,0.194,-12.48,-3.57,4,14,4,9,2,10,2239,2515,1260,761,1710,0.445,280,802,0.349,437,612,0.714,233,1041,369,130,77,488,547,2017-2018
158,Marquette,35,21,14,0.6,12.5,9.7,9,9,13,7,5,5,2846,2748,1415,989,2081,0.475,385,924,0.417,483,600,0.805,315,1114,551,214,128,431,679,2017-2018
159,Marshall,36,25,11,0.694,4.21,0.44,12,6,15,2,6,8,3017,2849,1455,1042,2232,0.467,362,1012,0.358,571,747,0.764,293,1287,615,252,209,476,617,2017-2018
160,Maryland,32,19,13,0.594,13.78,7.94,8,10,15,3,2,8,2338,2140,1285,811,1696,0.478,229,617,0.371,487,645,0.755,305,1149,452,138,137,438,512,2017-2018
161,Maryland-Baltimore County,36,25,11,0.694,-2.02,-3.84,12,4,15,2,9,7,2630,2466,1440,926,2088,0.443,364,940,0.387,414,641,0.646,348,1245,547,269,87,440,592,2017-2018
162,Maryland-Eastern Shore,32,7,25,0.219,-24.63,-7.56,3,13,6,5,0,18,1992,2473,1280,710,1844,0.385,206,725,0.284,366,542,0.675,348,1065,347,151,57,417,548,2017-2018
163,Massachusetts,33,13,20,0.394,-1.65,1.1,5,13,11,6,1,11,2374,2465,1350,861,1918,0.449,293,732,0.4,359,481,0.746,300,1084,505,159,98,423,595,2017-2018
164,Massachusetts-Lowell,30,12,18,0.4,-9.53,-5.77,6,10,9,7,3,11,2286,2356,1205,791,1719,0.46,215,621,0.346,489,690,0.709,281,969,435,210,86,405,538,2017-2018
165,McNeese State,29,12,17,0.414,-12.06,-6.1,8,10,8,5,4,12,2184,2209,1170,780,1787,0.436,205,597,0.343,419,590,0.71,326,1144,327,156,133,416,505,2017-2018
166,Memphis,34,21,13,0.618,1.81,2.16,10,8,14,5,5,5,2408,2420,1380,828,1832,0.452,201,634,0.317,551,798,0.69,391,1166,443,201,129,467,583,2017-2018
167,Mercer,34,19,15,0.559,-0.87,-3.5,11,7,11,3,7,9,2561,2373,1380,878,1854,0.474,288,749,0.385,517,680,0.76,330,1176,490,182,55,424,582,2017-2018
168,Miami (FL),32,22,10,0.688,12.83,6.96,11,7,11,3,8,4,2361,2173,1290,875,1881,0.465,247,678,0.364,362,547,0.662,318,1113,424,210,130,367,518,2017-2018
169,Miami (OH),34,16,18,0.471,-3.56,-1.15,8,10,9,5,6,11,2449,2404,1390,886,2006,0.442,301,878,0.343,376,548,0.686,339,1232,453,257,88,453,569,2017-2018
170,Michigan,41,33,8,0.805,19.03,9.41,13,5,15,1,6,5,3019,2596,1655,1092,2335,0.468,361,1011,0.357,474,717,0.661,345,1367,585,261,126,379,643,2017-2018
171,Michigan State,35,30,5,0.857,22.41,7.1,16,2,16,1,8,1,2807,2271,1405,991,1996,0.496,290,725,0.4,535,716,0.747,405,1439,670,143,251,459,640,2017-2018
172,Middle Tennessee,33,25,8,0.758,10.29,2.83,16,2,12,2,12,2,2479,2188,1330,902,1914,0.471,241,648,0.372,434,585,0.742,346,1182,468,201,76,413,651,2017-2018
173,Milwaukee,33,16,17,0.485,-4.15,-4.25,8,10,9,7,6,9,2259,2260,1330,834,1872,0.446,235,704,0.334,356,528,0.674,291,1146,429,196,125,412,545,2017-2018
174,Minnesota,32,15,17,0.469,7,6.91,4,14,11,6,2,9,2405,2402,1295,850,1971,0.431,218,630,0.346,487,692,0.704,371,1221,467,181,163,352,492,2017-2018
175,Mississippi,32,12,20,0.375,6.85,9.16,5,13,10,8,1,10,2426,2500,1300,841,1999,0.421,251,788,0.319,493,675,0.73,395,1215,468,200,131,365,609,2017-2018
176,Mississippi State,37,25,12,0.676,11.71,6.82,9,9,19,2,4,8,2716,2507,1490,1000,2151,0.465,256,802,0.319,460,666,0.691,398,1335,491,243,198,483,614,2017-2018
177,Mississippi Valley State,32,4,28,0.125,-21.41,-8.13,4,14,3,6,1,21,2075,2500,1300,758,1979,0.383,171,568,0.301,388,575,0.675,395,1138,327,186,56,421,658,2017-2018
178,Missouri,33,20,13,0.606,13.81,9.19,10,8,13,3,5,6,2399,2246,1330,794,1765,0.45,306,799,0.383,505,688,0.734,333,1225,443,170,140,469,594,2017-2018
179,Missouri State,33,18,15,0.545,3.06,0.43,7,11,10,5,4,8,2313,2197,1325,851,1953,0.436,234,707,0.331,377,527,0.715,390,1276,425,153,134,382,575,2017-2018
180,Monmouth,31,11,20,0.355,-2.41,-1.25,7,11,6,6,4,12,2336,2372,1280,787,1718,0.458,223,574,0.389,539,758,0.711,276,1115,399,197,73,473,674,2017-2018
181,Montana,34,26,8,0.765,6.29,-2.24,16,2,14,0,8,6,2625,2329,1380,944,2021,0.467,186,549,0.339,551,780,0.706,402,1258,428,264,114,422,716,2017-2018
182,Montana State,32,13,19,0.406,-8.69,-3.52,6,12,8,6,3,12,2434,2524,1295,817,1929,0.424,257,731,0.352,543,746,0.728,358,1168,401,176,66,399,645,2017-2018
183,Morehead State,29,8,21,0.276,-10.65,-1.91,4,14,7,6,1,15,2043,2204,1165,712,1655,0.43,204,631,0.323,415,592,0.701,339,1041,344,165,86,456,598,2017-2018
184,Morgan State,32,13,19,0.406,-15.11,-11.98,7,9,8,2,3,15,2273,2338,1260,787,1883,0.418,161,478,0.337,538,742,0.725,424,1187,389,222,88,435,628,2017-2018
185,Mount St. Mary's,32,18,14,0.563,-8.13,-8.03,12,6,12,3,6,11,2331,2301,1295,809,1778,0.455,323,853,0.379,390,532,0.733,214,918,449,221,125,351,492,2017-2018
186,Murray State,32,26,6,0.813,6.87,-3.53,16,2,14,2,10,3,2515,2117,1280,870,1803,0.483,271,719,0.377,504,687,0.734,341,1186,471,216,104,384,559,2017-2018
187,Navy,32,20,12,0.625,-6.91,-7.2,11,7,9,6,9,6,2199,2125,1285,771,1737,0.444,206,622,0.331,451,627,0.719,346,1113,450,206,41,453,553,2017-2018
188,NC State,33,21,12,0.636,12.91,6.7,11,7,16,3,4,5,2682,2477,1325,965,2054,0.47,263,707,0.372,489,703,0.696,401,1176,531,244,122,400,609,2017-2018
189,Nebraska,33,22,11,0.667,10.99,7.33,13,5,16,1,4,8,2386,2265,1325,820,1906,0.43,232,670,0.346,514,716,0.718,356,1191,446,200,183,362,565,2017-2018
190,Nevada,37,29,8,0.784,14.44,4.93,15,3,14,1,11,3,3055,2703,1500,1049,2238,0.469,354,904,0.392,603,812,0.743,342,1316,598,230,150,357,630,2017-2018
191,Nevada-Las Vegas,33,20,13,0.606,7.2,1.87,8,10,13,6,5,6,2753,2577,1345,978,2000,0.489,185,554,0.334,612,868,0.705,395,1333,535,184,146,473,580,2017-2018
192,New Hampshire,31,10,21,0.323,-8.38,-4.31,6,10,8,7,2,12,2103,2085,1240,725,1803,0.402,252,776,0.325,401,544,0.737,357,1189,368,111,56,362,555,2017-2018
193,New Mexico,34,19,15,0.559,5.81,3.3,12,6,13,4,4,8,2795,2641,1365,939,2065,0.455,367,979,0.375,550,708,0.777,317,1073,539,251,96,422,696,2017-2018
194,New Mexico State,34,28,6,0.824,9.06,-1.1,12,2,14,1,8,3,2572,2183,1365,963,2104,0.458,258,773,0.334,388,603,0.643,427,1402,481,189,103,429,604,2017-2018
195,New Orleans,33,16,17,0.485,-9.01,-5.78,11,7,10,3,5,13,2297,2322,1325,815,1798,0.453,159,444,0.358,508,755,0.673,374,1128,483,238,116,498,622,2017-2018
196,Niagara,33,19,14,0.576,-4.84,-4.21,12,6,9,5,10,7,2748,2769,1330,944,2124,0.444,272,758,0.359,588,808,0.728,396,1286,397,171,145,373,579,2017-2018
197,Nicholls State,32,21,11,0.656,-3.54,-5.86,15,3,12,3,9,7,2641,2411,1280,941,1994,0.472,260,729,0.357,499,696,0.717,353,1189,474,307,126,490,712,2017-2018
198,NJIT,30,14,16,0.467,-7.25,-5.53,7,7,10,7,4,9,2248,2197,1210,808,1803,0.448,236,653,0.361,396,579,0.684,331,1063,417,246,97,399,556,2017-2018
199,Norfolk State,33,14,19,0.424,-12.99,-10.19,11,5,8,6,5,11,2399,2417,1325,858,1992,0.431,254,707,0.359,429,639,0.671,411,1270,450,206,114,507,693,2017-2018
200,North Carolina,37,26,11,0.703,20.07,11.78,11,7,12,3,6,5,3018,2711,1485,1105,2417,0.457,305,849,0.359,503,677,0.743,511,1570,674,213,151,445,587,2017-2018
201,North Carolina A&T,35,20,15,0.571,-12.58,-11.22,11,5,12,0,5,13,2623,2605,1415,929,2010,0.462,213,707,0.301,552,776,0.711,348,1252,534,212,80,482,629,2017-2018
202,North Carolina Central,35,19,16,0.543,-13.18,-12.31,9,7,12,2,3,13,2520,2425,1405,949,2060,0.461,212,640,0.331,410,597,0.687,415,1336,545,179,117,495,650,2017-2018
203,North Dakota,32,12,20,0.375,-7.63,-0.19,6,12,7,6,2,13,2427,2612,1305,863,1879,0.459,233,685,0.34,468,663,0.706,225,984,411,253,59,417,605,2017-2018
204,North Dakota State,32,15,17,0.469,-1.86,-1.58,5,9,8,6,5,10,2382,2264,1285,837,1783,0.469,294,778,0.378,414,544,0.761,232,1102,422,145,76,402,556,2017-2018
205,North Florida,33,14,19,0.424,-11.4,-1.74,7,7,10,2,4,17,2668,2873,1325,939,2058,0.456,357,945,0.378,433,570,0.76,312,1159,490,173,126,478,505,2017-2018
206,North Texas,38,20,18,0.526,1.16,-0.4,8,10,14,6,6,11,2828,2703,1540,1012,2243,0.451,302,849,0.356,502,761,0.66,422,1451,476,195,112,495,723,2017-2018
207,Northeastern,33,23,10,0.697,3.64,-1.61,14,4,12,2,9,5,2472,2270,1335,859,1776,0.484,302,804,0.376,452,617,0.733,258,1083,523,220,82,450,575,2017-2018
208,Northern Arizona,32,5,27,0.156,-14.67,-1.04,2,16,2,10,3,14,2100,2512,1290,698,1750,0.399,178,584,0.305,526,750,0.701,320,1074,314,180,100,497,632,2017-2018
209,Northern Colorado,38,26,12,0.684,3.67,-2.27,11,7,14,3,7,8,3080,2776,1535,1104,2347,0.47,334,930,0.359,540,784,0.689,361,1430,454,203,139,465,722,2017-2018
210,Northern Illinois,32,13,19,0.406,-6.71,-1.71,6,12,11,4,1,13,2319,2407,1285,849,1860,0.456,169,512,0.33,452,623,0.726,315,1102,295,213,58,378,594,2017-2018
211,Northern Iowa,32,16,16,0.5,4,3.87,7,11,12,4,1,9,2056,1990,1285,720,1714,0.42,229,684,0.335,387,537,0.721,267,1109,345,166,80,364,482,2017-2018
212,Northern Kentucky,32,22,10,0.688,4.83,-4.07,15,3,12,2,8,6,2486,2112,1280,898,1892,0.475,258,756,0.341,432,591,0.731,308,1176,523,236,103,399,586,2017-2018
213,Northwestern,32,15,17,0.469,9.63,8.37,6,12,11,6,3,9,2203,2127,1290,773,1813,0.426,255,720,0.354,402,538,0.747,320,1059,448,156,136,374,605,2017-2018
214,Northwestern State,29,4,25,0.138,-21.02,-4.18,1,17,1,11,3,13,1868,2264,1160,692,1678,0.412,125,448,0.279,359,588,0.611,359,1036,279,180,122,496,573,2017-2018
215,Notre Dame,36,21,15,0.583,13.64,7.92,8,10,11,6,5,7,2698,2471,1455,945,2131,0.443,300,838,0.358,508,670,0.758,384,1324,520,208,131,355,470,2017-2018
216,Oakland,33,19,14,0.576,-1.82,-3.76,10,8,11,4,7,8,2580,2516,1330,884,1966,0.45,275,782,0.352,537,697,0.77,327,1203,553,200,170,434,540,2017-2018
217,Ohio,31,14,17,0.452,-2.52,-1.65,7,11,11,5,2,10,2334,2353,1280,839,1893,0.443,244,661,0.369,412,579,0.712,259,1127,443,207,103,412,500,2017-2018
218,Ohio State,34,25,9,0.735,17.67,9.02,15,3,16,2,6,2,2591,2297,1375,951,1980,0.48,239,678,0.353,450,616,0.731,334,1245,499,209,132,399,595,2017-2018
219,Oklahoma,32,18,14,0.563,13.81,10.56,8,10,13,2,2,9,2718,2614,1295,954,2063,0.462,300,836,0.359,510,684,0.746,339,1229,479,208,151,428,551,2017-2018
220,Oklahoma State,36,21,15,0.583,12.45,9.12,8,10,15,6,3,7,2757,2637,1450,959,2224,0.431,296,851,0.348,543,717,0.757,463,1348,514,237,143,466,692,2017-2018
221,Old Dominion,32,25,7,0.781,9.27,-1.27,15,3,12,2,10,3,2347,2010,1290,844,1888,0.447,228,639,0.357,431,623,0.692,375,1207,483,239,139,332,509,2017-2018
222,Omaha,31,9,22,0.29,-9.88,0.33,4,10,8,4,1,15,2373,2588,1260,877,1913,0.458,254,694,0.366,365,517,0.706,282,1044,405,177,83,409,498,2017-2018
223,Oral Roberts,32,11,21,0.344,-6.66,1.05,5,9,8,5,3,14,2332,2484,1310,879,2010,0.437,220,641,0.343,354,517,0.685,445,1226,453,174,112,411,565,2017-2018
224,Oregon,36,23,13,0.639,10.7,4.84,10,8,16,3,4,7,2817,2606,1460,986,2155,0.458,324,908,0.357,521,683,0.763,372,1262,556,248,152,434,712,2017-2018
225,Oregon State,32,16,16,0.5,7.31,4.56,7,11,12,4,1,9,2339,2251,1300,830,1779,0.467,192,583,0.329,487,688,0.708,332,1119,475,212,116,424,642,2017-2018
226,Pacific,32,14,18,0.438,-0.55,1.8,9,9,8,8,6,9,2280,2316,1290,804,1782,0.451,151,459,0.329,521,715,0.729,332,1086,395,197,129,368,581,2017-2018
227,Penn State,39,26,13,0.667,15.85,7.79,9,9,15,4,6,7,2915,2601,1570,1057,2291,0.461,294,759,0.387,507,722,0.702,422,1385,541,282,193,463,685,2017-2018
228,Pennsylvania,33,24,9,0.727,2.24,-3.16,12,2,11,3,9,4,2506,2274,1355,893,1948,0.458,291,831,0.35,429,651,0.659,283,1239,508,194,92,391,566,2017-2018
229,Pepperdine,32,6,26,0.188,-6.5,1.82,2,16,5,11,0,14,2283,2516,1290,822,1829,0.449,186,542,0.343,453,646,0.701,324,1077,449,155,69,376,575,2017-2018
230,Pittsburgh,32,8,24,0.25,-1.87,8.48,0,18,7,11,0,10,1985,2316,1290,678,1673,0.405,258,795,0.325,371,534,0.695,247,1007,398,138,112,443,553,2017-2018
231,Portland,32,10,22,0.313,-6.6,2.43,4,14,7,9,3,9,2221,2372,1290,781,1745,0.448,255,665,0.383,404,596,0.678,205,1014,387,165,127,383,576,2017-2018
232,Portland State,34,20,14,0.588,-0.14,-1.04,9,9,8,5,10,6,2897,2698,1375,1034,2333,0.443,300,883,0.34,529,751,0.704,493,1306,548,333,118,431,746,2017-2018
233,Prairie View,34,16,18,0.471,-10.13,-7.71,12,6,10,2,5,15,2559,2609,1370,890,2043,0.436,247,752,0.328,532,793,0.671,403,1182,439,257,103,460,748,2017-2018
234,Presbyterian,32,11,21,0.344,-14.33,-5.53,4,14,8,8,2,13,2124,2273,1285,749,1760,0.426,276,772,0.358,350,510,0.686,291,1003,368,175,63,368,461,2017-2018
235,Princeton,29,13,16,0.448,-2.44,-1.97,5,9,7,5,5,9,2106,2083,1200,753,1661,0.453,287,767,0.374,313,443,0.707,220,949,367,137,90,334,504,2017-2018
236,Providence,35,21,14,0.6,11.12,10.23,10,8,13,4,4,7,2575,2544,1425,899,2037,0.441,223,671,0.332,554,787,0.704,369,1247,485,238,128,430,624,2017-2018
237,Purdue,37,30,7,0.811,23.41,8.74,15,3,16,1,8,2,2974,2431,1485,1033,2097,0.493,353,840,0.42,555,747,0.743,319,1295,598,211,180,399,580,2017-2018
238,Purdue Fort Wayne,33,18,15,0.545,-1.48,-3.24,7,7,13,3,4,10,2716,2535,1325,953,2073,0.46,339,925,0.366,471,654,0.72,316,1157,484,264,110,391,538,2017-2018
239,Quinnipiac,33,12,21,0.364,-9.5,-4.44,7,11,6,6,3,12,2364,2531,1355,787,1864,0.422,303,893,0.339,487,690,0.706,330,1142,404,182,86,446,566,2017-2018
240,Radford,36,23,13,0.639,-2.62,-4.09,12,6,12,2,7,10,2422,2336,1465,850,2000,0.425,277,793,0.349,445,614,0.725,415,1244,442,226,105,441,596,2017-2018
241,Rhode Island,34,26,8,0.765,11.81,4.61,15,3,15,1,7,4,2583,2338,1370,954,2096,0.455,236,670,0.352,439,630,0.697,389,1170,520,249,118,362,645,2017-2018
242,Rice,31,7,24,0.226,-8.63,-0.04,4,14,5,10,2,13,2114,2347,1250,711,1751,0.406,260,818,0.318,432,646,0.669,327,1140,378,166,66,460,509,2017-2018
243,Richmond,32,12,20,0.375,-0.17,3.61,9,9,6,9,4,8,2297,2418,1295,843,1830,0.461,222,664,0.334,389,544,0.715,251,972,486,244,77,373,518,2017-2018
244,Rider,32,22,10,0.688,0.94,-2.65,15,3,12,1,8,7,2620,2505,1285,932,2004,0.465,243,678,0.358,513,844,0.608,421,1253,459,241,109,424,638,2017-2018
245,Robert Morris,33,16,17,0.485,-7.98,-6.1,9,9,4,6,9,11,2272,2334,1325,794,1932,0.411,242,729,0.332,442,663,0.667,392,1176,382,256,90,489,663,2017-2018
246,Rutgers,34,15,19,0.441,5.5,6.84,3,15,13,9,0,9,2216,2204,1375,830,2042,0.406,145,500,0.29,409,635,0.644,447,1316,333,240,136,397,583,2017-2018
247,Sacramento State,32,7,25,0.219,-8.9,-0.74,4,14,6,9,1,12,2157,2358,1285,800,1802,0.444,202,570,0.354,355,519,0.684,268,1024,420,172,110,385,586,2017-2018
248,Sacred Heart,31,10,21,0.323,-11.38,-6.98,5,13,5,9,4,11,2129,2237,1245,796,1823,0.437,179,599,0.299,358,540,0.663,374,1238,401,149,72,460,571,2017-2018
249,Saint Francis (PA),31,18,13,0.581,-6.12,-6.71,12,6,11,3,7,10,2450,2355,1260,860,1845,0.466,250,670,0.373,480,630,0.762,276,1046,416,209,72,359,496,2017-2018
250,Saint Joseph's,32,16,16,0.5,3.78,1.9,10,8,10,3,4,9,2371,2311,1290,826,1953,0.423,255,757,0.337,464,675,0.687,289,1201,447,203,91,320,497,2017-2018
251,Saint Louis,33,17,16,0.515,2.58,2.92,9,9,12,6,3,7,2170,2157,1325,731,1734,0.422,185,573,0.323,523,802,0.652,388,1188,393,198,146,420,596,2017-2018
252,Saint Mary's (CA),36,30,6,0.833,12.86,0.33,16,2,18,2,11,1,2772,2321,1455,1014,1970,0.515,284,692,0.41,460,598,0.769,298,1213,557,160,94,357,556,2017-2018
253,Saint Peter's,32,14,18,0.438,-5.24,-4.37,6,12,8,5,3,12,2085,2113,1310,740,1762,0.42,253,750,0.337,352,488,0.721,292,1050,379,211,101,416,601,2017-2018
254,Sam Houston,36,21,15,0.583,-5.14,-4.8,12,6,14,2,5,10,2571,2477,1445,900,2115,0.426,257,762,0.337,514,719,0.715,436,1356,527,220,62,473,708,2017-2018
255,Samford,32,10,22,0.313,-11.1,-3.37,6,12,8,6,2,14,2483,2639,1280,870,1846,0.471,289,774,0.373,454,594,0.764,264,974,530,230,76,435,527,2017-2018
256,San Diego,34,20,14,0.588,2.86,0.5,9,9,12,7,8,6,2385,2264,1370,802,1775,0.452,289,794,0.364,492,692,0.711,253,1117,475,186,138,445,701,2017-2018
257,San Diego State,33,22,11,0.667,12.23,3.91,11,7,13,2,5,7,2545,2240,1320,902,1967,0.459,239,709,0.337,502,702,0.715,366,1250,488,206,107,394,564,2017-2018
258,San Francisco,39,22,17,0.564,1.13,1.63,9,9,16,6,4,9,2685,2681,1570,952,2256,0.422,333,986,0.338,448,663,0.676,395,1393,526,210,141,464,745,2017-2018
259,San Jose State,30,4,26,0.133,-8.74,2.91,1,17,3,11,1,14,1974,2260,1210,705,1618,0.436,178,485,0.367,386,558,0.692,277,1073,385,135,69,488,570,2017-2018
260,Santa Clara,31,11,20,0.355,-7.01,0.61,8,10,6,11,5,5,2048,2224,1245,718,1674,0.429,232,682,0.34,380,524,0.725,243,887,404,168,73,350,537,2017-2018
261,Savannah State,32,15,17,0.469,-15.36,-5.06,12,4,10,2,4,13,2754,2991,1295,940,2350,0.4,391,1304,0.3,483,694,0.696,423,1222,504,301,89,448,608,2017-2018
262,Seattle,34,20,14,0.588,-2.32,-3.09,8,6,16,3,3,10,2589,2468,1375,881,1975,0.446,312,844,0.37,515,698,0.738,368,1298,463,167,123,484,692,2017-2018
263,Seton Hall,34,22,12,0.647,15.67,10.11,10,8,14,3,5,6,2701,2512,1370,971,2073,0.468,250,685,0.365,509,729,0.698,416,1302,527,210,117,432,614,2017-2018
264,Siena,32,8,24,0.25,-10.46,-2.99,4,14,7,8,1,15,2166,2405,1325,752,1790,0.42,220,600,0.367,442,652,0.678,354,1146,355,153,104,483,641,2017-2018
265,South Alabama,32,14,18,0.438,-5.44,-2.87,7,11,11,4,2,13,2228,2218,1285,752,1785,0.421,252,779,0.323,472,674,0.7,301,1165,398,171,126,479,612,2017-2018
266,South Carolina,33,17,16,0.515,9.45,9.23,7,11,10,5,4,8,2313,2277,1330,756,1899,0.398,240,708,0.339,561,800,0.701,415,1228,423,180,105,455,662,2017-2018
267,South Carolina State,32,10,22,0.313,-20.18,-8.78,6,10,8,5,2,16,2355,2660,1290,829,1948,0.426,205,614,0.334,492,706,0.697,366,1092,352,169,76,444,612,2017-2018
268,South Carolina Upstate,32,7,25,0.219,-17.46,-4.35,2,12,6,7,0,17,2424,2723,1290,881,2045,0.431,328,952,0.345,334,460,0.726,337,1062,449,195,86,370,566,2017-2018
269,South Dakota,35,26,9,0.743,6.17,-2.6,11,3,13,2,9,5,2832,2404,1400,1017,2136,0.476,243,684,0.355,555,740,0.75,359,1319,463,239,69,388,592,2017-2018
270,South Dakota State,35,28,7,0.8,6.84,-0.38,13,1,15,0,8,5,2958,2599,1415,1003,2147,0.467,374,927,0.403,578,759,0.762,310,1360,467,172,80,353,562,2017-2018
271,South Florida,32,10,22,0.313,-7.25,0.06,3,15,7,11,3,10,2026,2260,1285,707,1690,0.418,207,573,0.361,405,560,0.723,309,1065,379,163,76,449,546,2017-2018
272,Southeast Missouri State,31,14,17,0.452,-8.12,-4.88,8,10,7,7,6,9,2355,2413,1250,796,1729,0.46,289,738,0.392,474,650,0.729,273,1005,423,178,54,388,553,2017-2018
273,Southeastern Louisiana,34,22,12,0.647,-6.4,-6.2,15,3,10,3,10,7,2439,2357,1360,867,1911,0.454,250,712,0.351,455,692,0.658,359,1158,498,225,98,468,568,2017-2018
274,Southern,33,15,18,0.455,-14.54,-9.57,10,8,11,3,4,14,2279,2369,1330,781,1937,0.403,177,524,0.338,540,793,0.681,434,1285,371,187,121,435,629,2017-2018
275,Southern California,36,24,12,0.667,12.81,6.29,12,6,13,5,6,5,2798,2563,1460,1022,2174,0.47,296,788,0.376,458,649,0.706,369,1252,569,228,145,383,568,2017-2018
276,Southern Illinois,33,20,13,0.606,1.37,0.65,11,7,13,3,5,8,2308,2280,1340,839,1817,0.462,215,604,0.356,415,596,0.696,281,1079,464,248,118,420,588,2017-2018
277,SIU Edwardsville,30,9,21,0.3,-12.43,-3.36,5,13,4,9,5,11,2090,2362,1200,734,1759,0.417,212,654,0.324,410,580,0.707,324,1024,373,144,82,409,645,2017-2018
278,Southern Methodist,33,17,16,0.515,9.08,3.66,6,12,13,5,2,8,2293,2114,1320,814,1835,0.444,281,741,0.379,384,560,0.686,365,1109,474,244,99,383,535,2017-2018
279,Southern Mississippi,34,16,18,0.471,-4.26,1.31,7,11,11,3,2,11,2401,2449,1365,872,1958,0.445,254,749,0.339,403,573,0.703,254,1035,500,237,59,333,528,2017-2018
280,Southern Utah,32,13,19,0.406,-7.64,-0.87,5,13,9,5,2,13,2416,2583,1290,824,1887,0.437,253,706,0.358,515,698,0.738,272,1084,374,166,98,408,699,2017-2018
281,St. Bonaventure,34,26,8,0.765,8.87,2.61,14,4,13,1,9,4,2620,2407,1380,884,1959,0.451,255,661,0.386,597,794,0.752,344,1208,472,239,118,391,674,2017-2018
282,St. Francis (NY),31,13,18,0.419,-12.24,-7.31,10,8,10,3,3,13,2260,2357,1260,784,1889,0.415,271,783,0.346,421,591,0.712,328,1046,357,225,82,390,668,2017-2018
283,St. John's (NY),33,16,17,0.485,10.29,10.69,4,14,9,7,2,7,2412,2397,1345,867,1999,0.434,232,706,0.329,446,602,0.741,288,1110,422,282,172,393,614,2017-2018
284,Stanford,35,19,16,0.543,8.08,7.14,11,7,14,5,4,7,2655,2622,1410,925,2007,0.461,233,632,0.369,572,835,0.685,395,1368,469,183,122,525,633,2017-2018
285,Stephen F. Austin,35,28,7,0.8,2.66,-6.47,14,4,16,1,9,5,2819,2386,1400,1000,2059,0.486,242,651,0.372,577,819,0.705,402,1248,498,361,107,540,765,2017-2018
286,Stetson,32,12,20,0.375,-12.38,-6.45,4,10,7,9,5,11,2412,2496,1290,907,2053,0.442,250,726,0.344,348,518,0.672,293,1099,471,228,87,350,586,2017-2018
287,Stony Brook,32,13,19,0.406,-5.08,-2.28,7,9,7,7,6,11,2205,2249,1290,779,1866,0.417,249,757,0.329,398,606,0.657,367,1152,427,261,94,448,647,2017-2018
288,Syracuse,37,23,14,0.622,12.89,10.02,8,10,14,5,4,6,2466,2360,1500,832,1995,0.417,208,655,0.318,594,807,0.736,442,1375,395,258,198,460,611,2017-2018
289,TCU,33,21,12,0.636,16.38,9.68,9,9,15,3,3,7,2708,2487,1345,979,1973,0.496,274,694,0.395,476,674,0.706,368,1201,615,214,119,419,553,2017-2018
290,Temple,33,17,16,0.515,7.25,7.79,8,10,8,5,4,10,2308,2326,1330,845,1990,0.425,271,774,0.35,347,509,0.682,337,1120,421,220,108,357,580,2017-2018
291,Tennessee,35,26,9,0.743,18.2,10.12,13,5,13,2,8,4,2584,2301,1410,885,2012,0.44,273,718,0.38,541,715,0.757,404,1262,550,222,156,422,680,2017-2018
292,Tennessee State,30,15,15,0.5,-5.34,-2.98,10,8,9,5,6,9,1997,2010,1220,669,1574,0.425,223,664,0.336,436,590,0.739,261,989,326,213,86,442,563,2017-2018
293,Tennessee Tech,33,19,14,0.576,-5.83,-3.54,10,8,11,3,5,10,2413,2388,1325,844,1924,0.439,242,697,0.347,483,710,0.68,338,1174,471,252,108,471,649,2017-2018
294,Tennessee-Martin,31,10,21,0.323,-10.52,-4.96,5,13,5,9,5,12,2135,2253,1255,808,1806,0.447,210,650,0.323,309,426,0.725,308,1086,390,214,105,449,568,2017-2018
295,Texas,34,19,15,0.559,13.96,10.67,8,10,13,4,3,7,2450,2338,1410,882,2010,0.439,245,766,0.32,441,663,0.665,361,1217,394,209,168,399,547,2017-2018
296,Texas A&M,35,22,13,0.629,15.3,10.62,9,9,13,3,4,7,2631,2467,1400,976,2121,0.46,230,700,0.329,449,679,0.661,432,1450,538,190,209,476,574,2017-2018
297,Texas A&M-Corpus Christi,29,11,18,0.379,-12.3,-6.57,8,10,7,6,4,11,1963,2057,1170,691,1589,0.435,149,437,0.341,432,603,0.716,292,1005,323,197,84,461,606,2017-2018
298,Texas Southern,36,16,20,0.444,-7.53,-5.53,12,6,8,2,5,17,2787,2859,1450,925,2111,0.438,280,781,0.359,657,906,0.725,372,1301,438,207,145,453,631,2017-2018
299,Texas State,33,15,18,0.455,-5.84,-3.45,7,11,7,7,6,9,2190,2172,1330,773,1782,0.434,214,648,0.33,430,651,0.661,363,1144,448,179,92,442,543,2017-2018
300,Texas Tech,37,27,10,0.73,19.38,9.6,11,7,17,1,4,6,2759,2397,1490,964,2096,0.46,252,702,0.359,579,823,0.704,407,1332,529,262,158,454,669,2017-2018
301,Texas-Rio Grande Valley,33,15,18,0.455,-7.73,-2.86,6,8,9,7,6,10,2490,2584,1330,833,2061,0.404,205,663,0.309,619,835,0.741,383,1240,499,253,110,447,724,2017-2018
302,The Citadel,32,11,21,0.344,-13.64,-2.95,5,13,7,8,3,12,2639,2819,1290,889,2148,0.414,386,1133,0.341,475,673,0.706,376,1183,528,301,99,477,586,2017-2018
303,Toledo,34,23,11,0.676,2.65,-1.75,13,5,12,4,9,6,2687,2532,1360,913,1953,0.467,327,815,0.401,534,725,0.737,319,1253,528,127,135,395,541,2017-2018
304,Towson,32,18,14,0.563,-0.12,-3.12,8,10,10,4,4,9,2446,2279,1300,889,1905,0.467,210,582,0.361,458,667,0.687,398,1219,381,209,139,405,633,2017-2018
305,Troy,33,16,17,0.485,-1.5,-2.12,9,9,10,4,4,10,2475,2408,1330,848,1930,0.439,292,866,0.337,487,662,0.736,319,1194,435,165,124,408,570,2017-2018
306,Tulane,31,14,17,0.452,1.21,2.08,5,13,9,7,3,8,2269,2296,1250,800,1779,0.45,232,663,0.35,437,613,0.713,296,1068,483,156,126,409,557,2017-2018
307,Tulsa,31,19,12,0.613,4.96,2.38,12,6,13,2,4,7,2277,2197,1255,754,1730,0.436,247,710,0.348,522,720,0.725,346,1177,391,139,68,399,495,2017-2018
308,UAB,33,20,13,0.606,4.9,-0.65,10,8,14,3,5,6,2536,2303,1330,945,1937,0.488,223,646,0.345,423,564,0.75,333,1255,560,178,127,437,490,2017-2018
309,UC Davis,33,22,11,0.667,0.87,-1.84,12,4,10,2,9,7,2388,2241,1360,834,1792,0.465,213,572,0.372,505,705,0.716,267,1064,409,233,77,425,644,2017-2018
310,UC Irvine,35,18,17,0.514,-0.22,-0.34,11,5,7,5,7,10,2440,2350,1410,900,2061,0.437,220,657,0.335,420,593,0.708,420,1443,430,178,140,487,719,2017-2018
311,UC Riverside,31,9,22,0.29,-8.5,-1.54,4,12,6,8,3,13,2024,2163,1245,716,1779,0.402,185,597,0.31,407,580,0.702,310,1089,389,190,95,428,617,2017-2018
312,UC Santa Barbara,32,23,9,0.719,2.1,-3.37,11,5,12,2,9,6,2425,2211,1285,877,1891,0.464,257,674,0.381,414,594,0.697,326,1176,481,154,118,337,536,2017-2018
313,UCF,32,19,13,0.594,4.76,3.76,9,9,12,4,5,6,2007,1975,1285,690,1627,0.424,177,538,0.329,450,702,0.641,305,1108,339,169,111,431,488,2017-2018
314,UCLA,33,21,12,0.636,12.07,6.86,11,7,14,2,3,7,2679,2507,1350,927,2014,0.46,310,813,0.381,515,715,0.72,337,1283,495,184,131,399,592,2017-2018
315,UNC Asheville,34,21,13,0.618,-3.92,-3.58,13,5,14,2,7,10,2557,2499,1385,912,1921,0.475,277,703,0.394,456,615,0.741,280,1152,522,252,114,468,628,2017-2018
316,UNC Greensboro,35,27,8,0.771,4.54,-3.87,15,3,16,1,8,6,2562,2189,1430,924,2075,0.445,331,938,0.353,383,549,0.698,418,1307,487,267,132,481,650,2017-2018
317,UNC Wilmington,32,11,21,0.344,-7.52,-1.15,7,11,8,5,2,11,2542,2668,1305,920,2109,0.436,244,705,0.346,458,664,0.69,447,1310,488,164,67,414,586,2017-2018
318,UT Arlington,34,21,13,0.618,2.2,-1.44,10,8,13,2,4,10,2640,2500,1365,927,2054,0.451,294,818,0.359,492,713,0.69,379,1333,545,229,143,507,617,2017-2018
319,Utah,35,23,12,0.657,11.39,6.39,11,7,15,3,6,6,2571,2396,1410,876,1903,0.46,322,870,0.37,497,655,0.759,268,1174,532,180,115,414,567,2017-2018
320,Utah State,34,17,17,0.5,2.31,2.65,8,10,11,4,2,12,2489,2466,1365,865,1904,0.454,317,870,0.364,442,627,0.705,290,1131,474,170,68,441,617,2017-2018
321,Utah Valley,34,23,11,0.676,5.08,-1.76,10,4,16,1,6,9,2657,2310,1365,926,1919,0.483,267,692,0.386,538,725,0.742,355,1297,549,203,140,474,558,2017-2018
322,UTEP,31,11,20,0.355,-5.31,-0.21,6,12,9,8,2,8,2094,2197,1240,754,1736,0.434,224,667,0.336,362,542,0.668,217,1036,328,129,89,381,576,2017-2018
323,UTSA,35,20,15,0.571,-1.24,-0.93,11,7,12,4,6,8,2740,2628,1405,972,2224,0.437,353,979,0.361,443,656,0.675,380,1394,492,218,95,440,703,2017-2018
324,Valparaiso,32,15,17,0.469,0.63,0.93,6,12,8,4,3,12,2252,2182,1280,781,1740,0.449,213,623,0.342,477,674,0.708,294,1115,399,235,105,469,679,2017-2018
325,Vanderbilt,32,12,20,0.375,8.52,10.14,6,12,11,7,1,10,2316,2368,1290,775,1775,0.437,289,819,0.353,477,642,0.743,312,1081,392,154,108,379,632,2017-2018
326,Vermont,35,27,8,0.771,4.9,-3.16,15,1,12,2,12,5,2587,2277,1400,879,1803,0.488,260,649,0.401,569,755,0.754,268,1160,468,134,89,388,528,2017-2018
327,Villanova,40,36,4,0.9,26.64,10.24,14,4,12,1,9,3,3463,2807,1615,1220,2440,0.5,464,1158,0.401,559,718,0.779,385,1436,655,259,162,426,645,2017-2018
328,Virginia,34,31,3,0.912,22.2,9.05,17,1,16,1,10,1,2283,1836,1365,848,1844,0.46,247,645,0.383,340,451,0.754,282,1099,458,232,124,290,480,2017-2018
329,Virginia Commonwealth,33,18,15,0.545,3.55,2.43,9,9,11,7,5,5,2507,2470,1335,921,2013,0.458,274,778,0.352,391,566,0.691,342,1203,510,210,93,446,561,2017-2018
330,VMI,30,9,21,0.3,-15.43,-4.25,4,14,6,8,3,12,1954,2214,1200,688,1729,0.398,225,704,0.32,353,477,0.74,286,1028,356,221,87,442,539,2017-2018
331,Virginia Tech,33,21,12,0.636,14.35,6.71,10,8,14,4,6,5,2634,2382,1335,931,1865,0.499,289,745,0.388,483,681,0.709,246,1078,542,191,74,395,523,2017-2018
332,Wagner,33,23,10,0.697,-3.19,-6.9,14,4,16,1,7,9,2448,2256,1325,839,1963,0.427,269,769,0.35,501,705,0.711,446,1290,440,218,129,451,729,2017-2018
333,Wake Forest,31,11,20,0.355,7.76,8.79,4,14,7,9,3,8,2273,2305,1240,801,1826,0.439,241,644,0.374,430,583,0.738,337,1108,432,181,109,407,604,2017-2018
334,Washington,34,21,13,0.618,7.62,6.06,10,8,16,4,4,6,2535,2482,1375,900,1963,0.458,230,664,0.346,505,720,0.701,328,1114,398,274,177,453,640,2017-2018
335,Washington State,31,12,19,0.387,0.67,5.21,4,14,8,8,1,10,2270,2411,1250,801,1795,0.446,341,905,0.377,327,444,0.736,258,1007,450,164,71,421,532,2017-2018
336,Weber State,31,20,11,0.645,0.02,-2.87,13,5,12,3,7,4,2434,2195,1255,846,1722,0.491,280,672,0.417,462,603,0.766,182,1039,430,161,120,368,551,2017-2018
337,West Virginia,37,26,11,0.703,19.89,9.38,11,7,14,3,5,5,2964,2575,1485,1036,2374,0.436,322,911,0.353,570,744,0.766,521,1401,561,301,192,420,798,2017-2018
338,Western Carolina,32,13,19,0.406,-11.9,-1.63,8,10,8,5,3,12,2190,2419,1280,774,1885,0.411,234,703,0.333,408,597,0.683,371,1101,427,254,92,476,561,2017-2018
339,Western Illinois,28,12,16,0.429,-11.07,-2.28,3,11,11,5,1,10,2012,2009,1135,749,1607,0.466,188,527,0.357,326,456,0.715,197,990,308,136,109,350,432,2017-2018
340,Western Kentucky,38,27,11,0.711,11.08,3.64,14,4,14,3,9,5,2979,2674,1525,1075,2183,0.492,206,587,0.351,623,869,0.717,369,1356,515,271,140,441,569,2017-2018
341,Western Michigan,32,17,15,0.531,-2.22,-1.99,9,9,10,6,6,7,2402,2349,1285,845,1926,0.439,233,678,0.344,479,659,0.727,355,1130,405,209,100,342,559,2017-2018
342,Wichita State,33,25,8,0.758,16.58,5.46,14,4,13,3,9,2,2731,2364,1330,957,2009,0.476,300,787,0.381,517,700,0.739,405,1336,610,154,127,385,580,2017-2018
343,William & Mary,31,19,12,0.613,-1.37,-1.34,11,7,11,3,7,8,2636,2531,1255,910,1782,0.511,337,777,0.434,479,591,0.81,209,1020,548,174,125,382,530,2017-2018
344,Winthrop,31,19,12,0.613,-1.63,-5.85,12,6,11,3,7,9,2464,2219,1240,859,1803,0.476,296,792,0.374,450,623,0.722,283,1125,455,211,144,429,539,2017-2018
345,Wisconsin,33,15,18,0.455,10.38,9.5,7,11,11,7,3,8,2206,2177,1325,793,1770,0.448,216,644,0.335,404,578,0.699,299,1010,411,180,117,353,543,2017-2018
346,Wofford,34,21,13,0.618,-0.97,-2.45,11,7,12,5,7,7,2578,2405,1360,901,1906,0.473,357,865,0.413,419,538,0.779,272,1099,522,220,88,413,585,2017-2018
347,Wright State,35,25,10,0.714,0.58,-3.64,14,4,14,2,8,7,2500,2307,1410,873,2019,0.432,237,703,0.337,517,723,0.715,356,1266,460,231,77,459,558,2017-2018
348,Wyoming,33,20,13,0.606,4.26,3.54,10,8,13,4,5,7,2633,2597,1365,873,1959,0.446,304,881,0.345,583,790,0.738,231,1148,518,215,130,449,654,2017-2018
349,Xavier,35,29,6,0.829,19.06,9.43,15,3,17,1,9,2,2953,2616,1415,1011,2055,0.492,274,736,0.372,657,843,0.779,345,1342,579,205,109,441,602,2017-2018
350,Yale,31,16,15,0.516,-4.19,-2.83,9,5,9,3,7,11,2312,2288,1250,831,1797,0.462,252,759,0.332,398,551,0.722,275,1052,507,204,95,407,541,2017-2018
351,Youngstown State,32,8,24,0.25,-13.66,-2.56,6,12,6,6,2,13,2410,2647,1290,902,2110,0.427,235,712,0.33,371,583,0.636,459,1159,445,266,126,460,672,2017-2018
1,Abilene Christian,34,27,7,0.794,-1.91,-7.34,14,4,13,2,10,4,2502,2161,1370,897,1911,0.469,251,660,0.38,457,642,0.712,325,1110,525,297,93,407,635,2018-2019
2,Air Force,32,14,18,0.438,-4.28,0.24,8,10,9,6,3,9,2179,2294,1300,802,1776,0.452,234,711,0.329,341,503,0.678,253,1077,434,154,57,423,543,2018-2019
3,Akron,33,17,16,0.515,4.86,1.09,8,10,14,3,1,10,2271,2107,1325,797,1948,0.409,297,929,0.32,380,539,0.705,312,1204,399,185,106,388,569,2018-2019
4,Alabama,34,18,16,0.529,9.45,9.01,8,10,10,6,4,8,2448,2433,1365,856,1945,0.44,244,718,0.34,492,739,0.666,384,1285,418,157,160,465,572,2018-2019
5,Alabama A&M,32,5,27,0.156,-19.23,-8.38,4,14,4,7,0,18,1938,2285,1295,736,1809,0.407,182,578,0.315,284,453,0.627,314,1032,385,234,50,487,587,2018-2019
6,Alabama State,31,12,19,0.387,-15.6,-7.84,9,9,8,3,3,13,2086,2235,1250,712,1764,0.404,216,673,0.321,446,684,0.652,365,1094,313,203,102,451,565,2018-2019
7,Albany (NY),32,12,20,0.375,-9.38,-6.7,7,9,6,8,6,10,2150,2216,1300,728,1750,0.416,274,790,0.347,420,564,0.745,294,1081,402,195,78,454,566,2018-2019
8,Alcorn State,31,10,21,0.323,-22.08,-8.97,6,12,10,3,0,17,1995,2194,1245,709,1721,0.412,211,646,0.327,366,543,0.674,334,1079,391,229,107,492,548,2018-2019
9,American,30,15,15,0.5,-4.19,-7.23,9,9,8,7,6,8,2161,2070,1220,780,1645,0.474,190,584,0.325,411,589,0.698,251,1014,402,221,131,386,520,2018-2019
10,Appalachian State,32,11,21,0.344,-3.73,0.1,6,12,9,5,2,12,2557,2539,1290,880,1938,0.454,292,814,0.359,505,706,0.715,310,1127,406,171,90,418,585,2018-2019
11,Arizona,32,17,15,0.531,8.32,6.32,8,10,12,5,4,7,2269,2205,1290,794,1861,0.427,235,699,0.336,446,620,0.719,324,1115,398,165,73,370,594,2018-2019
12,Arizona State,34,23,11,0.676,10.28,6.04,12,6,13,3,6,5,2638,2494,1380,899,2012,0.447,240,714,0.336,600,882,0.68,399,1351,459,213,109,466,675,2018-2019
13,Arkansas,34,18,16,0.529,11.75,8.78,8,10,12,6,5,8,2559,2458,1370,893,2004,0.446,259,751,0.345,514,769,0.668,345,1152,543,276,172,450,693,2018-2019
14,Arkansas State,32,13,19,0.406,-7.1,-1.23,7,11,10,4,2,13,2359,2475,1310,796,1904,0.418,237,709,0.334,530,721,0.735,403,1211,363,183,139,448,684,2018-2019
15,Arkansas-Pine Bluff,32,13,19,0.406,-14.43,-8.18,10,8,8,2,4,17,2108,2269,1300,719,1685,0.427,194,574,0.338,476,702,0.678,317,1063,365,216,109,478,629,2018-2019
16,Army,32,13,19,0.406,-7.57,-4.73,8,10,10,4,3,13,2268,2305,1280,837,1956,0.428,272,863,0.315,322,471,0.684,259,1125,499,198,50,376,544,2018-2019
17,Auburn,40,30,10,0.75,20.84,10.92,11,7,15,2,4,6,3188,2750,1615,1097,2439,0.45,454,1204,0.377,540,760,0.711,457,1369,572,369,190,466,731,2018-2019
18,Austin Peay,33,22,11,0.667,0.59,-4.41,13,5,10,2,8,7,2712,2413,1335,973,2060,0.472,268,702,0.382,498,705,0.706,397,1215,454,252,110,392,596,2018-2019
19,Ball State,33,16,17,0.485,3.39,1.21,6,12,7,7,8,7,2478,2362,1340,889,1892,0.47,202,621,0.325,498,709,0.702,308,1243,426,217,118,480,579,2018-2019
20,Baylor,34,20,14,0.588,13.38,9.26,10,8,13,5,5,6,2442,2302,1365,869,1966,0.442,274,803,0.341,430,635,0.677,450,1281,473,209,159,446,636,2018-2019
21,Belmont,33,27,6,0.818,9.12,-2.6,16,2,13,1,12,3,2868,2439,1330,1042,2094,0.498,343,922,0.372,441,598,0.737,286,1275,645,220,125,376,509,2018-2019
22,Bethune-Cookman,31,14,17,0.452,-11.98,-9.74,9,7,11,4,3,12,2290,2245,1250,833,1899,0.439,204,635,0.321,420,689,0.61,415,1274,444,234,108,501,610,2018-2019
23,Binghamton,33,10,23,0.303,-13.92,-4.69,5,11,5,11,5,12,2152,2376,1320,793,1842,0.431,275,788,0.349,291,452,0.644,244,1060,324,183,152,409,474,2018-2019
24,Boise State,33,13,20,0.394,3.61,1.08,7,11,8,7,3,10,2364,2263,1330,845,1801,0.469,252,715,0.352,422,584,0.723,242,1016,398,200,68,379,570,2018-2019
25,Boston College,31,14,17,0.452,5.83,7.76,5,13,10,8,2,8,2196,2256,1260,768,1808,0.425,218,687,0.317,442,633,0.698,331,1139,382,159,103,378,509,2018-2019
26,Boston University,33,15,18,0.455,-6.61,-5.39,7,11,7,7,8,10,2385,2387,1325,922,1922,0.48,221,639,0.346,320,468,0.684,311,1091,447,199,73,425,578,2018-2019
27,Bowling Green State,34,22,12,0.647,4.24,0.86,12,6,14,2,5,8,2668,2496,1370,945,2134,0.443,272,762,0.357,506,755,0.67,408,1396,427,227,90,412,596,2018-2019
28,Bradley,35,20,15,0.571,-0.08,-0.9,9,9,10,6,5,8,2329,2285,1405,812,1874,0.433,240,653,0.368,465,672,0.692,313,1195,423,186,132,440,617,2018-2019
29,Brigham Young,32,19,13,0.594,6.15,3.31,11,5,13,3,5,8,2527,2436,1295,878,1878,0.468,226,684,0.33,545,750,0.727,263,1118,482,203,107,354,625,2018-2019
30,Brown,32,20,12,0.625,-0.62,-3.29,7,7,13,3,7,9,2355,2204,1290,805,1818,0.443,255,745,0.342,490,685,0.715,261,1157,418,241,123,458,600,2018-2019
31,Bryant,30,10,20,0.333,-15.19,-7.66,7,11,8,6,2,13,2088,2314,1200,709,1680,0.422,230,708,0.325,440,618,0.712,285,969,319,158,79,383,575,2018-2019
32,Bucknell,33,21,12,0.636,0.59,-2.93,13,5,12,3,7,8,2534,2418,1325,867,1928,0.45,311,885,0.351,489,653,0.749,286,1154,519,173,116,409,627,2018-2019
33,Buffalo,36,32,4,0.889,15.56,2.62,16,2,14,0,12,3,3037,2550,1445,1083,2344,0.462,344,1022,0.337,527,767,0.687,452,1470,599,263,140,433,659,2018-2019
34,Butler,33,16,17,0.485,9.22,8.1,7,11,12,4,2,10,2374,2337,1330,861,1934,0.445,292,827,0.353,360,488,0.738,288,1058,434,193,62,359,593,2018-2019
35,Cal Poly,29,6,23,0.207,-13.95,-3.54,2,14,4,8,1,14,1930,2183,1185,706,1715,0.412,225,687,0.328,293,452,0.648,284,975,301,147,99,334,544,2018-2019
36,Cal State Bakersfield,34,18,16,0.529,-5.12,-2.63,7,9,9,4,7,10,2412,2412,1375,887,2092,0.424,221,683,0.324,417,620,0.673,486,1272,379,218,105,439,747,2018-2019
37,Cal State Fullerton,34,16,18,0.471,-3.29,-1.14,10,6,9,4,4,11,2437,2414,1385,868,1911,0.454,187,589,0.317,514,726,0.708,277,1224,407,200,118,450,639,2018-2019
38,Cal State Northridge,34,13,21,0.382,-6.54,-3.39,7,9,7,9,4,11,2601,2701,1375,968,2103,0.46,234,648,0.361,431,676,0.638,352,1214,512,225,154,410,641,2018-2019
39,California,31,8,23,0.258,-3.16,5.42,3,15,7,9,1,10,2121,2387,1245,739,1735,0.426,207,592,0.35,436,603,0.723,249,900,338,227,99,352,574,2018-2019
40,California Baptist,31,16,15,0.516,-3.89,-4.12,7,9,8,7,8,6,2403,2241,1260,831,1859,0.447,287,800,0.359,454,576,0.788,306,1171,345,148,85,379,623,2018-2019
41,Campbell,33,20,13,0.606,-3.62,-4.39,12,4,12,4,5,8,2495,2328,1325,867,1906,0.455,313,912,0.343,448,590,0.759,266,1050,482,218,104,337,522,2018-2019
42,Canisius,32,15,17,0.469,-8.79,-4.85,11,7,5,8,9,5,2250,2376,1295,798,1834,0.435,256,791,0.324,398,575,0.692,300,1026,466,204,108,412,627,2018-2019
43,Central Arkansas,33,14,19,0.424,-11.37,-4.81,8,10,8,5,5,13,2383,2498,1330,810,1903,0.426,276,784,0.352,487,667,0.73,299,1164,463,202,120,478,611,2018-2019
44,Central Connecticut State,31,11,20,0.355,-14.02,-6.71,5,13,5,7,5,12,2205,2367,1260,754,1821,0.414,201,612,0.328,496,634,0.782,332,1107,353,172,110,427,597,2018-2019
45,Central Michigan,35,23,12,0.657,2.79,-0.34,10,8,13,4,7,6,2896,2690,1425,991,2177,0.455,305,822,0.371,609,908,0.671,419,1321,467,267,107,425,593,2018-2019
46,Charleston Southern,34,18,16,0.529,-2.43,-4.19,9,7,12,4,4,11,2574,2369,1370,926,2156,0.429,324,945,0.343,398,588,0.677,407,1277,487,263,110,441,571,2018-2019
47,Charlotte,29,8,21,0.276,-8.34,-0.89,5,13,5,9,3,9,1776,1992,1160,598,1442,0.415,191,615,0.311,389,524,0.742,199,892,288,138,101,418,490,2018-2019
48,Chattanooga,32,12,20,0.375,-7.87,-0.76,7,11,8,6,4,11,2268,2376,1285,833,1881,0.443,290,795,0.365,312,457,0.683,278,1095,418,139,79,409,553,2018-2019
49,Chicago State,32,3,29,0.094,-24.83,0.67,0,16,3,8,0,19,1970,2710,1280,718,1752,0.41,141,471,0.299,393,581,0.676,252,995,376,193,72,512,625,2018-2019
50,Cincinnati,35,28,7,0.8,14.53,5.5,14,4,16,2,7,4,2510,2194,1410,872,2018,0.432,232,673,0.345,534,758,0.704,442,1264,466,214,155,365,563,2018-2019
51,Clemson,34,20,14,0.588,13.85,8.99,9,9,14,5,4,6,2339,2174,1360,833,1857,0.449,217,661,0.328,456,623,0.732,309,1204,410,223,154,450,552,2018-2019
52,Cleveland State,31,10,21,0.323,-7.96,-1.52,5,13,8,9,2,12,2300,2437,1250,799,1834,0.436,303,820,0.37,399,585,0.682,303,1093,460,174,97,412,551,2018-2019
53,Coastal Carolina,34,17,17,0.5,-0.5,-1.94,9,9,10,4,6,11,2641,2520,1370,899,1986,0.453,284,766,0.371,559,778,0.719,376,1256,451,214,78,472,691,2018-2019
54,Colgate,35,24,11,0.686,1.23,-3.83,13,5,15,1,9,9,2648,2458,1415,955,1995,0.479,320,815,0.393,418,563,0.742,322,1240,541,213,121,456,547,2018-2019
55,College of Charleston,33,24,9,0.727,2.36,-2.95,12,6,13,2,8,5,2453,2265,1330,878,1818,0.483,227,667,0.34,470,615,0.764,260,1060,387,216,76,347,486,2018-2019
56,Colorado,36,23,13,0.639,9.68,3.6,10,8,15,2,5,9,2648,2429,1445,924,2036,0.454,230,711,0.323,570,757,0.753,363,1352,478,181,107,479,616,2018-2019
57,Colorado State,32,12,20,0.375,-0.11,1.41,7,11,8,9,3,8,2393,2406,1285,866,1818,0.476,259,722,0.359,402,579,0.694,256,1080,472,199,76,372,522,2018-2019
58,Columbia,28,10,18,0.357,-5.18,-2.14,5,9,5,7,4,9,2059,2052,1160,778,1720,0.452,237,655,0.362,266,377,0.706,255,985,443,218,78,366,539,2018-2019
59,Connecticut,33,16,17,0.485,6.81,4.32,6,12,13,5,1,8,2436,2354,1325,874,1959,0.446,252,732,0.344,436,641,0.68,380,1167,422,200,145,427,643,2018-2019
60,Coppin State,33,8,25,0.242,-18.9,-7.11,7,9,3,7,4,16,2118,2507,1330,710,1827,0.389,240,841,0.285,458,689,0.665,314,1218,326,169,115,555,620,2018-2019
61,Cornell,31,15,16,0.484,-6.12,-2.02,7,7,9,4,6,12,2149,2211,1260,754,1705,0.442,243,731,0.332,398,551,0.722,191,1015,453,181,107,414,492,2018-2019
62,Creighton,35,20,15,0.571,12,8.59,9,9,13,6,4,8,2727,2561,1420,980,2044,0.479,372,961,0.387,395,582,0.679,288,1196,561,237,92,464,580,2018-2019
63,Dartmouth,30,11,19,0.367,-5.75,-3,2,12,8,6,2,12,2160,2116,1210,791,1750,0.452,264,721,0.366,314,436,0.72,246,1020,426,158,100,361,468,2018-2019
64,Davidson,34,24,10,0.706,6.38,1.96,14,4,14,2,7,5,2409,2229,1365,852,1893,0.45,312,882,0.354,393,525,0.749,264,1185,499,175,82,378,539,2018-2019
65,Dayton,33,21,12,0.636,9.67,2.91,13,5,13,4,7,4,2406,2183,1335,902,1789,0.504,205,617,0.332,397,575,0.69,261,1145,541,164,81,414,463,2018-2019
66,Delaware,33,17,16,0.515,-7.91,-4.82,8,10,9,7,7,8,2352,2380,1360,830,1808,0.459,282,746,0.378,410,564,0.727,254,1083,425,149,78,378,523,2018-2019
67,Delaware State,31,6,25,0.194,-26.82,-10.13,2,14,3,9,2,15,1956,2371,1240,695,1963,0.354,234,789,0.297,332,489,0.679,378,1144,333,214,66,435,589,2018-2019
68,Denver,30,8,22,0.267,-11.84,-2.97,3,13,6,7,1,14,2086,2319,1205,755,1723,0.438,227,622,0.365,349,460,0.759,275,1041,354,142,78,408,506,2018-2019
69,DePaul,36,19,17,0.528,6,4.05,7,11,16,7,3,9,2821,2751,1450,1009,2143,0.471,241,703,0.343,562,773,0.727,396,1347,513,227,117,488,630,2018-2019
70,Detroit Mercy,31,11,20,0.355,-6.33,-0.36,8,10,6,6,4,14,2279,2464,1240,784,1874,0.418,294,825,0.356,417,581,0.718,336,1019,319,238,77,355,528,2018-2019
71,Drake,34,24,10,0.706,2.52,-0.66,12,6,13,2,7,6,2563,2387,1385,908,1943,0.467,279,773,0.361,468,618,0.757,279,1214,518,180,130,449,568,2018-2019
72,Drexel,32,13,19,0.406,-7.02,-2.93,7,11,9,7,3,11,2425,2475,1280,874,1900,0.46,237,669,0.354,440,584,0.753,312,1126,464,144,62,377,542,2018-2019
73,Duke,38,32,6,0.842,26.9,11.98,14,4,15,2,7,2,3143,2576,1525,1157,2418,0.478,278,903,0.308,551,803,0.686,495,1567,606,346,257,488,595,2018-2019
74,Duquesne,32,19,13,0.594,0.53,-0.63,10,8,14,4,4,6,2351,2314,1295,810,1894,0.428,271,841,0.322,460,663,0.694,379,1133,442,250,151,451,580,2018-2019
75,East Carolina,31,10,21,0.323,-5.49,1.31,3,15,8,9,1,11,2088,2299,1255,749,1791,0.418,155,545,0.284,435,638,0.682,317,1061,382,224,110,416,622,2018-2019
76,East Tennessee State,34,24,10,0.706,5.21,-1.79,13,5,13,3,8,6,2707,2371,1375,1004,2067,0.486,274,758,0.361,425,634,0.67,442,1351,534,252,135,483,603,2018-2019
77,Eastern Illinois,32,14,18,0.438,-11.81,-5.01,7,11,7,6,5,10,2299,2457,1310,826,1912,0.432,272,735,0.37,375,545,0.688,347,1147,434,200,120,427,569,2018-2019
78,Eastern Kentucky,31,13,18,0.419,-7.4,-2.47,6,12,9,5,3,11,2562,2577,1265,902,2125,0.424,272,832,0.327,486,683,0.712,362,1167,458,317,101,447,661,2018-2019
79,Eastern Michigan,32,15,17,0.469,0.4,4.43,9,9,11,7,4,10,2203,2213,1295,818,1823,0.449,187,634,0.295,380,604,0.629,400,1155,369,237,143,442,529,2018-2019
80,Eastern Washington,34,16,18,0.471,-6.77,-4.17,12,8,9,4,4,13,2460,2527,1380,876,2040,0.429,310,886,0.35,398,546,0.729,299,1192,467,200,101,401,632,2018-2019
81,Elon,32,11,21,0.344,-11.53,-3.56,7,11,5,11,6,7,2266,2445,1290,812,1862,0.436,335,943,0.355,307,443,0.693,265,1082,468,135,62,413,539,2018-2019
82,Evansville,32,11,21,0.344,-3.84,0.13,5,13,9,7,2,13,2234,2317,1295,747,1776,0.421,264,776,0.34,476,660,0.721,215,1095,394,185,89,416,602,2018-2019
83,Fairfield,31,9,22,0.29,-10.2,-7.14,6,12,5,7,3,13,2072,2167,1240,761,1755,0.434,259,740,0.35,291,420,0.693,273,968,401,202,63,436,612,2018-2019
84,FDU,35,21,14,0.6,-6.09,-7.24,12,6,13,4,7,9,2620,2515,1420,921,1939,0.475,269,672,0.4,509,702,0.725,323,1155,486,261,132,477,578,2018-2019
85,Florida,36,20,16,0.556,15.42,11.22,9,9,9,6,5,6,2440,2289,1455,857,2015,0.425,291,872,0.334,435,603,0.721,375,1201,437,257,131,420,614,2018-2019
86,Florida A&M,31,12,19,0.387,-13.57,-8.09,9,7,6,3,6,14,1927,2057,1245,719,1640,0.438,180,489,0.368,309,503,0.614,288,991,355,226,111,499,580,2018-2019
87,Florida Atlantic,33,17,16,0.515,-1.42,-1.76,8,10,9,5,6,9,2322,2243,1335,809,1971,0.41,290,895,0.324,414,551,0.751,366,1296,419,184,93,485,575,2018-2019
88,Florida Gulf Coast,32,14,18,0.438,-5.11,-1.48,9,7,10,4,4,10,2280,2360,1280,809,1787,0.453,269,724,0.372,393,588,0.668,272,1064,449,219,133,479,514,2018-2019
89,Florida International,34,20,14,0.588,-4.55,-1.45,10,8,12,4,6,9,2798,2734,1360,986,2239,0.44,279,923,0.302,547,855,0.64,367,1217,491,359,153,477,655,2018-2019
90,Florida State,37,29,8,0.784,17.99,10.26,13,5,15,1,6,4,2771,2485,1500,960,2171,0.442,272,819,0.332,579,778,0.744,418,1391,475,266,161,492,705,2018-2019
91,Fordham,32,12,20,0.375,-5.02,-2.4,3,15,9,10,3,8,2108,2141,1295,759,1890,0.402,276,831,0.332,314,462,0.68,305,1082,360,188,108,345,559,2018-2019
92,Fresno State,32,23,9,0.719,8.99,0.67,13,5,13,4,7,3,2448,2162,1285,847,1866,0.454,342,897,0.381,412,572,0.72,300,1137,457,228,111,400,592,2018-2019
93,Furman,33,25,8,0.758,7.46,-1.5,13,5,13,3,11,4,2562,2182,1340,930,1962,0.474,338,935,0.361,364,508,0.717,326,1171,524,288,137,407,481,2018-2019
94,Gardner-Webb,35,23,12,0.657,-2.61,-4.43,11,6,13,0,8,9,2718,2468,1430,955,1962,0.487,281,719,0.391,527,741,0.711,271,1190,502,238,101,407,561,2018-2019
95,George Mason,33,18,15,0.545,0.84,0.08,11,7,11,6,6,6,2314,2289,1330,825,1855,0.445,210,637,0.33,454,634,0.716,323,1166,399,204,97,428,563,2018-2019
96,George Washington,33,9,24,0.273,-6.65,1.2,4,14,6,11,2,10,2097,2356,1340,745,1842,0.404,196,631,0.311,411,600,0.685,274,1116,375,170,96,413,526,2018-2019
97,Georgetown,33,19,14,0.576,6.8,5.31,9,9,13,6,5,6,2625,2576,1355,894,2017,0.443,269,757,0.355,568,771,0.737,350,1299,542,198,131,443,581,2018-2019
98,Georgia,32,11,21,0.344,5.31,8.12,2,16,8,9,2,9,2274,2364,1280,776,1761,0.441,210,653,0.322,512,726,0.705,357,1215,423,185,163,506,565,2018-2019
99,Georgia Southern,33,21,12,0.636,3.75,0.13,12,6,10,4,7,7,2726,2489,1330,1012,2028,0.499,204,632,0.323,498,720,0.692,320,1190,403,255,132,451,590,2018-2019
100,Georgia State,34,24,10,0.706,2.44,0.65,13,5,13,1,7,7,2598,2491,1360,903,1968,0.459,330,859,0.384,462,694,0.666,273,1110,415,269,158,391,583,2018-2019
101,Georgia Tech,32,14,18,0.438,6.93,8.15,6,12,11,7,3,9,2091,2130,1285,755,1714,0.44,176,573,0.307,405,588,0.689,262,1074,433,221,166,459,560,2018-2019
102,Gonzaga,37,33,4,0.892,27.79,5.01,16,0,17,0,9,1,3243,2400,1480,1177,2239,0.526,287,790,0.363,602,791,0.761,354,1443,668,278,204,394,603,2018-2019
103,Grambling,34,17,17,0.5,-9.73,-9.34,10,8,11,3,6,12,2426,2336,1370,834,1846,0.452,223,553,0.403,535,781,0.685,307,1287,420,193,147,536,699,2018-2019
104,Grand Canyon,34,20,14,0.588,3.85,-1.49,10,6,12,2,5,8,2560,2353,1370,907,2006,0.452,257,777,0.331,487,666,0.731,350,1238,478,207,75,411,598,2018-2019
105,Green Bay,38,21,17,0.553,-2.24,-0.36,10,8,15,3,5,13,3090,3036,1535,1106,2413,0.458,303,879,0.345,575,818,0.703,376,1406,578,291,154,500,730,2018-2019
106,Hampton,35,18,17,0.514,-3.34,-5.06,9,7,12,3,6,12,2847,2669,1430,966,2236,0.432,291,844,0.345,622,790,0.787,363,1370,487,215,121,379,649,2018-2019
107,Hartford,33,18,15,0.545,-3.95,-4.89,10,6,10,4,8,9,2477,2407,1345,848,1862,0.455,322,846,0.381,459,619,0.742,278,1050,462,228,69,401,556,2018-2019
108,Harvard,31,19,12,0.613,1.86,0.66,10,4,9,2,8,9,2222,2174,1265,787,1711,0.46,260,722,0.36,388,538,0.721,288,1119,369,174,123,491,554,2018-2019
109,Hawaii,31,18,13,0.581,-1.3,-3.61,9,7,12,5,4,5,2241,2131,1250,788,1746,0.451,266,751,0.354,399,576,0.693,278,1054,478,156,66,368,556,2018-2019
110,High Point,31,16,15,0.516,-5.63,-4.39,9,7,9,4,5,8,2115,2105,1255,763,1719,0.444,180,583,0.309,409,605,0.676,363,1183,404,170,91,406,502,2018-2019
111,Hofstra,35,27,8,0.771,4.68,-4.53,15,3,15,1,10,6,2919,2553,1440,998,2055,0.486,308,800,0.385,615,767,0.802,305,1170,492,228,122,342,526,2018-2019
112,Holy Cross,33,16,17,0.485,-6.43,-4.01,6,12,8,6,6,11,2216,2296,1335,848,1834,0.462,237,670,0.354,283,424,0.667,220,916,513,241,127,350,482,2018-2019
113,Houston,37,33,4,0.892,18.91,4.61,16,2,19,1,10,1,2787,2258,1480,982,2203,0.446,333,939,0.355,490,697,0.703,448,1502,548,240,161,410,705,2018-2019
114,Houston Christian,30,12,18,0.4,-9.36,-5.53,8,10,9,4,3,13,2465,2484,1225,865,1896,0.456,200,588,0.34,535,793,0.675,409,1142,449,234,54,442,593,2018-2019
115,Howard,34,17,17,0.5,-12.3,-9.52,10,6,6,8,9,8,2684,2661,1370,937,2163,0.433,244,669,0.365,566,780,0.726,396,1253,463,198,144,427,652,2018-2019
116,Idaho,32,5,27,0.156,-18.74,-6.19,2,18,4,11,1,13,2174,2460,1285,778,1764,0.441,251,678,0.37,367,507,0.724,258,1061,399,130,53,433,582,2018-2019
117,Idaho State,30,11,19,0.367,-13.17,-4.81,7,13,6,7,5,11,2198,2369,1200,779,1742,0.447,274,752,0.364,366,498,0.735,275,975,383,154,88,360,497,2018-2019
118,Illinois,33,12,21,0.364,8.95,11.53,7,13,9,6,1,9,2398,2483,1335,862,2001,0.431,259,751,0.345,415,591,0.702,351,1091,446,245,86,435,700,2018-2019
119,Illinois State,33,17,16,0.515,-2.06,0.25,9,9,12,4,2,10,2257,2314,1330,813,1887,0.431,244,734,0.332,387,540,0.717,298,1139,421,162,106,417,577,2018-2019
120,Illinois-Chicago,32,16,16,0.5,-3.15,-1.99,10,8,12,4,4,12,2391,2385,1295,865,1883,0.459,303,856,0.354,358,525,0.682,271,1106,478,210,124,457,684,2018-2019
121,Incarnate Word,31,6,25,0.194,-18.93,-5.11,1,17,5,9,0,14,2044,2355,1255,711,1527,0.466,174,508,0.343,448,553,0.81,204,845,354,184,53,504,592,2018-2019
122,Indiana,35,19,16,0.543,13.82,10.1,8,12,15,6,3,9,2504,2374,1420,919,2009,0.457,211,676,0.312,455,695,0.655,341,1272,469,226,154,433,596,2018-2019
123,Indiana State,31,15,16,0.484,-2.72,0.62,7,11,9,5,4,9,2146,2218,1250,757,1719,0.44,178,491,0.363,454,621,0.731,250,1007,342,207,73,402,586,2018-2019
124,Iona,33,17,16,0.515,-4.78,-5.5,12,6,8,3,5,9,2532,2508,1320,857,1897,0.452,297,845,0.351,521,699,0.745,283,1152,432,223,90,406,564,2018-2019
125,Iowa,35,23,12,0.657,14.27,9.84,10,10,14,4,4,6,2740,2585,1415,914,2006,0.456,285,782,0.364,627,849,0.739,357,1246,542,211,112,427,565,2018-2019
126,Iowa State,35,23,12,0.657,18.07,9.3,9,9,12,4,5,6,2692,2385,1400,974,2047,0.476,294,811,0.363,450,615,0.732,327,1230,527,247,160,379,517,2018-2019
127,IU Indy,33,16,17,0.485,-2.72,-3.04,8,10,11,4,3,13,2507,2429,1320,891,1969,0.453,234,695,0.337,491,699,0.702,403,1233,471,228,103,462,578,2018-2019
128,Jackson State,32,13,19,0.406,-14.6,-9.33,10,8,9,4,3,14,1974,2107,1285,717,1774,0.404,155,554,0.28,385,607,0.634,331,1125,359,209,124,436,643,2018-2019
129,Jacksonville,32,12,20,0.375,-8.27,-4.74,5,11,5,8,6,11,2385,2402,1285,889,1953,0.455,213,645,0.33,394,582,0.677,330,1163,457,213,166,463,523,2018-2019
130,Jacksonville State,33,24,9,0.727,1.59,-5.47,15,3,11,1,10,7,2574,2283,1345,953,2063,0.462,200,634,0.315,468,630,0.743,400,1310,451,245,138,440,553,2018-2019
131,James Madison,33,14,19,0.424,-8.52,-4.07,6,12,8,6,4,11,2322,2409,1350,821,1859,0.442,243,670,0.363,437,607,0.72,345,1123,403,211,101,420,612,2018-2019
132,Kansas,36,26,10,0.722,18.35,12.79,12,6,16,0,3,8,2725,2525,1455,989,2128,0.465,260,743,0.35,487,691,0.705,374,1376,478,243,139,472,610,2018-2019
133,Kansas City,32,11,21,0.344,-6.61,-1.55,6,10,8,5,3,13,2220,2341,1290,774,1794,0.431,259,728,0.356,413,590,0.7,261,966,351,233,90,391,647,2018-2019
134,Kansas State,34,25,9,0.735,15.39,9.18,14,4,13,2,7,5,2236,2025,1360,806,1878,0.429,241,721,0.334,383,574,0.667,325,1137,464,256,76,385,550,2018-2019
135,Kennesaw State,32,6,26,0.188,-16.17,-1.04,3,13,6,8,0,15,2030,2455,1285,742,1945,0.381,136,438,0.311,410,590,0.695,372,1163,362,185,106,437,525,2018-2019
136,Kent State,33,22,11,0.667,1.26,0.61,11,7,14,3,8,7,2481,2417,1330,878,2032,0.432,261,775,0.337,464,641,0.724,412,1185,430,226,119,378,601,2018-2019
137,Kentucky,37,30,7,0.811,21.43,10.29,15,3,17,1,8,2,2806,2394,1490,978,2050,0.477,215,607,0.354,635,859,0.739,427,1428,501,220,176,466,600,2018-2019
138,La Salle,31,10,21,0.323,-3.61,1.29,8,10,5,9,3,8,2091,2243,1240,719,1798,0.4,259,783,0.331,394,512,0.77,328,1060,391,230,98,435,630,2018-2019
139,Lafayette,30,10,20,0.333,-11.17,-4.93,7,11,4,11,6,9,2209,2349,1220,802,1786,0.449,280,736,0.38,325,437,0.744,233,1004,419,158,126,402,515,2018-2019
140,Lamar,33,20,13,0.606,-5.94,-7.22,12,6,13,2,6,10,2597,2322,1340,902,1976,0.456,228,664,0.343,565,823,0.687,446,1282,481,283,97,473,622,2018-2019
141,Lehigh,31,20,11,0.645,-2.34,-4.46,12,6,11,3,9,8,2479,2413,1250,856,1775,0.482,287,679,0.423,480,620,0.774,232,1105,471,171,71,418,571,2018-2019
142,Liberty,36,29,7,0.806,5.27,-3.88,14,2,16,1,11,3,2654,2209,1440,963,1977,0.487,322,873,0.369,406,524,0.775,270,1174,532,223,96,395,543,2018-2019
143,Lipscomb,37,29,8,0.784,9.21,-1.2,14,2,14,3,14,4,3076,2597,1480,1071,2230,0.48,327,876,0.373,607,801,0.758,329,1378,654,268,108,489,633,2018-2019
144,Little Rock,31,10,21,0.323,-4.87,-2.07,5,13,7,9,3,12,2301,2353,1250,817,1687,0.484,206,582,0.354,461,703,0.656,244,1060,443,169,87,503,622,2018-2019
145,Long Beach State,34,15,19,0.441,-4.57,-0.44,8,8,9,5,4,12,2545,2584,1375,877,2031,0.432,217,630,0.344,574,831,0.691,377,1263,399,219,105,479,620,2018-2019
146,Long Island University,32,16,16,0.5,-8.99,-9.08,9,9,8,5,7,9,2373,2337,1285,822,1880,0.437,277,813,0.341,452,643,0.703,321,1196,430,218,157,471,610,2018-2019
147,Longwood,34,16,18,0.471,-8.43,-6.62,5,11,10,5,5,12,2407,2408,1375,803,1875,0.428,333,939,0.355,468,639,0.732,284,1194,401,210,71,477,624,2018-2019
148,Louisiana,32,19,13,0.594,-2.07,-1.51,10,8,10,4,7,7,2612,2575,1290,901,2026,0.445,283,821,0.345,527,710,0.742,364,1142,487,226,125,423,612,2018-2019
149,Louisiana State,35,28,7,0.8,16.5,9.16,16,2,15,2,9,1,2815,2558,1435,988,2162,0.457,236,740,0.319,603,802,0.752,460,1355,452,308,148,452,634,2018-2019
150,Louisiana Tech,33,20,13,0.606,0.95,-2.31,9,9,15,1,4,10,2386,2235,1335,840,1928,0.436,253,756,0.335,453,690,0.657,368,1204,440,190,115,386,535,2018-2019
151,Louisiana-Monroe,35,19,16,0.543,0.81,-1.96,9,9,14,3,4,12,2773,2637,1425,922,2029,0.454,353,891,0.396,576,737,0.782,317,1176,498,206,78,398,545,2018-2019
152,Louisville,34,20,14,0.588,17.28,11.04,10,8,14,4,5,6,2536,2324,1380,854,1967,0.434,294,860,0.342,534,687,0.777,345,1297,458,149,99,412,591,2018-2019
153,Loyola (IL),34,20,14,0.588,3.99,-0.16,12,6,13,4,5,7,2231,2066,1360,831,1687,0.493,206,563,0.366,363,545,0.666,190,1013,468,220,78,407,471,2018-2019
154,Loyola (MD),32,11,21,0.344,-9.13,-4.6,7,11,7,5,3,16,2332,2477,1295,842,1836,0.459,210,616,0.341,438,617,0.71,292,997,448,278,73,444,573,2018-2019
155,Loyola Marymount,34,22,12,0.647,2.93,0.9,8,8,12,4,8,7,2278,2125,1360,817,1800,0.454,163,510,0.32,481,645,0.746,314,1098,460,250,102,425,602,2018-2019
156,Maine,32,5,27,0.156,-15.11,-4.21,3,13,3,9,2,18,1988,2271,1310,747,1728,0.432,201,647,0.311,293,452,0.648,280,1015,471,239,94,460,566,2018-2019
157,Manhattan,32,11,21,0.344,-12.89,-7.32,8,10,4,9,4,11,1833,2011,1285,651,1608,0.405,219,661,0.331,312,534,0.584,326,1026,360,221,78,487,672,2018-2019
158,Marist,31,12,19,0.387,-9.49,-7.53,7,11,4,7,6,11,2086,2147,1250,739,1647,0.449,245,675,0.363,363,530,0.685,241,967,377,172,53,387,583,2018-2019
159,Marquette,34,24,10,0.706,14.78,6.96,12,6,16,3,6,4,2629,2363,1375,893,1969,0.454,319,822,0.388,524,692,0.757,331,1292,456,168,145,467,635,2018-2019
160,Marshall,37,23,14,0.622,-0.64,-0.61,11,7,16,3,6,10,2978,2979,1495,1047,2367,0.442,362,1058,0.342,522,723,0.722,319,1260,527,334,170,453,664,2018-2019
161,Maryland,34,23,11,0.676,16.01,10.09,13,7,15,3,6,5,2429,2228,1360,858,1909,0.449,247,707,0.349,466,627,0.743,378,1336,447,148,163,437,526,2018-2019
162,Maryland-Baltimore County,34,21,13,0.618,-5.85,-5.85,11,5,13,4,6,8,2296,2177,1400,820,1893,0.433,261,807,0.323,395,573,0.689,296,1145,453,268,83,428,578,2018-2019
163,Maryland-Eastern Shore,32,7,25,0.219,-24.21,-7.91,5,11,5,7,2,17,1833,2291,1285,666,1705,0.391,172,610,0.282,329,489,0.673,264,989,361,186,70,431,575,2018-2019
164,Massachusetts,32,11,21,0.344,-3.02,-0.18,4,14,9,8,1,11,2263,2354,1290,808,1831,0.441,256,732,0.35,391,574,0.681,342,1123,468,154,93,445,643,2018-2019
165,Massachusetts-Lowell,32,15,17,0.469,-8.28,-6.95,7,9,8,5,5,12,2456,2420,1290,875,1852,0.472,246,721,0.341,460,639,0.72,293,1115,500,181,85,447,589,2018-2019
166,McNeese State,31,9,22,0.29,-14.41,-6.15,5,13,7,8,2,14,2149,2303,1245,760,1676,0.453,168,548,0.307,461,647,0.713,310,1054,429,147,97,450,467,2018-2019
167,Memphis,36,22,14,0.611,10.7,5.09,11,7,17,2,3,8,2882,2680,1450,1013,2238,0.453,260,807,0.322,596,835,0.714,436,1358,553,288,144,538,739,2018-2019
168,Mercer,31,11,20,0.355,-2.86,-0.24,6,12,9,6,2,12,2248,2246,1245,787,1746,0.451,228,663,0.344,446,648,0.688,307,1057,393,207,80,407,557,2018-2019
169,Miami (FL),32,14,18,0.438,9.39,8.7,5,13,11,5,0,10,2297,2275,1285,805,1851,0.435,268,805,0.333,419,570,0.735,291,1061,413,212,100,372,465,2018-2019
170,Miami (OH),32,15,17,0.469,0.77,2.31,7,11,10,5,4,10,2267,2233,1285,777,1847,0.421,269,832,0.323,444,626,0.709,353,1190,349,194,87,413,581,2018-2019
171,Michigan,37,30,7,0.811,21.82,10.55,15,5,17,1,7,4,2575,2158,1480,941,2102,0.448,287,839,0.342,406,579,0.701,299,1307,512,225,149,334,514,2018-2019
172,Michigan State,39,32,7,0.821,24.93,12.34,16,4,15,1,8,4,3025,2534,1570,1071,2230,0.48,319,844,0.378,564,749,0.753,414,1579,715,201,205,493,647,2018-2019
173,Middle Tennessee,32,11,21,0.344,-6.09,1.44,8,10,9,5,2,11,2141,2313,1280,778,1858,0.419,212,650,0.326,373,551,0.677,382,1228,352,190,85,512,583,2018-2019
174,Milwaukee,31,9,22,0.29,-8.9,-2.5,4,14,6,8,3,12,2146,2315,1245,765,1820,0.42,237,692,0.342,379,508,0.746,288,1094,356,145,94,382,579,2018-2019
175,Minnesota,36,22,14,0.611,12.52,11.27,9,11,14,3,2,9,2543,2498,1445,887,2039,0.435,191,603,0.317,578,848,0.682,402,1314,523,175,140,418,578,2018-2019
176,Mississippi,33,20,13,0.606,12.32,8.13,10,8,11,5,6,5,2485,2347,1325,876,1906,0.46,272,760,0.358,461,589,0.783,322,1128,475,235,118,416,603,2018-2019
177,Mississippi State,34,23,11,0.676,15.96,9.07,10,8,14,3,5,5,2628,2394,1370,936,1982,0.472,292,774,0.377,464,647,0.717,393,1215,481,274,172,451,586,2018-2019
178,Mississippi Valley State,32,6,26,0.188,-22.47,-6.99,4,14,6,6,0,20,2058,2498,1285,730,1923,0.38,172,554,0.31,426,647,0.658,378,1165,361,176,70,415,570,2018-2019
179,Missouri,32,15,17,0.469,8.6,9.16,5,13,9,7,2,8,2150,2168,1290,758,1764,0.43,264,727,0.363,370,526,0.703,345,1130,354,149,53,448,625,2018-2019
180,Missouri State,32,16,16,0.5,-1.2,-1.03,10,8,11,4,5,9,2206,2157,1285,774,1714,0.452,224,649,0.345,434,627,0.692,270,1000,354,221,127,385,540,2018-2019
181,Monmouth,35,14,21,0.4,-10.66,-4.83,10,8,6,6,5,11,2286,2490,1420,794,1915,0.415,168,565,0.297,530,773,0.686,360,1224,379,237,101,502,698,2018-2019
182,Montana,35,26,9,0.743,1.5,-5.05,16,4,12,2,9,5,2665,2397,1405,975,1983,0.492,287,763,0.376,428,621,0.689,293,1176,510,229,106,416,655,2018-2019
183,Montana State,32,15,17,0.469,-7.91,-5.81,11,9,9,4,4,12,2502,2552,1280,858,1882,0.456,306,818,0.374,480,651,0.737,292,1083,491,169,46,394,567,2018-2019
184,Morehead State,33,13,20,0.394,-7.73,-1.76,8,10,7,7,4,11,2431,2543,1335,855,1993,0.429,260,762,0.341,461,654,0.705,357,1177,440,186,137,402,561,2018-2019
185,Morgan State,30,9,21,0.3,-15.98,-10.7,4,12,6,7,2,13,2161,2304,1210,758,1920,0.395,168,521,0.322,477,669,0.713,397,1078,362,230,48,401,614,2018-2019
186,Mount St. Mary's,31,9,22,0.29,-14.57,-6.02,6,12,4,9,5,13,2092,2286,1240,733,1755,0.418,223,723,0.308,403,594,0.678,293,1036,354,146,107,410,576,2018-2019
187,Murray State,33,28,5,0.848,8.96,-3.11,16,2,15,1,10,3,2727,2255,1320,988,2007,0.492,258,731,0.353,493,673,0.733,351,1247,591,249,149,401,527,2018-2019
188,Navy,31,12,19,0.387,-10.09,-4,8,10,8,6,4,13,2061,2250,1240,732,1785,0.41,208,656,0.317,389,544,0.715,359,1160,399,167,58,437,534,2018-2019
189,NC State,36,24,12,0.667,14.94,6.22,9,9,17,5,4,6,2882,2568,1450,1061,2319,0.458,292,830,0.352,468,661,0.708,486,1390,539,257,138,449,691,2018-2019
190,Nebraska,36,19,17,0.528,14.85,11.31,6,14,13,5,2,10,2586,2421,1445,916,2133,0.429,270,800,0.338,484,694,0.697,379,1278,466,260,151,345,580,2018-2019
191,Nevada,34,29,5,0.853,16,2.68,15,3,15,0,9,3,2723,2270,1360,924,1999,0.462,297,855,0.347,578,816,0.708,325,1274,498,211,134,352,584,2018-2019
192,Nevada-Las Vegas,31,17,14,0.548,1.58,0.48,11,7,10,6,6,5,2276,2242,1250,791,1852,0.427,251,745,0.337,443,647,0.685,408,1204,401,184,115,401,556,2018-2019
193,New Hampshire,29,5,24,0.172,-18.66,-6.03,3,13,4,10,1,14,1742,1990,1160,623,1656,0.376,261,787,0.332,235,385,0.61,260,986,325,116,53,356,533,2018-2019
194,New Mexico,32,14,18,0.438,-0.55,1.61,7,11,9,7,4,9,2443,2454,1280,814,1927,0.422,292,844,0.346,523,745,0.702,351,1199,446,220,107,455,627,2018-2019
195,New Mexico State,35,30,5,0.857,10.05,-2.38,15,1,16,1,10,1,2734,2259,1405,962,2092,0.46,326,977,0.334,484,714,0.678,445,1343,514,197,91,419,632,2018-2019
196,New Orleans,33,19,14,0.576,-8.88,-6.47,12,6,12,4,5,9,2384,2325,1345,862,1941,0.444,189,566,0.334,471,681,0.692,393,1166,497,285,134,517,631,2018-2019
197,Niagara,32,13,19,0.406,-11.33,-7.77,6,12,8,8,5,10,2318,2432,1285,795,1887,0.421,265,738,0.359,463,629,0.736,315,1143,343,128,127,390,511,2018-2019
198,Nicholls State,31,14,17,0.452,-11.87,-6.98,7,11,9,4,3,13,2260,2302,1250,807,1914,0.422,324,883,0.367,322,418,0.77,280,1041,428,208,128,386,587,2018-2019
199,NJIT,35,22,13,0.629,-3.63,-4.74,8,8,11,5,11,8,2472,2401,1410,849,1913,0.444,246,713,0.345,528,732,0.721,250,1178,376,223,94,421,582,2018-2019
200,Norfolk State,36,22,14,0.611,-8.04,-8.74,14,2,11,2,9,8,2652,2503,1460,900,2079,0.433,282,770,0.366,570,803,0.71,366,1318,457,219,154,523,763,2018-2019
201,North Alabama,32,10,22,0.313,-11,-1.69,7,9,8,4,2,18,2145,2358,1285,744,1914,0.389,240,805,0.298,417,619,0.674,351,1170,334,209,74,435,614,2018-2019
202,North Carolina,36,29,7,0.806,23.94,11.35,16,2,14,2,11,1,3089,2636,1445,1118,2410,0.464,312,862,0.362,541,728,0.743,477,1589,678,252,120,473,611,2018-2019
203,North Carolina A&T,32,19,13,0.594,-11.24,-9.88,13,3,11,2,7,10,2241,2209,1290,825,1797,0.459,227,649,0.35,364,548,0.664,291,1059,452,215,108,417,514,2018-2019
204,North Carolina Central,34,18,16,0.529,-11.53,-11.24,10,6,10,2,4,12,2429,2266,1365,874,1922,0.455,221,693,0.319,460,641,0.718,399,1265,526,207,93,515,610,2018-2019
205,North Dakota,30,12,18,0.4,-8.78,-3.55,6,10,8,6,4,11,2220,2196,1200,822,1771,0.464,241,647,0.372,335,482,0.695,233,1009,398,171,87,380,485,2018-2019
206,North Dakota State,35,19,16,0.543,-4.01,-2.07,9,7,10,3,4,9,2556,2541,1410,874,1926,0.454,332,910,0.365,476,613,0.777,229,1105,402,160,87,368,523,2018-2019
207,North Florida,33,16,17,0.485,-3.47,-0.7,9,7,10,3,5,13,2485,2531,1325,902,2014,0.448,308,897,0.343,373,539,0.692,363,1252,520,212,165,536,573,2018-2019
208,North Texas,33,21,12,0.636,-0.25,-3.48,8,10,12,4,6,7,2302,2077,1325,831,1910,0.435,284,838,0.339,356,532,0.669,368,1244,428,210,88,443,589,2018-2019
209,Northeastern,34,23,11,0.676,3.95,-0.7,14,4,11,2,8,6,2564,2406,1385,880,1848,0.476,328,858,0.382,476,634,0.751,237,1075,480,211,74,381,539,2018-2019
210,Northern Arizona,31,10,21,0.323,-10.75,-6.23,8,12,5,7,5,13,2262,2402,1250,785,1819,0.432,259,749,0.346,433,614,0.705,290,1055,381,196,65,372,537,2018-2019
211,Northern Colorado,32,21,11,0.656,-3.92,-6.76,15,5,10,3,11,5,2450,2229,1295,849,1837,0.462,307,849,0.362,445,633,0.703,309,1128,422,176,101,398,538,2018-2019
212,Northern Illinois,34,17,17,0.5,2.58,1.11,8,10,10,6,5,9,2506,2413,1375,940,1995,0.471,229,642,0.357,397,543,0.731,304,1179,374,188,75,404,653,2018-2019
213,Northern Iowa,34,16,18,0.471,-1.54,0.62,9,9,9,5,3,9,2215,2230,1360,769,1847,0.416,276,792,0.348,401,537,0.747,262,1115,370,165,75,393,554,2018-2019
214,Northern Kentucky,35,26,9,0.743,4.67,-2.39,13,5,17,1,7,7,2747,2410,1410,979,2047,0.478,306,844,0.363,483,725,0.666,364,1298,592,218,139,441,664,2018-2019
215,Northwestern,32,13,19,0.406,9.97,9.16,4,16,10,8,1,9,2108,2082,1290,735,1827,0.402,233,744,0.313,405,551,0.735,278,1086,451,176,134,349,583,2018-2019
216,Northwestern State,31,11,20,0.355,-17.06,-5.99,6,12,8,7,3,13,2051,2280,1250,725,1790,0.405,190,646,0.294,411,604,0.68,352,1103,340,192,138,496,578,2018-2019
217,Notre Dame,33,14,19,0.424,7.97,8.28,3,15,11,8,1,9,2266,2276,1320,776,1973,0.393,272,863,0.315,442,594,0.744,370,1208,423,179,148,306,455,2018-2019
218,Oakland,33,16,17,0.485,-2.27,-1.48,11,7,10,6,6,10,2534,2515,1325,864,1859,0.465,314,816,0.385,492,663,0.742,275,1063,580,191,99,426,534,2018-2019
219,Ohio,31,14,17,0.452,-1.84,3.16,6,12,11,5,3,10,2174,2288,1255,803,1838,0.437,187,633,0.295,381,602,0.633,332,1152,451,200,115,448,504,2018-2019
220,Ohio State,35,20,15,0.571,13.89,11,8,12,12,6,4,7,2419,2318,1405,839,1931,0.434,264,774,0.341,477,650,0.734,328,1215,494,206,85,438,623,2018-2019
221,Oklahoma,34,20,14,0.588,15.3,12.21,7,11,11,4,5,7,2423,2318,1365,883,1975,0.447,226,654,0.346,431,618,0.697,305,1263,430,203,102,401,527,2018-2019
222,Oklahoma State,32,12,20,0.375,8.09,11.53,5,13,8,7,2,10,2178,2288,1285,760,1796,0.423,280,753,0.372,378,549,0.689,295,1093,422,183,139,386,516,2018-2019
223,Old Dominion,35,26,9,0.743,3.74,-1.18,13,5,14,2,8,4,2298,2130,1400,823,2026,0.406,264,756,0.349,388,585,0.663,418,1365,439,197,160,408,580,2018-2019
224,Omaha,32,21,11,0.656,-2.32,-3.39,13,3,10,2,9,8,2523,2454,1290,950,1998,0.475,282,719,0.392,341,473,0.721,273,1047,409,180,61,304,486,2018-2019
225,Oral Roberts,32,11,21,0.344,-9.34,-1.91,7,9,7,6,3,13,2314,2483,1285,854,1874,0.456,266,734,0.362,340,492,0.691,335,1147,434,152,107,447,575,2018-2019
226,Oregon,38,25,13,0.658,13.95,6.13,10,8,13,4,5,7,2661,2364,1530,958,2126,0.451,295,840,0.351,450,624,0.721,361,1307,501,290,162,442,665,2018-2019
227,Oregon State,31,18,13,0.581,7.84,4.29,10,8,10,5,6,5,2275,2165,1250,800,1728,0.463,203,633,0.321,472,636,0.742,310,1091,465,185,164,384,536,2018-2019
228,Pacific,32,14,18,0.438,-2.46,1.97,4,12,9,7,5,10,2138,2241,1290,710,1681,0.422,198,566,0.35,520,698,0.745,285,1039,325,199,46,423,630,2018-2019
229,Penn State,32,14,18,0.438,12.55,11.51,7,13,9,6,3,9,2229,2196,1295,791,1898,0.417,222,693,0.32,425,613,0.693,382,1174,389,245,122,399,597,2018-2019
230,Pennsylvania,31,19,12,0.613,2.04,-0.76,7,7,10,4,8,5,2250,2117,1265,821,1810,0.454,282,803,0.351,326,511,0.638,270,1101,465,210,76,395,500,2018-2019
231,Pepperdine,34,16,18,0.471,0.9,0.63,6,10,9,5,2,11,2572,2529,1370,865,1949,0.444,313,819,0.382,529,696,0.76,290,1085,479,229,95,432,639,2018-2019
232,Pittsburgh,33,14,19,0.424,7.88,6.69,3,15,11,7,0,11,2306,2267,1330,769,1841,0.418,225,680,0.331,543,779,0.697,383,1211,387,227,126,448,611,2018-2019
233,Portland,32,7,25,0.219,-10.8,0.51,0,16,6,11,1,12,2078,2389,1290,707,1708,0.414,216,664,0.325,448,668,0.671,233,1032,369,175,123,425,588,2018-2019
234,Portland State,32,16,16,0.5,-8.95,-5.78,11,9,12,4,3,10,2475,2404,1290,856,2017,0.424,238,769,0.309,525,748,0.702,491,1282,434,264,130,449,681,2018-2019
235,Prairie View,35,22,13,0.629,-7.29,-9.17,17,1,11,0,9,12,2627,2547,1400,903,2061,0.438,225,703,0.32,596,875,0.681,392,1151,445,309,55,445,758,2018-2019
236,Presbyterian,36,20,16,0.556,-3.56,-5.35,9,7,12,3,8,12,2817,2610,1445,966,2150,0.449,394,1034,0.381,491,674,0.728,324,1248,565,214,69,358,617,2018-2019
237,Princeton,28,16,12,0.571,-3.43,-0.89,8,6,7,5,8,7,1948,1951,1135,685,1666,0.411,207,679,0.305,371,502,0.739,272,1016,295,168,72,354,459,2018-2019
238,Providence,34,18,16,0.529,8.29,6.71,7,11,11,7,5,6,2428,2374,1385,835,1973,0.423,225,690,0.326,533,771,0.691,399,1241,491,253,136,445,600,2018-2019
239,Purdue,36,26,10,0.722,21.4,11.99,16,4,15,0,6,6,2760,2421,1460,967,2145,0.451,365,977,0.374,461,641,0.719,421,1341,518,220,143,381,625,2018-2019
240,Purdue Fort Wayne,33,18,15,0.545,-3.47,-3.6,9,7,11,5,6,9,2728,2556,1330,991,2059,0.481,360,949,0.379,386,557,0.693,271,1140,525,247,158,395,495,2018-2019
241,Quinnipiac,31,16,15,0.516,-6.78,-8.03,11,7,7,7,9,6,2294,2255,1270,739,1730,0.427,348,923,0.377,468,646,0.724,311,1111,393,159,62,415,524,2018-2019
242,Radford,33,22,11,0.667,1.28,-1.95,12,4,11,3,9,7,2440,2247,1330,893,1938,0.461,285,751,0.379,369,515,0.717,335,1170,467,196,101,358,528,2018-2019
243,Rhode Island,33,18,15,0.545,2.83,1.19,9,9,9,5,5,7,2293,2239,1335,821,1914,0.429,172,615,0.28,479,704,0.68,375,1194,401,235,129,405,582,2018-2019
244,Rice,32,13,19,0.406,-6.56,-2.06,8,10,9,7,4,11,2367,2481,1305,795,1867,0.426,277,797,0.348,500,729,0.686,316,1221,425,171,104,438,568,2018-2019
245,Richmond,33,13,20,0.394,-1.37,-0.79,6,12,7,10,4,7,2314,2333,1320,849,1800,0.472,251,723,0.347,365,552,0.661,196,957,519,249,101,336,488,2018-2019
246,Rider,31,16,15,0.516,-4.96,-6.51,11,7,9,3,6,10,2381,2333,1245,847,1893,0.447,222,651,0.341,465,755,0.616,363,1144,450,282,101,415,591,2018-2019
247,Robert Morris,35,18,17,0.514,-9.41,-7.62,11,7,13,4,5,13,2448,2403,1420,861,1991,0.432,280,789,0.355,446,638,0.699,373,1178,487,257,92,507,683,2018-2019
248,Rutgers,31,14,17,0.452,8.89,9.76,7,13,10,7,4,9,2105,2132,1250,771,1842,0.419,191,612,0.312,372,584,0.637,391,1210,390,201,124,408,566,2018-2019
249,Sacramento State,31,15,16,0.484,-8.78,-6.78,8,12,9,5,4,10,2197,2155,1250,806,1800,0.448,175,527,0.332,410,592,0.693,308,1050,431,239,104,404,566,2018-2019
250,Sacred Heart,32,15,17,0.469,-7.88,-8.11,11,7,10,3,4,13,2558,2509,1285,885,1926,0.46,243,681,0.357,545,722,0.755,354,1231,471,170,133,465,572,2018-2019
251,Saint Francis (PA),33,18,15,0.545,-8.74,-6.16,12,6,12,4,6,11,2517,2510,1320,885,2035,0.435,254,724,0.351,493,698,0.706,430,1246,413,221,94,402,598,2018-2019
252,Saint Joseph's,33,14,19,0.424,-0.43,1.66,6,12,10,5,2,11,2328,2397,1325,793,1943,0.408,280,869,0.322,462,615,0.751,258,1145,397,186,110,305,497,2018-2019
253,Saint Louis,36,23,13,0.639,5.06,2.23,10,8,15,2,4,8,2399,2297,1440,855,2052,0.417,205,675,0.304,484,809,0.598,492,1428,460,254,145,464,634,2018-2019
254,Saint Mary's (CA),34,22,12,0.647,12.58,4.4,11,5,14,3,5,5,2463,2185,1365,899,1905,0.472,253,670,0.378,412,555,0.742,329,1180,341,201,87,355,572,2018-2019
255,Saint Peter's,32,10,22,0.313,-12.15,-6.4,6,12,7,7,2,14,2012,2196,1305,707,1639,0.431,184,567,0.325,414,570,0.726,293,1032,301,172,177,488,614,2018-2019
256,Sam Houston,33,21,12,0.636,-3.17,-5.84,16,2,12,2,8,9,2476,2307,1345,889,2011,0.442,308,840,0.367,390,518,0.753,369,1191,555,242,94,413,659,2018-2019
257,Samford,33,17,16,0.515,0.69,-2.03,6,12,11,6,5,9,2583,2487,1355,921,1951,0.472,254,687,0.37,487,666,0.731,316,1225,461,238,127,463,560,2018-2019
258,San Diego,36,21,15,0.583,6.12,3.61,7,9,12,4,5,9,2591,2455,1460,914,2002,0.457,284,808,0.351,479,641,0.747,290,1238,516,204,112,466,667,2018-2019
259,San Diego State,34,21,13,0.618,5.29,2.47,11,7,14,3,4,7,2437,2291,1360,845,1940,0.436,261,721,0.362,486,679,0.716,346,1228,487,197,113,424,638,2018-2019
260,San Francisco,31,21,10,0.677,8.56,1.13,9,7,13,3,6,5,2358,2101,1250,864,1851,0.467,258,727,0.355,372,568,0.655,340,1138,439,188,105,321,543,2018-2019
261,San Jose State,31,4,27,0.129,-16.37,0.59,1,17,4,11,0,12,2042,2534,1250,713,1765,0.404,210,641,0.328,406,620,0.655,323,1130,423,131,52,484,539,2018-2019
262,Santa Clara,31,16,15,0.516,-1.91,0.92,8,8,11,6,4,6,2115,2172,1255,735,1653,0.445,239,663,0.36,406,567,0.716,242,1026,416,146,111,433,597,2018-2019
263,Savannah State,31,11,20,0.355,-20.51,-9.04,8,8,6,5,4,14,2360,2694,1245,825,2080,0.397,351,1199,0.293,359,531,0.676,383,1188,462,234,96,478,564,2018-2019
264,Seattle,33,18,15,0.545,-1.47,-3.85,6,10,12,6,4,8,2420,2283,1330,852,1945,0.438,238,642,0.371,478,668,0.716,336,1221,386,141,118,403,657,2018-2019
265,Seton Hall,34,20,14,0.588,10.25,8.34,9,9,11,4,3,8,2508,2443,1375,888,2021,0.439,240,741,0.324,492,697,0.706,361,1213,459,235,132,423,638,2018-2019
266,Siena,33,17,16,0.515,-7.9,-6.47,11,7,7,7,8,7,2131,2178,1345,772,1779,0.434,288,849,0.339,299,440,0.68,248,973,415,190,93,321,462,2018-2019
267,South Alabama,34,17,17,0.5,-4.46,-2.71,8,10,13,6,3,10,2478,2465,1375,867,1883,0.46,285,761,0.375,459,669,0.686,288,1094,471,201,141,456,649,2018-2019
268,South Carolina,32,16,16,0.5,8.34,9.63,11,7,11,6,4,8,2327,2316,1285,806,1907,0.423,242,662,0.366,473,694,0.682,383,1160,413,202,140,433,623,2018-2019
269,South Carolina State,34,8,26,0.235,-16.86,-8.3,5,11,5,6,2,19,2388,2593,1375,811,1891,0.429,193,582,0.332,573,772,0.742,376,1137,386,167,60,493,670,2018-2019
270,South Carolina Upstate,32,6,26,0.188,-15.3,-4.27,1,16,5,9,1,15,2169,2395,1290,775,1872,0.414,269,817,0.329,350,492,0.711,305,1051,434,207,94,440,621,2018-2019
271,South Dakota,30,13,17,0.433,-5.52,-3.06,7,9,8,6,4,8,2118,2136,1205,729,1664,0.438,227,666,0.341,433,585,0.74,219,942,382,165,68,324,527,2018-2019
272,South Dakota State,33,24,9,0.727,5.92,-4.74,14,2,14,1,7,6,2789,2425,1320,984,1965,0.501,327,802,0.408,494,635,0.778,251,1259,489,202,65,388,557,2018-2019
273,South Florida,38,24,14,0.632,5.96,1.69,8,10,18,5,5,7,2752,2553,1555,911,2120,0.43,272,819,0.332,658,1018,0.646,496,1483,521,306,124,604,790,2018-2019
274,Southeast Missouri State,31,10,21,0.323,-11.32,-4.39,5,13,6,8,2,13,2216,2378,1265,796,1809,0.44,266,719,0.37,358,519,0.69,284,1081,402,182,75,447,615,2018-2019
275,Southeastern Louisiana,33,17,16,0.515,-7.59,-6.3,12,6,9,5,7,9,2224,2228,1320,765,1735,0.441,235,696,0.338,459,640,0.717,346,1117,452,215,80,536,602,2018-2019
276,Southern,32,7,25,0.219,-16.79,-7.37,6,12,6,5,1,18,2077,2360,1285,752,1710,0.44,180,544,0.331,393,588,0.668,313,980,372,216,86,511,716,2018-2019
277,Southern California,33,16,17,0.485,8.23,4.96,8,10,12,5,2,9,2518,2410,1340,937,2039,0.46,281,735,0.382,363,563,0.645,324,1188,536,202,117,392,590,2018-2019
278,Southern Illinois,32,17,15,0.531,1.39,-0.17,10,8,9,6,7,7,2194,2144,1280,802,1720,0.466,213,570,0.374,377,550,0.685,289,1081,438,212,129,447,474,2018-2019
279,SIU Edwardsville,31,10,21,0.323,-14.47,-5.06,6,12,7,8,2,11,2265,2520,1280,794,1898,0.418,201,665,0.302,476,677,0.703,351,1079,382,198,70,438,612,2018-2019
280,Southern Methodist,32,15,17,0.469,5.81,4.12,6,12,10,8,3,7,2303,2249,1280,833,1884,0.442,263,772,0.341,374,523,0.715,365,1135,441,189,123,350,515,2018-2019
281,Southern Mississippi,33,20,13,0.606,2.58,-0.83,11,7,11,3,7,7,2392,2160,1330,899,1929,0.466,275,712,0.386,321,489,0.656,274,1178,553,253,110,345,507,2018-2019
282,Southern Utah,34,17,17,0.5,-8.91,-6.22,9,11,11,4,4,12,2573,2566,1380,881,1997,0.441,272,799,0.34,539,757,0.712,282,1250,426,199,114,466,696,2018-2019
283,St. Bonaventure,34,18,16,0.529,3.34,0.25,12,6,9,5,6,7,2250,2145,1385,821,1914,0.429,208,635,0.328,400,539,0.742,333,1183,417,199,164,421,553,2018-2019
284,St. Francis (NY),33,17,16,0.515,-10.19,-8.45,9,9,11,3,6,12,2345,2320,1325,841,1989,0.423,270,806,0.335,393,580,0.678,346,1191,387,194,136,413,635,2018-2019
285,St. John's (NY),34,21,13,0.618,7.88,5.5,8,10,13,4,4,7,2623,2542,1375,944,2100,0.45,289,809,0.357,446,620,0.719,264,1120,472,302,111,357,650,2018-2019
286,Stanford,31,15,16,0.484,6.03,5.13,8,10,10,4,4,9,2255,2227,1245,808,1783,0.453,207,653,0.317,432,643,0.672,322,1147,392,186,147,467,586,2018-2019
287,Stephen F. Austin,30,14,16,0.467,-10.99,-5.92,7,11,10,6,3,9,2105,2161,1210,745,1696,0.439,201,588,0.342,414,607,0.682,313,1008,348,192,113,442,579,2018-2019
288,Stetson,31,7,24,0.226,-15.01,-3.46,3,13,7,8,0,16,2151,2429,1245,794,1962,0.405,215,684,0.314,348,503,0.692,359,1110,418,210,94,394,536,2018-2019
289,Stony Brook,33,24,9,0.727,-2.1,-6.48,12,4,10,4,13,4,2364,2188,1335,815,1937,0.421,233,715,0.326,501,695,0.721,410,1348,372,209,142,478,631,2018-2019
290,Syracuse,34,20,14,0.588,13.73,10.09,10,8,13,6,6,4,2370,2246,1365,808,1907,0.424,274,824,0.333,480,701,0.685,363,1174,408,278,162,423,588,2018-2019
291,TCU,37,23,14,0.622,13.81,9.6,7,11,15,5,3,7,2730,2574,1500,990,2168,0.457,281,813,0.346,469,688,0.682,395,1347,598,255,162,499,586,2018-2019
292,Temple,33,23,10,0.697,8.17,4.93,13,5,13,2,8,5,2465,2358,1340,873,1998,0.437,247,748,0.33,472,649,0.727,316,1136,476,284,73,368,581,2018-2019
293,Tennessee,37,31,6,0.838,21.55,10.16,15,3,18,0,7,3,3035,2580,1505,1106,2231,0.496,262,714,0.367,561,744,0.754,379,1391,660,221,199,412,654,2018-2019
294,Tennessee State,30,9,21,0.3,-11.62,-3.15,6,12,6,7,3,14,2182,2332,1210,751,1739,0.432,240,716,0.335,440,628,0.701,317,1032,342,219,78,497,735,2018-2019
295,Tennessee Tech,31,8,23,0.258,-14.76,-3,4,14,5,10,3,13,2104,2350,1250,742,1784,0.416,213,620,0.344,407,645,0.631,330,1122,389,226,134,517,554,2018-2019
296,Tennessee-Martin,31,12,19,0.387,-10.94,-4.32,6,12,10,4,1,14,2356,2486,1250,854,1915,0.446,250,726,0.344,398,528,0.754,351,1062,441,223,88,418,490,2018-2019
297,Texas,37,21,16,0.568,16.06,11.46,8,10,15,6,2,8,2628,2458,1495,929,2146,0.433,325,934,0.348,445,637,0.699,358,1264,486,227,152,401,627,2018-2019
298,Texas A&M,32,14,18,0.438,7.21,8.59,6,12,9,8,3,7,2253,2297,1280,806,1842,0.438,204,663,0.308,437,631,0.693,372,1195,376,215,142,444,521,2018-2019
299,Texas A&M-Corpus Christi,32,14,18,0.438,-9.11,-5.68,9,9,9,7,5,9,2126,2124,1290,774,1803,0.429,202,621,0.325,376,541,0.695,349,1158,423,197,90,456,610,2018-2019
300,Texas Southern,38,24,14,0.632,-5.55,-6.99,14,4,10,2,13,11,3102,3008,1550,1083,2379,0.455,276,852,0.324,660,988,0.668,467,1503,591,309,114,589,679,2018-2019
301,Texas State,34,24,10,0.706,1.54,-3,12,6,11,4,10,5,2470,2204,1370,876,1971,0.444,244,744,0.328,474,694,0.683,409,1291,493,234,84,455,667,2018-2019
302,Texas Tech,38,31,7,0.816,22.79,9.53,14,4,17,1,6,3,2765,2261,1530,990,2110,0.469,277,759,0.365,508,694,0.732,315,1297,518,278,186,457,663,2018-2019
303,Texas-Rio Grande Valley,37,20,17,0.541,-2.04,-1.61,9,7,11,9,8,7,2634,2623,1490,895,2139,0.418,203,636,0.319,641,923,0.694,358,1215,503,345,105,471,763,2018-2019
304,The Citadel,30,12,18,0.4,-7.94,0.03,4,14,8,7,4,10,2553,2584,1210,899,2011,0.447,370,1076,0.344,385,523,0.736,322,1107,462,201,110,386,528,2018-2019
305,Toledo,33,25,8,0.758,8.21,0.71,13,5,14,2,8,5,2537,2256,1330,901,1990,0.453,325,859,0.378,410,531,0.772,327,1281,538,170,152,402,517,2018-2019
306,Towson,32,10,22,0.313,-8.44,-3.57,6,12,5,8,4,8,2170,2294,1310,810,1860,0.435,180,550,0.327,370,532,0.695,389,1184,319,154,94,390,561,2018-2019
307,Troy,30,12,18,0.4,-6.12,-1.01,5,13,8,8,4,10,2179,2242,1210,773,1719,0.45,236,704,0.335,397,550,0.722,277,1021,392,171,135,408,523,2018-2019
308,Tulane,31,4,27,0.129,-6.72,3.63,0,18,3,12,0,11,2082,2403,1240,733,1783,0.411,213,670,0.318,403,585,0.689,298,1131,444,147,109,467,535,2018-2019
309,Tulsa,32,18,14,0.563,4.65,3.86,8,10,14,3,3,8,2296,2271,1290,776,1732,0.448,222,652,0.34,522,751,0.695,239,1119,430,176,76,404,529,2018-2019
310,UAB,35,20,15,0.571,0.36,-1.52,10,8,11,5,6,6,2470,2370,1410,906,2003,0.452,234,694,0.337,424,630,0.673,367,1279,401,218,82,399,578,2018-2019
311,UC Davis,31,11,20,0.355,-6.26,-1.5,7,9,7,6,3,12,2038,2128,1260,735,1673,0.439,203,619,0.328,365,515,0.709,218,929,375,196,71,412,596,2018-2019
312,UC Irvine,37,31,6,0.838,5.7,-2.3,15,1,12,2,13,2,2675,2353,1500,987,2159,0.457,252,701,0.359,449,640,0.702,429,1471,479,210,153,441,673,2018-2019
313,UC Riverside,33,10,23,0.303,-11.12,-3.19,4,12,7,7,2,14,2153,2279,1325,792,1787,0.443,279,743,0.376,290,424,0.684,286,1051,425,164,60,425,562,2018-2019
314,UC Santa Barbara,32,22,10,0.688,-1.62,-5.55,10,6,12,3,7,6,2350,2114,1290,825,1819,0.454,204,594,0.343,496,693,0.716,379,1204,431,159,106,355,558,2018-2019
315,UCF,33,24,9,0.727,13.37,5.58,13,5,15,2,5,5,2385,2128,1325,819,1763,0.465,229,628,0.365,518,798,0.649,315,1215,439,189,150,393,554,2018-2019
316,UCLA,33,17,16,0.515,7.17,6.78,9,9,13,5,3,7,2580,2567,1335,919,2012,0.457,256,721,0.355,486,768,0.633,380,1361,472,194,136,467,563,2018-2019
317,UNC Asheville,31,4,27,0.129,-19.81,-2.35,2,14,3,10,1,15,1857,2313,1245,655,1627,0.403,223,687,0.325,324,437,0.741,298,931,331,196,86,456,533,2018-2019
318,UNC Greensboro,36,29,7,0.806,4.08,-0.9,15,3,15,2,11,4,2738,2443,1445,997,2184,0.457,280,818,0.342,464,666,0.697,399,1251,453,315,140,423,631,2018-2019
319,UNC Wilmington,33,10,23,0.303,-8.1,-2.04,5,13,5,9,2,12,2515,2670,1335,880,1986,0.443,260,744,0.349,493,673,0.733,387,1221,495,150,68,436,585,2018-2019
320,UT Arlington,33,17,16,0.515,-0.5,0.84,12,6,9,5,7,10,2284,2303,1345,781,1908,0.409,234,773,0.303,488,659,0.741,372,1235,421,211,97,467,630,2018-2019
321,Utah,31,17,14,0.548,6.13,5.1,11,7,10,5,6,5,2343,2311,1245,805,1735,0.464,298,806,0.37,435,616,0.706,317,1096,440,144,80,409,548,2018-2019
322,Utah State,35,28,7,0.8,11.98,0.89,15,3,14,1,9,4,2753,2349,1410,959,2038,0.471,274,772,0.355,559,747,0.748,377,1405,598,215,147,449,649,2018-2019
323,Utah Valley,35,25,10,0.714,3,-2.3,12,4,14,1,8,8,2697,2474,1400,930,1929,0.482,283,740,0.382,554,764,0.725,318,1271,484,201,89,487,612,2018-2019
324,UTEP,29,8,21,0.276,-8.23,-1.71,3,15,8,8,0,13,1859,2001,1170,639,1592,0.401,199,620,0.321,382,578,0.661,285,1070,307,135,84,466,551,2018-2019
325,UTSA,32,17,15,0.531,0.69,0.05,11,7,11,4,5,7,2481,2407,1295,896,2068,0.433,294,855,0.344,395,536,0.737,323,1216,420,213,82,402,581,2018-2019
326,Valparaiso,33,15,18,0.455,-3.38,-1,7,11,8,7,5,8,2205,2187,1335,802,1783,0.45,185,585,0.316,416,595,0.699,294,1115,431,202,101,439,546,2018-2019
327,Vanderbilt,32,9,23,0.281,3.57,7.79,0,18,8,10,1,10,2180,2315,1285,736,1750,0.421,230,739,0.311,478,710,0.673,325,1139,371,154,126,454,568,2018-2019
328,Vermont,34,27,7,0.794,4.88,-4.18,14,2,16,2,11,4,2508,2143,1370,864,1887,0.458,273,761,0.359,507,678,0.748,304,1194,399,188,136,377,568,2018-2019
329,Villanova,36,26,10,0.722,14.33,7.97,13,5,13,2,5,7,2654,2425,1455,884,2019,0.438,380,1081,0.352,506,695,0.728,368,1253,503,194,106,388,580,2018-2019
330,Virginia,38,35,3,0.921,25.46,10.15,16,2,15,1,10,1,2714,2132,1535,974,2056,0.474,321,813,0.395,445,598,0.744,342,1326,544,211,149,342,542,2018-2019
331,Virginia Commonwealth,33,25,8,0.758,11.96,2.87,16,2,16,1,8,4,2344,2044,1330,820,1872,0.438,235,771,0.305,469,669,0.701,358,1208,450,263,148,458,650,2018-2019
332,VMI,32,11,21,0.344,-10.5,0.09,4,14,8,7,2,13,2433,2617,1290,843,1974,0.427,323,899,0.359,424,581,0.73,280,1110,442,217,61,390,541,2018-2019
333,Virginia Tech,35,26,9,0.743,19.28,7.79,12,6,14,2,5,5,2574,2172,1410,893,1900,0.47,327,831,0.394,461,606,0.761,310,1142,531,236,78,392,532,2018-2019
334,Wagner,30,13,17,0.433,-12.99,-7.63,8,10,7,7,6,10,1974,2044,1205,655,1696,0.386,236,773,0.305,428,575,0.744,378,1095,351,184,108,414,639,2018-2019
335,Wake Forest,31,11,20,0.355,1.21,8.47,4,14,8,8,1,10,2119,2344,1250,714,1812,0.394,197,640,0.308,494,681,0.725,399,1174,329,150,77,417,555,2018-2019
336,Washington,36,27,9,0.75,12.01,7.01,15,3,15,1,7,4,2511,2331,1445,883,1956,0.451,273,780,0.35,472,679,0.695,334,1129,419,323,206,479,653,2018-2019
337,Washington State,32,11,21,0.344,-1.67,2.2,4,14,9,7,2,8,2393,2517,1280,833,1861,0.448,301,828,0.364,426,564,0.755,276,1076,478,169,89,440,554,2018-2019
338,Weber State,33,18,15,0.545,-4.37,-6.12,11,9,10,5,5,7,2617,2454,1330,920,1934,0.476,249,684,0.364,528,708,0.746,220,1177,383,179,140,382,609,2018-2019
339,West Virginia,36,15,21,0.417,6.94,10.57,4,14,11,7,0,10,2655,2786,1460,901,2181,0.413,269,852,0.316,584,849,0.688,519,1425,488,223,126,557,707,2018-2019
340,Western Carolina,32,7,25,0.219,-9.28,0.34,4,14,4,8,3,14,2304,2563,1295,792,1744,0.454,296,800,0.37,424,628,0.675,303,1135,389,135,53,577,671,2018-2019
341,Western Illinois,31,10,21,0.323,-10.04,-5.18,4,12,7,6,2,14,2198,2272,1245,818,1860,0.44,241,626,0.385,321,440,0.73,254,1100,319,165,132,353,487,2018-2019
342,Western Kentucky,34,20,14,0.588,3.14,0.96,11,7,10,4,6,8,2429,2355,1380,853,1910,0.447,199,608,0.327,524,724,0.724,338,1256,417,235,174,466,528,2018-2019
343,Western Michigan,32,8,24,0.25,-6.26,1.48,2,16,5,9,2,14,2246,2439,1300,774,1822,0.425,228,723,0.315,470,680,0.691,345,1197,374,147,78,490,564,2018-2019
344,Wichita State,37,22,15,0.595,7.72,5.91,10,8,10,4,7,7,2609,2542,1485,929,2277,0.408,276,890,0.31,475,655,0.725,452,1417,499,174,135,446,705,2018-2019
345,William & Mary,31,14,17,0.452,-4.78,-2.08,10,8,9,5,5,11,2321,2385,1265,841,1773,0.474,254,735,0.346,385,576,0.668,251,1057,529,158,146,390,516,2018-2019
346,Winthrop,30,18,12,0.6,-2.89,-3.74,10,6,11,3,7,8,2499,2358,1210,855,1878,0.455,372,997,0.373,417,565,0.738,330,1232,460,134,83,456,535,2018-2019
347,Wisconsin,34,23,11,0.676,17.9,11.01,14,6,12,3,8,5,2333,2099,1385,874,1945,0.449,241,672,0.359,344,531,0.648,283,1197,430,177,140,327,511,2018-2019
348,Wofford,35,30,5,0.857,13.92,0.8,18,0,15,1,11,3,2879,2295,1410,1044,2132,0.49,385,929,0.414,406,577,0.704,365,1232,528,233,105,377,589,2018-2019
349,Wright State,35,21,14,0.6,3.29,-0.89,13,5,15,2,5,8,2561,2365,1405,885,2028,0.436,281,818,0.344,510,692,0.737,382,1229,484,214,72,402,545,2018-2019
350,Wyoming,32,8,24,0.25,-9.75,0.19,4,14,6,10,1,11,2105,2411,1285,690,1656,0.417,248,720,0.344,477,660,0.723,167,983,331,176,88,450,588,2018-2019
351,Xavier,35,19,16,0.543,9.61,8.06,9,9,13,5,4,8,2526,2472,1420,922,1977,0.466,245,740,0.331,437,644,0.679,371,1281,519,190,128,450,550,2018-2019
352,Yale,30,22,8,0.733,5.52,-1.24,10,4,11,2,8,5,2427,2202,1215,893,1812,0.493,230,634,0.363,411,557,0.738,259,1157,503,177,131,392,510,2018-2019
353,Youngstown State,32,12,20,0.375,-7.78,-2.05,8,10,6,7,5,11,2415,2526,1305,879,2057,0.427,303,891,0.34,354,505,0.701,418,1207,449,210,115,423,656,2018-2019
1,Abilene Christian,31,20,11,0.645,-2.87,-6.87,15,5,13,3,7,8,2352,2024,1260,814,1813,0.449,209,676,0.309,515,695,0.741,337,1042,461,293,81,436,661,2019-2020
2,Air Force,32,12,20,0.375,-0.37,3.02,5,13,8,7,3,9,2338,2386,1280,802,1759,0.456,275,734,0.375,459,628,0.731,237,1040,469,161,43,395,534,2019-2020
3,Akron,31,24,7,0.774,7.15,-0.4,14,4,15,2,8,4,2348,2062,1240,788,1789,0.44,287,795,0.361,485,628,0.772,302,1169,405,158,91,397,548,2019-2020
4,Alabama,31,16,15,0.516,11.12,8.12,8,10,10,5,4,8,2542,2449,1260,854,1956,0.437,334,957,0.349,500,721,0.693,361,1220,441,196,136,461,622,2019-2020
5,Alabama A&M,30,8,22,0.267,-18.88,-8.85,5,13,6,5,2,16,1845,2146,1205,656,1727,0.38,154,548,0.281,379,565,0.671,286,1035,326,174,63,391,538,2019-2020
6,Alabama State,32,8,24,0.25,-16.15,-6.53,7,11,4,5,2,16,1965,2273,1280,683,1763,0.387,208,687,0.303,391,629,0.622,295,1031,325,200,70,512,638,2019-2020
7,Albany (NY),32,14,18,0.438,-8.78,-5.91,7,9,7,7,5,11,2127,2190,1285,725,1768,0.41,255,774,0.329,422,600,0.703,259,1096,409,179,90,436,533,2019-2020
8,Alcorn State,30,15,15,0.5,-14.64,-9.64,11,7,11,2,4,13,2251,2196,1210,784,1836,0.427,268,733,0.366,415,558,0.744,330,1116,404,239,98,433,549,2019-2020
9,American,30,16,14,0.533,-4.37,-6.5,12,6,10,4,6,10,2149,2085,1205,796,1743,0.457,206,606,0.34,351,499,0.703,267,978,384,240,106,369,521,2019-2020
10,Appalachian State,33,18,15,0.545,-0.81,-0.01,11,9,10,5,7,9,2256,2222,1325,775,1800,0.431,212,699,0.303,494,741,0.667,323,1153,381,246,74,440,514,2019-2020
11,Arizona,32,21,11,0.656,19.49,8.4,10,8,13,4,4,6,2445,2090,1290,850,1905,0.446,233,661,0.352,512,699,0.732,349,1198,492,216,119,378,593,2019-2020
12,Arizona State,31,20,11,0.645,11.46,8.1,11,7,13,3,6,5,2288,2184,1240,816,1904,0.429,227,703,0.323,429,617,0.695,312,1115,345,249,104,408,577,2019-2020
13,Arkansas,32,20,12,0.625,13.46,7.27,7,11,14,4,4,8,2426,2228,1300,808,1825,0.443,243,728,0.334,567,776,0.731,239,1010,381,253,124,369,638,2019-2020
14,Arkansas State,32,16,16,0.5,-2.92,-0.72,8,12,10,7,6,9,2262,2301,1290,750,1718,0.437,184,545,0.338,578,814,0.71,316,1054,442,220,85,415,655,2019-2020
15,Arkansas-Pine Bluff,30,4,26,0.133,-21.65,-6.41,3,15,2,8,2,18,1615,2049,1205,588,1483,0.396,113,429,0.263,326,554,0.588,267,940,288,216,97,531,617,2019-2020
16,Army,30,15,15,0.5,-9.1,-6.68,10,8,9,6,6,9,2128,2161,1210,821,1742,0.471,215,645,0.333,271,441,0.615,201,1016,487,167,49,354,444,2019-2020
17,Auburn,31,25,6,0.806,15.04,7.39,12,6,16,1,5,5,2419,2182,1270,808,1868,0.433,252,824,0.306,551,818,0.674,421,1266,397,199,151,399,596,2019-2020
18,Austin Peay,33,21,12,0.636,-0.98,-4.14,14,4,14,0,5,10,2519,2359,1325,892,1943,0.459,223,644,0.346,512,715,0.716,390,1189,434,218,100,423,604,2019-2020
19,Ball State,31,18,13,0.581,4.12,-1.65,11,7,11,4,5,7,2155,1938,1240,749,1754,0.427,283,842,0.336,374,540,0.693,272,1119,417,206,105,413,496,2019-2020
20,Baylor,30,26,4,0.867,20.13,9.13,15,3,14,1,8,2,2134,1804,1205,763,1778,0.429,230,656,0.351,378,548,0.69,387,1106,413,244,132,357,509,2019-2020
21,Belmont,33,26,7,0.788,4.3,-6.23,15,3,13,1,11,5,2627,2241,1320,986,2074,0.475,320,908,0.352,335,470,0.713,290,1232,604,249,106,392,497,2019-2020
22,Bethune-Cookman,30,16,14,0.533,-10.16,-8.98,10,6,10,1,4,13,2239,2167,1215,782,1842,0.425,184,576,0.319,491,701,0.7,354,1175,362,217,89,465,591,2019-2020
23,Binghamton,29,10,19,0.345,-15.03,-4.62,4,12,7,7,3,12,2014,2221,1165,717,1750,0.41,278,839,0.331,302,417,0.724,278,1013,339,151,88,358,479,2019-2020
24,Boise State,32,20,12,0.625,8.59,4.39,11,7,13,2,4,8,2430,2223,1305,829,1853,0.447,269,781,0.344,503,670,0.751,285,1113,416,182,46,399,551,2019-2020
25,Boston College,32,13,19,0.406,1.82,7.86,7,13,8,10,4,8,2067,2260,1285,742,1844,0.402,230,747,0.308,353,536,0.659,301,1058,403,245,82,439,506,2019-2020
26,Boston University,34,21,13,0.618,-1.87,-5.3,12,6,12,3,9,8,2410,2269,1375,919,1998,0.46,224,687,0.326,348,540,0.644,343,1228,430,187,77,384,513,2019-2020
27,Bowling Green State,31,21,10,0.677,0.47,0.2,12,6,13,2,5,5,2310,2259,1250,822,1968,0.418,242,717,0.338,424,564,0.752,349,1238,380,169,71,343,545,2019-2020
28,Bradley,34,23,11,0.676,5.33,0.33,11,7,15,2,4,8,2438,2240,1370,872,1976,0.441,230,618,0.372,464,631,0.735,377,1310,457,163,138,400,562,2019-2020
29,Brigham Young,32,24,8,0.75,16.93,6.45,13,3,14,1,6,5,2548,2188,1295,949,1897,0.5,332,785,0.423,318,454,0.7,209,1061,554,186,67,353,513,2019-2020
30,Brown,27,15,12,0.556,-4.45,-1.72,8,6,10,4,5,8,1809,1854,1080,626,1576,0.397,183,600,0.305,374,512,0.73,332,1033,304,179,118,405,451,2019-2020
31,Bryant,32,15,17,0.469,-6.7,-6.67,7,11,9,5,6,12,2271,2223,1285,802,1932,0.415,269,837,0.321,398,588,0.677,389,1289,441,207,140,460,588,2019-2020
32,Bucknell,34,14,20,0.412,-7.73,-4.32,8,10,9,4,4,14,2299,2415,1360,820,1945,0.422,279,813,0.343,380,553,0.687,286,1101,410,243,117,451,632,2019-2020
33,Buffalo,32,20,12,0.625,1.8,0.06,11,7,10,7,7,4,2516,2425,1290,927,2139,0.433,261,809,0.323,401,598,0.671,463,1343,473,249,147,437,600,2019-2020
34,Butler,31,22,9,0.71,15.56,9.14,10,8,14,3,5,6,2125,1926,1245,776,1687,0.46,212,621,0.341,361,496,0.728,280,1079,395,165,82,349,519,2019-2020
35,Cal Poly,30,7,23,0.233,-10,-0.42,4,12,7,6,0,15,2027,2248,1235,710,1685,0.421,200,573,0.349,407,587,0.693,244,977,312,192,74,409,629,2019-2020
36,Cal State Bakersfield,31,12,19,0.387,-7.11,-3.26,6,10,9,7,3,12,2109,2097,1265,785,1803,0.435,154,491,0.314,385,563,0.684,398,1155,363,194,94,422,662,2019-2020
37,Cal State Fullerton,31,11,20,0.355,-6.79,-1.38,6,10,6,8,4,11,2127,2213,1265,750,1735,0.432,194,586,0.331,433,644,0.672,250,1040,358,158,93,406,574,2019-2020
38,Cal State Northridge,32,15,17,0.469,-6.37,-0.97,10,6,10,4,5,12,2435,2528,1280,877,1925,0.456,243,652,0.373,438,603,0.726,290,1068,449,181,101,363,554,2019-2020
39,California,32,14,18,0.438,3.2,9.05,7,11,12,5,1,10,2023,2210,1295,708,1681,0.421,160,477,0.335,447,606,0.738,258,1044,294,129,80,409,601,2019-2020
40,California Baptist,31,21,10,0.677,-1.99,-6.66,10,6,15,5,6,5,2465,2170,1255,826,1868,0.442,306,806,0.38,507,645,0.786,360,1270,445,129,108,396,571,2019-2020
41,Campbell,31,15,16,0.484,-8.51,-8.1,6,12,8,5,6,10,2130,2065,1245,781,1700,0.459,247,706,0.35,321,439,0.731,217,949,462,223,91,398,545,2019-2020
42,Canisius,32,12,20,0.375,-7.6,-5.44,7,13,7,6,4,12,2196,2265,1280,806,1861,0.433,193,639,0.302,391,562,0.696,328,1071,452,227,80,458,603,2019-2020
43,Central Arkansas,31,10,21,0.323,-11.26,-2.7,9,11,8,4,2,16,2316,2553,1270,777,1842,0.422,231,745,0.31,531,741,0.717,329,1186,451,164,159,549,637,2019-2020
44,Central Connecticut State,31,4,27,0.129,-20.33,-4.63,3,15,4,9,0,16,1959,2396,1240,705,1772,0.398,200,560,0.357,349,516,0.676,263,989,313,199,105,440,581,2019-2020
45,Central Michigan,32,14,18,0.438,-3.4,-0.26,7,11,12,4,2,14,2506,2454,1285,876,2037,0.43,247,763,0.324,507,680,0.746,349,1153,371,292,80,406,522,2019-2020
46,Charleston Southern,32,14,18,0.438,-13.14,-6.98,7,11,9,6,5,11,2203,2304,1295,792,1856,0.427,258,795,0.325,361,487,0.741,260,1029,424,190,82,404,493,2019-2020
47,Charlotte,29,16,13,0.552,0.46,-1.09,10,8,13,2,3,11,1922,1877,1175,671,1480,0.453,185,544,0.34,395,562,0.703,188,904,351,221,99,402,443,2019-2020
48,Chattanooga,33,20,13,0.606,0.39,-1.9,10,8,10,4,7,8,2410,2261,1325,868,1907,0.455,281,787,0.357,393,552,0.712,301,1162,456,158,49,395,506,2019-2020
49,Chicago State,29,4,25,0.138,-28.2,-2.85,0,14,3,11,1,12,1781,2372,1160,596,1446,0.412,162,507,0.32,427,592,0.721,207,848,300,144,73,513,593,2019-2020
50,Cincinnati,30,20,10,0.667,12.33,6.73,13,5,13,2,5,6,2182,2014,1240,763,1713,0.445,197,618,0.319,459,678,0.677,329,1131,437,196,146,432,540,2019-2020
51,Clemson,31,16,15,0.516,10.26,7.88,9,11,11,6,3,8,2062,1988,1255,735,1717,0.428,251,797,0.315,341,497,0.686,248,1045,401,211,74,386,472,2019-2020
52,Cleveland State,32,11,21,0.344,-11.16,-2.45,7,11,6,8,3,13,2053,2298,1290,738,1772,0.416,120,408,0.294,457,688,0.664,370,1120,379,246,84,487,648,2019-2020
53,Coastal Carolina,33,16,17,0.485,-0.83,-0.31,8,12,9,9,7,7,2573,2518,1320,915,2030,0.451,242,719,0.337,501,700,0.716,440,1329,446,248,92,530,727,2019-2020
54,Colgate,34,25,9,0.735,1.47,-5.63,14,4,15,2,9,7,2588,2315,1365,932,2079,0.448,342,957,0.357,382,511,0.748,341,1246,491,206,98,370,514,2019-2020
55,College of Charleston,31,17,14,0.548,0.53,-0.84,11,7,10,5,6,6,2176,2109,1240,755,1717,0.44,237,683,0.347,429,564,0.761,238,1006,337,207,78,334,523,2019-2020
56,Colorado,32,21,11,0.656,14.91,8.31,10,8,13,3,4,7,2268,2057,1290,777,1778,0.437,241,687,0.351,473,643,0.736,322,1179,422,183,98,422,470,2019-2020
57,Colorado State,32,20,12,0.625,6.7,3.96,11,7,12,4,5,6,2417,2307,1300,841,1793,0.469,258,705,0.366,475,700,0.679,284,1143,497,209,64,418,489,2019-2020
58,Columbia,30,6,24,0.2,-10.19,-2.5,1,13,5,7,0,16,1988,2181,1215,744,1819,0.409,202,671,0.301,298,408,0.73,228,1031,328,164,93,337,465,2019-2020
59,Connecticut,31,19,12,0.613,11.15,5.34,10,8,14,3,3,7,2258,2078,1280,782,1862,0.42,216,667,0.324,478,644,0.742,393,1174,400,220,185,439,577,2019-2020
60,Coppin State,31,11,20,0.355,-14.36,-8.27,7,9,5,5,6,15,2109,2298,1250,736,1872,0.393,247,879,0.281,390,613,0.636,291,1181,315,209,94,445,546,2019-2020
61,Cornell,27,7,20,0.259,-8.37,-1.85,4,10,6,6,1,14,1818,1912,1095,669,1519,0.44,194,597,0.325,286,409,0.699,226,866,380,182,78,313,460,2019-2020
62,Creighton,31,24,7,0.774,17.24,9.61,13,5,17,1,6,5,2428,2162,1245,866,1839,0.471,302,783,0.386,394,533,0.739,246,1079,489,203,79,337,472,2019-2020
63,Dartmouth,29,12,17,0.414,-4.17,-3.2,5,9,6,6,5,10,1894,1872,1170,700,1582,0.442,201,629,0.32,293,433,0.677,195,1015,364,134,74,354,483,2019-2020
64,Davidson,30,16,14,0.533,8.85,3.62,10,8,11,1,4,9,2182,2025,1230,755,1667,0.453,272,741,0.367,400,525,0.762,239,992,422,164,80,331,482,2019-2020
65,Dayton,31,29,2,0.935,19.17,3.69,18,0,17,0,9,0,2480,2000,1255,905,1725,0.525,249,672,0.371,421,585,0.72,242,1085,546,176,109,377,529,2019-2020
66,Delaware,33,22,11,0.667,-1.53,-3.84,11,7,10,3,7,6,2452,2332,1325,881,1833,0.481,251,705,0.356,439,579,0.758,252,1107,431,180,109,423,544,2019-2020
67,Delaware State,32,6,26,0.188,-20.87,-9.54,4,12,3,11,2,13,2350,2655,1290,824,2004,0.411,249,791,0.315,453,661,0.685,335,1142,334,220,71,488,663,2019-2020
68,Denver,31,7,24,0.226,-10.06,-1.99,3,13,6,8,0,14,2135,2360,1250,770,1734,0.444,162,504,0.321,433,628,0.689,221,1037,347,182,71,428,627,2019-2020
69,DePaul,32,16,16,0.5,7.63,8.95,3,15,11,7,4,9,2262,2274,1290,832,1906,0.437,181,579,0.313,417,634,0.658,371,1191,434,257,159,469,611,2019-2020
70,Detroit Mercy,31,8,23,0.258,-9.87,-1.9,6,12,5,8,2,14,2175,2422,1245,724,1850,0.391,263,815,0.323,464,593,0.782,360,1118,322,179,94,421,520,2019-2020
71,Drake,34,20,14,0.588,0.43,0.61,8,10,14,2,2,10,2359,2302,1365,854,1864,0.458,245,711,0.345,406,569,0.714,255,1149,507,187,132,438,566,2019-2020
72,Drexel,33,14,19,0.424,-5.38,-2.2,6,12,10,5,1,13,2254,2323,1325,821,1860,0.441,241,690,0.349,371,530,0.7,344,1162,475,186,93,481,538,2019-2020
73,Duke,31,25,6,0.806,22.55,8,15,5,15,2,7,4,2558,2107,1260,920,1957,0.47,217,617,0.352,501,696,0.72,394,1244,479,258,188,409,557,2019-2020
74,Duquesne,30,21,9,0.7,6.77,1.67,11,7,10,4,6,3,2146,1993,1215,758,1711,0.443,235,738,0.318,395,562,0.703,300,1038,428,207,161,378,463,2019-2020
75,East Carolina,31,11,20,0.355,-2.27,1.82,5,13,9,7,1,11,2111,2238,1250,741,1759,0.421,162,577,0.281,467,647,0.722,297,1095,424,202,93,426,642,2019-2020
76,East Tennessee State,34,30,4,0.882,7.63,-1.82,16,2,16,1,11,3,2593,2146,1360,919,1936,0.475,260,752,0.346,495,713,0.694,370,1206,471,278,121,412,598,2019-2020
77,Eastern Illinois,32,17,15,0.531,-5.08,-7.41,9,9,10,2,5,11,2377,2214,1290,890,1944,0.458,215,629,0.342,382,579,0.66,342,1169,449,245,141,402,526,2019-2020
78,Eastern Kentucky,33,16,17,0.485,-9.17,-4.46,12,6,10,4,5,10,2464,2488,1320,857,2084,0.411,268,835,0.321,482,664,0.726,334,1113,397,307,70,461,602,2019-2020
79,Eastern Michigan,32,16,16,0.5,-3.12,0.95,6,12,11,4,3,12,2078,2050,1280,725,1703,0.426,180,643,0.28,448,714,0.627,313,1085,311,314,105,458,544,2019-2020
80,Eastern Washington,31,23,8,0.742,2.01,-1.81,16,4,13,2,10,6,2509,2259,1250,913,1986,0.46,288,826,0.349,395,569,0.694,328,1186,544,221,112,398,578,2019-2020
81,Elon,34,13,21,0.382,-7.81,-2.03,7,11,8,8,3,12,2337,2438,1365,805,1932,0.417,346,952,0.363,381,518,0.736,282,1108,453,160,64,392,660,2019-2020
82,Evansville,32,9,23,0.281,-7.04,0.61,0,18,5,10,3,10,2149,2368,1310,746,1769,0.422,241,750,0.321,416,570,0.73,224,1005,392,152,74,406,534,2019-2020
83,Fairfield,32,12,20,0.375,-9.65,-4.81,8,12,5,8,6,9,1857,2012,1300,651,1669,0.39,138,486,0.284,417,600,0.695,327,1099,276,164,88,440,524,2019-2020
84,FDU,30,11,19,0.367,-9.94,-5.87,9,9,7,5,4,14,2167,2236,1210,787,1740,0.452,222,622,0.357,371,513,0.723,273,1007,356,191,99,389,489,2019-2020
85,Florida,31,19,12,0.613,14.94,9.1,11,7,11,4,4,7,2228,2047,1250,791,1729,0.457,221,636,0.347,425,588,0.723,313,1080,368,178,121,369,528,2019-2020
86,Florida A&M,27,12,15,0.444,-12.17,-6.24,10,6,8,0,4,13,1824,1984,1105,664,1582,0.42,107,377,0.284,389,613,0.635,323,944,272,202,51,415,519,2019-2020
87,Florida Atlantic,32,17,15,0.531,-1.66,-1.25,8,10,14,3,2,12,2275,2222,1295,822,1928,0.426,266,813,0.327,365,519,0.703,341,1169,391,234,66,427,542,2019-2020
88,Florida Gulf Coast,32,10,22,0.313,-10.26,-4.3,7,9,6,10,4,12,1979,2122,1295,731,1782,0.41,233,741,0.314,284,412,0.689,314,1095,408,195,140,495,508,2019-2020
89,Florida International,32,19,13,0.594,0.9,-1,9,9,11,3,6,9,2455,2319,1285,898,1968,0.456,286,819,0.349,373,574,0.65,347,1141,469,280,206,482,553,2019-2020
90,Florida State,31,26,5,0.839,17.28,7.64,16,4,16,0,7,5,2336,2037,1250,844,1848,0.457,230,655,0.351,418,557,0.75,350,1099,409,273,162,410,542,2019-2020
91,Fordham,31,9,22,0.29,-3.58,-0.45,2,16,6,12,1,8,1816,1913,1255,646,1683,0.384,223,702,0.318,301,455,0.662,236,1021,351,219,80,385,535,2019-2020
92,Fresno State,30,11,19,0.367,2.08,3.39,7,11,7,7,4,10,2075,2068,1225,713,1704,0.418,284,835,0.34,365,519,0.703,329,1112,372,147,113,383,496,2019-2020
93,Furman,32,25,7,0.781,6.79,-1.55,15,3,14,1,10,5,2457,2123,1290,881,1857,0.474,302,859,0.352,393,561,0.701,249,1010,475,264,90,366,495,2019-2020
94,Gardner-Webb,32,16,16,0.5,-5.56,-5.83,11,7,7,5,6,10,2318,2272,1315,810,1809,0.448,254,706,0.36,444,640,0.694,299,1118,438,201,150,399,520,2019-2020
95,George Mason,32,17,15,0.531,0.86,1.48,5,13,10,7,3,8,2148,2168,1285,765,1805,0.424,189,622,0.304,429,621,0.691,380,1192,349,194,149,435,537,2019-2020
96,George Washington,32,12,20,0.375,-3.99,0.92,6,12,7,9,3,9,2086,2243,1300,728,1726,0.422,235,733,0.321,395,566,0.698,249,1057,380,172,130,420,532,2019-2020
97,Georgetown,32,15,17,0.469,10.38,9.6,5,13,10,8,4,7,2389,2364,1280,840,1921,0.437,206,595,0.346,503,652,0.771,375,1222,479,200,130,433,511,2019-2020
98,Georgia,32,16,16,0.5,8.28,8.06,5,13,12,5,3,9,2428,2418,1300,875,1941,0.451,223,743,0.3,455,648,0.702,376,1208,431,228,104,471,604,2019-2020
99,Georgia Southern,33,20,13,0.606,1.69,-0.83,12,8,11,4,8,8,2494,2332,1320,874,1979,0.442,260,792,0.328,486,721,0.674,325,1175,407,260,127,428,542,2019-2020
100,Georgia State,32,19,13,0.594,3.09,0.13,12,8,12,3,6,10,2499,2311,1290,879,2005,0.438,278,767,0.362,463,626,0.74,371,1179,467,251,135,452,684,2019-2020
101,Georgia Tech,31,17,14,0.548,10.49,9.19,11,9,10,6,6,7,2126,2059,1250,781,1727,0.452,161,516,0.312,403,595,0.677,299,1121,425,220,142,502,591,2019-2020
102,Gonzaga,33,31,2,0.939,22.7,3.13,15,1,17,0,10,1,2885,2239,1325,1048,2035,0.515,246,637,0.386,543,789,0.688,375,1324,550,243,127,368,484,2019-2020
103,Grambling,32,17,15,0.531,-12.39,-9.79,11,7,11,2,6,12,2280,2188,1280,832,1837,0.453,155,506,0.306,461,676,0.682,329,1145,412,239,128,456,589,2019-2020
104,Grand Canyon,30,13,17,0.433,-6.32,-4.05,8,8,8,8,4,6,2116,2191,1210,740,1641,0.451,180,541,0.333,456,611,0.746,224,976,355,144,39,344,485,2019-2020
105,Green Bay,33,17,16,0.515,-4.8,-2.8,11,7,10,5,7,10,2694,2643,1335,968,2109,0.459,252,683,0.369,506,669,0.756,325,1200,534,228,102,411,634,2019-2020
106,Hampton,34,15,19,0.441,-12.02,-5.8,8,10,11,5,3,13,2635,2693,1370,924,2025,0.456,213,641,0.332,574,821,0.699,347,1248,497,171,128,397,650,2019-2020
107,Hartford,33,18,15,0.545,-6.79,-6.02,9,7,9,8,9,7,2201,2203,1325,773,1850,0.418,253,742,0.341,402,572,0.703,264,1121,428,241,78,444,575,2019-2020
108,Harvard,29,21,8,0.724,3.06,-1.55,10,4,11,1,9,4,2114,1928,1180,763,1680,0.454,209,635,0.329,379,541,0.701,305,1110,343,187,153,403,505,2019-2020
109,Hawaii,30,17,13,0.567,-1.27,-2.1,8,8,14,6,3,7,2057,2016,1205,731,1715,0.426,215,652,0.33,380,540,0.704,287,1009,403,164,63,392,527,2019-2020
110,High Point,32,9,23,0.281,-16.31,-5.34,6,12,6,9,3,14,2110,2396,1290,711,1751,0.406,198,619,0.32,490,701,0.699,360,1108,391,164,114,459,590,2019-2020
111,Hofstra,34,26,8,0.765,3.06,-3.85,14,4,10,4,11,4,2596,2326,1360,895,1991,0.45,282,753,0.375,524,669,0.783,352,1184,419,235,73,383,482,2019-2020
112,Holy Cross,32,3,29,0.094,-18.07,-4.26,2,16,2,12,0,16,2106,2537,1295,789,1829,0.431,219,689,0.318,309,461,0.67,280,1033,371,156,88,458,569,2019-2020
113,Houston,31,23,8,0.742,16.46,6.3,13,5,14,2,6,6,2241,1926,1245,788,1868,0.422,216,641,0.337,449,615,0.73,447,1286,400,161,151,369,608,2019-2020
114,Houston Christian,29,4,25,0.138,-17.41,-3.62,4,16,2,9,2,15,2323,2723,1165,798,1800,0.443,216,594,0.364,511,684,0.747,353,1046,370,164,64,487,586,2019-2020
115,Howard,33,4,29,0.121,-21.88,-7.98,1,15,2,13,1,14,2306,2682,1335,808,1922,0.42,247,718,0.344,443,637,0.695,320,1088,443,180,119,486,609,2019-2020
116,Idaho,32,8,24,0.25,-12.07,-2.1,4,16,5,10,2,12,2086,2329,1285,784,1780,0.44,156,463,0.337,362,536,0.675,261,1082,384,177,71,451,554,2019-2020
117,Idaho State,30,8,22,0.267,-8.62,-1.62,4,16,4,9,3,13,2093,2198,1215,760,1664,0.457,192,551,0.348,381,581,0.656,291,985,350,137,73,405,458,2019-2020
118,Illinois,31,21,10,0.677,15.27,9.84,13,7,15,3,6,6,2239,2024,1245,811,1831,0.443,175,566,0.309,442,607,0.728,393,1224,411,151,89,375,497,2019-2020
119,Illinois State,31,10,21,0.323,-2.7,1.97,5,13,9,6,1,11,2050,2171,1245,740,1745,0.424,258,726,0.355,312,439,0.711,275,1037,373,179,77,446,529,2019-2020
120,Illinois-Chicago,35,18,17,0.514,-3.74,-3.8,10,8,11,7,5,9,2412,2407,1405,880,1984,0.444,252,747,0.337,400,584,0.685,333,1310,494,201,152,549,682,2019-2020
121,Incarnate Word,31,9,22,0.29,-18.57,-6.85,6,14,7,9,2,13,2050,2292,1260,726,1741,0.417,187,623,0.3,411,558,0.737,298,1000,382,224,80,474,585,2019-2020
122,Indiana,32,20,12,0.625,15.07,10.35,9,11,15,4,2,8,2286,2135,1285,812,1825,0.445,176,540,0.326,486,716,0.679,361,1210,414,179,140,403,549,2019-2020
123,Indiana State,30,18,12,0.6,3.22,1.81,11,7,12,1,4,8,2052,2004,1205,731,1617,0.452,209,555,0.377,381,532,0.716,227,957,377,165,102,343,509,2019-2020
124,Iona,29,12,17,0.414,-6.23,-5.37,9,11,5,6,4,9,2030,2055,1175,697,1586,0.439,224,673,0.333,412,535,0.77,231,971,382,199,108,413,540,2019-2020
125,Iowa,31,20,11,0.645,16.07,10.62,11,9,14,2,4,7,2410,2241,1240,842,1868,0.451,244,703,0.347,482,643,0.75,356,1162,538,191,120,375,496,2019-2020
126,Iowa State,32,12,20,0.375,9.1,10.07,5,13,11,6,0,11,2304,2335,1285,836,1905,0.439,227,718,0.316,405,543,0.746,327,1097,443,238,135,425,517,2019-2020
127,IU Indy,32,7,25,0.219,-14.89,-3.39,3,15,4,9,3,14,2256,2564,1290,803,1945,0.413,254,753,0.337,396,614,0.645,363,1140,431,207,79,445,571,2019-2020
128,Jackson State,32,15,17,0.469,-10.91,-8.61,11,7,9,3,6,14,2153,2157,1280,787,1855,0.424,143,541,0.264,436,649,0.672,298,1036,362,260,117,410,627,2019-2020
129,Jacksonville,32,14,18,0.438,-6.5,-5.63,7,9,6,7,7,9,2139,2133,1295,778,1813,0.429,205,643,0.319,378,564,0.67,327,1217,356,161,91,440,498,2019-2020
130,Jacksonville State,32,13,19,0.406,-8.29,-6.36,8,10,8,6,4,11,2294,2218,1285,844,1893,0.446,226,680,0.332,380,550,0.691,354,1165,439,202,82,452,505,2019-2020
131,James Madison,30,9,21,0.3,-9.23,-2.78,2,16,6,9,3,11,2157,2296,1200,750,1787,0.42,231,721,0.32,426,652,0.653,303,1128,368,187,87,373,523,2019-2020
132,Kansas,31,28,3,0.903,24.96,11.63,17,1,14,1,11,1,2312,1882,1245,851,1758,0.484,199,578,0.344,411,616,0.667,333,1196,432,237,145,396,454,2019-2020
133,Kansas City,30,16,14,0.533,-6.07,-3.62,8,7,9,4,5,8,2094,1976,1225,771,1684,0.458,214,596,0.359,338,494,0.684,261,936,396,242,94,390,640,2019-2020
134,Kansas State,32,11,21,0.344,8.7,9.48,3,15,9,7,1,10,2054,2079,1285,721,1742,0.414,213,681,0.313,399,604,0.661,331,1050,397,277,78,459,611,2019-2020
135,Kennesaw State,29,1,28,0.034,-22.6,-2.63,0,16,1,10,0,16,1602,2181,1160,560,1580,0.354,121,488,0.248,361,513,0.704,280,932,235,146,57,427,489,2019-2020
136,Kent State,32,20,12,0.625,3.68,-0.72,9,9,14,3,5,7,2442,2241,1300,886,1952,0.454,268,791,0.339,402,553,0.727,345,1157,445,218,132,407,596,2019-2020
137,Kentucky,31,25,6,0.806,15.78,7.46,15,3,16,2,8,2,2307,2049,1250,795,1723,0.461,157,458,0.343,560,703,0.797,300,1136,415,162,153,387,568,2019-2020
138,La Salle,30,15,15,0.5,-0.23,1.71,6,12,8,7,4,8,2040,2098,1215,711,1718,0.414,240,714,0.336,378,568,0.665,311,1048,391,241,93,440,586,2019-2020
139,Lafayette,31,19,12,0.613,-5.91,-5.94,10,8,9,5,10,7,2174,2133,1240,798,1765,0.452,265,774,0.342,313,422,0.742,238,1079,473,147,138,375,442,2019-2020
140,Lamar,32,17,15,0.531,-7.24,-6.45,10,10,10,5,6,10,2312,2227,1290,831,1903,0.437,189,572,0.33,461,654,0.705,360,1138,427,284,146,467,531,2019-2020
141,Lehigh,32,11,21,0.344,-10.93,-3.9,7,11,8,6,3,15,2184,2339,1290,826,1846,0.447,180,538,0.335,352,480,0.733,282,1110,404,174,77,442,564,2019-2020
142,Liberty,34,30,4,0.882,5.15,-7.26,13,3,17,0,7,4,2332,1830,1360,841,1755,0.479,260,711,0.366,390,547,0.713,250,1131,446,192,95,318,456,2019-2020
143,Lipscomb,32,16,16,0.5,-7.08,-4.45,9,7,9,5,7,11,2255,2261,1285,834,1849,0.451,218,640,0.341,369,533,0.692,299,1129,423,172,83,410,488,2019-2020
144,Little Rock,31,21,10,0.677,2.27,-1.07,15,5,13,2,8,8,2270,2152,1240,777,1653,0.47,188,543,0.346,528,744,0.71,307,1096,462,214,113,479,577,2019-2020
145,Long Beach State,32,11,21,0.344,-8.72,1.08,6,10,8,6,2,13,2157,2404,1290,772,1789,0.432,187,533,0.351,426,609,0.7,281,1092,354,189,132,515,565,2019-2020
146,Long Island University,33,15,18,0.455,-8.38,-6.16,9,9,8,6,6,11,2504,2534,1340,867,1966,0.441,312,906,0.344,458,641,0.715,255,1125,471,223,111,461,562,2019-2020
147,Longwood,32,14,18,0.438,-12.45,-9.31,9,9,8,6,6,11,2148,2195,1300,720,1781,0.404,293,857,0.342,415,592,0.701,272,1097,349,215,67,437,595,2019-2020
148,Louisiana,33,14,19,0.424,-4.6,-0.67,8,12,10,6,3,12,2416,2514,1325,825,1972,0.418,259,806,0.321,507,682,0.743,349,1161,378,198,103,464,584,2019-2020
149,Louisiana State,31,21,10,0.677,14.43,7.2,12,6,15,2,5,6,2495,2271,1250,886,1880,0.471,211,645,0.327,512,666,0.769,375,1230,398,195,121,390,495,2019-2020
150,Louisiana Tech,30,22,8,0.733,7.06,-1.48,13,5,15,1,7,7,2235,1910,1210,821,1763,0.466,251,704,0.357,342,512,0.668,314,1110,401,222,75,373,508,2019-2020
151,Louisiana-Monroe,29,9,20,0.31,-6.5,-0.16,5,15,7,8,2,12,1831,1956,1165,653,1556,0.42,180,539,0.334,345,506,0.682,260,979,336,130,96,394,488,2019-2020
152,Louisville,31,24,7,0.774,17.94,7.55,15,5,17,1,6,5,2296,1974,1250,810,1787,0.453,255,679,0.376,421,576,0.731,335,1197,433,157,83,376,524,2019-2020
153,Loyola (IL),32,21,11,0.656,5.7,0.54,13,5,14,2,5,6,2198,2007,1295,803,1616,0.497,185,504,0.367,407,626,0.65,200,963,457,252,51,411,443,2019-2020
154,Loyola (MD),32,15,17,0.469,-9.59,-7.23,7,11,9,4,5,13,2348,2394,1290,830,1784,0.465,212,663,0.32,476,747,0.637,281,1104,495,216,93,438,564,2019-2020
155,Loyola Marymount,32,11,21,0.344,-1.09,3.88,4,12,7,9,2,9,2057,2168,1285,751,1616,0.465,173,560,0.309,382,561,0.681,252,960,372,187,67,449,606,2019-2020
156,Maine,31,9,22,0.29,-11.88,-3.71,5,11,5,7,3,15,1904,2109,1250,689,1693,0.407,206,732,0.281,320,450,0.711,300,1062,428,215,107,466,547,2019-2020
157,Manhattan,31,13,18,0.419,-8.42,-6.26,8,12,7,6,5,11,1924,1991,1250,676,1708,0.396,210,679,0.309,362,583,0.621,343,1070,392,218,123,432,634,2019-2020
158,Marist,30,7,23,0.233,-12.22,-7.08,6,14,4,10,3,12,1816,1970,1225,639,1634,0.391,223,654,0.341,315,486,0.648,277,1010,315,204,88,420,553,2019-2020
159,Marquette,30,18,12,0.6,15.44,9.3,8,10,13,3,3,8,2333,2149,1220,759,1764,0.43,301,787,0.382,514,692,0.743,317,1195,406,154,127,410,572,2019-2020
160,Marshall,32,17,15,0.531,1.7,-0.05,10,8,10,6,5,9,2429,2339,1285,897,2028,0.442,245,783,0.313,390,588,0.663,347,1240,454,260,190,471,602,2019-2020
161,Maryland,31,24,7,0.774,17.82,10.5,14,6,16,1,5,6,2226,1999,1240,744,1774,0.419,238,765,0.311,500,669,0.747,348,1184,409,142,134,350,463,2019-2020
162,Maryland-Baltimore County,33,16,17,0.485,-8.08,-4.43,8,8,11,5,5,10,2255,2207,1325,816,1843,0.443,229,723,0.317,394,611,0.645,297,1136,407,178,79,416,532,2019-2020
163,Maryland-Eastern Shore,32,5,27,0.156,-22.03,-6.45,4,12,4,6,1,20,1841,2278,1290,676,1869,0.362,187,745,0.251,302,478,0.632,333,1095,354,246,102,475,579,2019-2020
164,Massachusetts,31,14,17,0.452,1.12,3.79,8,10,11,5,3,9,2124,2207,1250,758,1780,0.426,235,715,0.329,373,532,0.701,278,1006,412,211,99,407,566,2019-2020
165,Massachusetts-Lowell,32,13,19,0.406,-8.19,-5.35,7,9,8,9,5,10,2388,2433,1295,838,1830,0.458,222,655,0.339,490,688,0.712,301,1087,462,221,83,430,536,2019-2020
166,McNeese State,32,15,17,0.469,-9.11,-6.93,10,10,10,5,5,11,2540,2390,1290,911,1833,0.497,269,675,0.399,449,620,0.724,321,1153,522,211,124,509,534,2019-2020
167,Memphis,31,21,10,0.677,12.16,5.07,10,8,15,3,5,6,2232,2012,1250,775,1763,0.44,204,620,0.329,478,704,0.679,324,1240,438,242,184,510,607,2019-2020
168,Mercer,32,17,15,0.531,-3.13,-2.7,11,7,9,6,8,6,2294,2248,1280,847,1885,0.449,246,686,0.359,354,490,0.722,332,1172,461,211,83,463,601,2019-2020
169,Merrimack,31,20,11,0.645,-6.93,-6.53,14,4,10,2,9,8,1948,1866,1255,705,1682,0.419,247,728,0.339,291,427,0.681,243,890,397,308,92,368,536,2019-2020
170,Miami (FL),31,15,16,0.484,6.63,8.66,7,13,9,5,4,8,2207,2270,1270,796,1855,0.429,219,690,0.317,396,522,0.759,292,1069,310,183,119,374,447,2019-2020
171,Miami (OH),32,13,19,0.406,-4.17,-0.57,5,13,10,6,2,11,2269,2275,1280,814,1920,0.424,268,791,0.339,373,513,0.727,304,1130,383,164,75,363,584,2019-2020
172,Michigan,31,19,12,0.613,17.94,11.17,10,10,11,5,4,7,2326,2116,1255,861,1864,0.462,247,729,0.339,357,498,0.717,267,1119,454,169,140,332,470,2019-2020
173,Michigan State,31,22,9,0.71,21.92,10.76,14,6,12,3,7,4,2353,2007,1240,845,1833,0.461,239,687,0.348,424,565,0.75,344,1258,549,159,156,389,523,2019-2020
174,Middle Tennessee,31,8,23,0.258,-8.41,0.84,4,14,5,10,3,10,2193,2332,1250,776,1850,0.419,255,763,0.334,386,576,0.67,332,1083,406,211,91,435,620,2019-2020
175,Milwaukee,31,12,19,0.387,-7.22,-3.91,7,11,7,8,4,9,2216,2252,1265,788,1908,0.413,241,754,0.32,399,563,0.709,353,1115,387,182,95,417,668,2019-2020
176,Minnesota,31,15,16,0.484,16.39,11.55,8,12,11,5,2,10,2205,2055,1250,796,1871,0.425,257,762,0.337,356,515,0.691,360,1217,466,147,144,351,515,2019-2020
177,Mississippi,32,15,17,0.469,7.37,6.9,6,12,12,5,1,10,2208,2193,1290,769,1780,0.432,192,600,0.32,478,655,0.73,288,1080,413,229,91,420,621,2019-2020
178,Mississippi State,31,20,11,0.645,12.21,6.96,11,7,14,2,4,7,2275,2112,1240,802,1713,0.468,161,479,0.336,510,676,0.754,371,1160,415,174,158,431,542,2019-2020
179,Mississippi Valley State,30,3,27,0.1,-29.08,-7.68,3,15,1,8,2,19,2048,2690,1205,750,2032,0.369,246,837,0.294,302,466,0.648,313,1049,313,218,87,433,586,2019-2020
180,Missouri,31,15,16,0.484,8.51,6.54,7,11,12,4,2,10,2081,2020,1250,700,1707,0.41,205,690,0.297,476,610,0.78,337,1091,352,209,99,437,656,2019-2020
181,Missouri State,33,16,17,0.485,3.5,0.71,9,9,11,4,3,10,2330,2238,1325,843,1923,0.438,230,650,0.354,414,553,0.749,359,1226,391,211,86,448,599,2019-2020
182,Monmouth,31,18,13,0.581,-4.51,-5.19,12,8,11,2,6,10,2209,2188,1245,755,1842,0.41,227,680,0.334,472,655,0.721,301,1058,399,248,86,397,621,2019-2020
183,Montana,31,18,13,0.581,0.59,-1.52,14,6,12,3,6,10,2195,2122,1255,841,1777,0.473,174,486,0.358,339,469,0.723,195,970,387,195,101,370,628,2019-2020
184,Montana State,31,16,15,0.516,-5.01,-2.29,10,10,9,5,5,10,2066,2076,1240,721,1622,0.445,175,532,0.329,449,606,0.741,225,1076,351,170,72,433,543,2019-2020
185,Morehead State,32,13,19,0.406,-10.96,-6.42,7,11,11,4,2,14,2208,2240,1295,826,1902,0.434,184,639,0.288,372,583,0.638,342,1187,430,190,141,400,512,2019-2020
186,Morgan State,31,15,16,0.484,-12.82,-9.18,9,7,8,6,7,7,2182,2197,1255,766,1807,0.424,158,563,0.281,492,709,0.694,406,1222,365,175,132,511,698,2019-2020
187,Mount St. Mary's,32,11,21,0.344,-9.56,-6.47,7,11,8,6,3,15,2053,2132,1295,715,1772,0.403,209,678,0.308,414,597,0.693,344,1120,357,158,105,375,530,2019-2020
188,Murray State,32,23,9,0.719,1.99,-6.08,15,3,15,0,6,6,2413,2070,1290,852,1789,0.476,210,569,0.369,499,704,0.709,306,1217,461,181,125,440,565,2019-2020
189,Navy,30,14,16,0.467,-7.36,-5.74,8,10,10,5,4,11,1908,1924,1220,673,1647,0.409,194,644,0.301,368,532,0.692,357,1082,333,151,51,360,476,2019-2020
190,NC State,32,20,12,0.625,12.05,7.14,10,10,14,4,5,7,2388,2231,1285,885,1958,0.452,222,697,0.319,396,558,0.71,333,1142,434,245,145,383,580,2019-2020
191,Nebraska,32,7,25,0.219,2.41,10.66,2,18,5,11,0,12,2235,2499,1305,815,2011,0.405,253,796,0.318,352,584,0.603,293,1134,442,223,79,380,485,2019-2020
192,Nevada,31,19,12,0.613,8.91,4.14,12,6,12,3,4,7,2391,2243,1245,840,1879,0.447,309,806,0.383,400,531,0.753,272,1188,462,159,109,372,608,2019-2020
193,Nevada-Las Vegas,32,17,15,0.531,6.79,4.76,12,6,12,6,5,7,2307,2242,1315,812,1876,0.433,241,755,0.319,442,639,0.692,396,1255,404,199,88,427,657,2019-2020
194,New Hampshire,30,15,15,0.5,-7.6,-6.28,8,8,10,3,5,12,2071,1990,1215,750,1838,0.408,255,769,0.332,316,470,0.672,343,1236,397,144,64,390,548,2019-2020
195,New Mexico,33,19,14,0.576,3.47,2.63,7,11,15,3,2,9,2531,2483,1320,892,1913,0.466,230,704,0.327,517,718,0.72,312,1159,494,267,95,475,514,2019-2020
196,New Mexico State,31,25,6,0.806,4.11,-4.24,16,0,13,1,9,3,2214,1852,1245,774,1700,0.455,283,798,0.355,383,534,0.717,343,1091,447,191,55,406,491,2019-2020
197,New Orleans,30,9,21,0.3,-14.08,-4.73,5,15,6,8,3,13,2262,2323,1200,800,1731,0.462,155,459,0.338,507,681,0.744,285,932,446,232,62,418,577,2019-2020
198,Niagara,32,12,20,0.375,-11.02,-4.33,9,11,9,3,2,17,2102,2316,1290,766,1785,0.429,243,653,0.372,327,435,0.752,190,883,381,222,71,338,509,2019-2020
199,Nicholls State,31,21,10,0.677,-3.87,-6.02,15,5,13,1,7,8,2388,2144,1250,881,1985,0.444,249,739,0.337,377,504,0.748,351,1077,408,309,115,419,595,2019-2020
200,NJIT,30,9,21,0.3,-10.14,-4.83,6,10,5,7,4,14,1904,2030,1200,688,1709,0.403,172,569,0.302,356,523,0.681,274,994,318,170,89,327,506,2019-2020
201,Norfolk State,31,16,15,0.516,-7.76,-9.39,12,4,11,2,4,12,2186,2012,1245,754,1820,0.414,243,752,0.323,435,611,0.712,356,1151,406,244,73,436,605,2019-2020
202,North Alabama,30,13,17,0.433,-9,-5.82,8,8,9,4,4,13,2062,2092,1205,709,1666,0.426,208,612,0.34,436,633,0.689,301,1074,331,195,71,444,590,2019-2020
203,North Carolina,33,14,19,0.424,9.45,10.05,6,14,7,8,3,9,2383,2403,1340,865,2058,0.42,181,595,0.304,470,689,0.682,455,1382,472,183,116,426,550,2019-2020
204,North Carolina A&T,32,17,15,0.531,-9.66,-7.86,12,4,11,1,4,12,2311,2305,1290,826,1920,0.43,181,612,0.296,478,785,0.609,364,1236,471,260,117,490,668,2019-2020
205,North Carolina Central,31,18,13,0.581,-10.04,-8.86,13,3,12,0,5,13,2162,2045,1260,797,1734,0.46,182,605,0.301,386,591,0.653,301,1064,420,260,93,472,588,2019-2020
206,North Dakota,33,15,18,0.455,-6.24,-1.38,7,9,8,3,4,13,2470,2467,1330,855,1874,0.456,259,762,0.34,501,658,0.761,284,1172,424,150,75,439,577,2019-2020
207,North Dakota State,33,25,8,0.758,2.19,-3.94,13,3,13,1,8,6,2467,2183,1325,837,1878,0.446,303,852,0.356,490,614,0.798,254,1173,393,153,75,330,512,2019-2020
208,North Florida,33,21,12,0.636,-0.57,-3.25,13,3,13,2,7,9,2583,2416,1320,889,1975,0.45,391,1031,0.379,414,543,0.762,327,1138,517,164,125,390,530,2019-2020
209,North Texas,31,20,11,0.645,7.32,1.66,14,4,13,3,7,6,2203,1962,1245,786,1627,0.483,253,667,0.379,378,503,0.751,266,998,390,195,88,421,530,2019-2020
210,Northeastern,33,17,16,0.515,1.45,-3.28,9,9,7,6,7,7,2347,2191,1325,856,1808,0.473,269,726,0.371,366,463,0.79,240,1019,439,251,57,391,553,2019-2020
211,Northern Arizona,30,16,14,0.533,-4.65,-2.4,10,10,9,5,6,8,2128,2081,1205,770,1729,0.445,216,600,0.36,372,531,0.701,285,1021,396,195,62,346,480,2019-2020
212,Northern Colorado,31,22,9,0.71,5.72,-2.8,15,5,11,3,9,5,2303,1945,1250,837,1790,0.468,317,826,0.384,312,468,0.667,261,1055,416,157,73,314,472,2019-2020
213,Northern Illinois,31,18,13,0.581,-1.33,-2.16,11,7,11,4,7,9,2071,1998,1245,751,1814,0.414,226,661,0.342,343,509,0.674,361,1195,311,174,85,366,548,2019-2020
214,Northern Iowa,31,25,6,0.806,9.83,1.45,14,4,16,0,8,4,2330,2006,1255,844,1776,0.475,287,737,0.389,355,468,0.759,294,1164,379,143,71,372,443,2019-2020
215,Northern Kentucky,32,23,9,0.719,0.28,-4.65,13,5,11,4,10,5,2317,2089,1290,810,1872,0.433,259,848,0.305,438,636,0.689,359,1172,435,259,66,399,574,2019-2020
216,Northwestern,31,8,23,0.258,5.35,10.51,3,17,5,11,2,10,2012,2172,1250,743,1785,0.416,189,605,0.312,337,461,0.731,240,1046,424,123,101,325,517,2019-2020
217,Northwestern State,30,15,15,0.5,-10,-7.07,11,9,9,5,5,10,2265,2270,1205,797,1802,0.442,234,658,0.356,437,596,0.733,335,1167,386,175,132,493,588,2019-2020
218,Notre Dame,32,20,12,0.625,11.21,5.62,10,10,15,4,4,7,2376,2197,1290,850,1993,0.426,310,899,0.345,366,498,0.735,322,1209,528,189,118,315,397,2019-2020
219,Oakland,33,14,19,0.424,-5.92,-3.1,8,10,8,5,4,12,2239,2301,1340,780,1822,0.428,204,690,0.296,475,689,0.689,339,1195,448,192,99,453,524,2019-2020
220,Ohio,32,17,15,0.531,0.74,0.17,8,10,12,5,4,8,2286,2192,1280,822,1837,0.447,272,781,0.348,370,537,0.689,299,1134,471,205,73,406,532,2019-2020
221,Ohio State,31,21,10,0.677,19.37,10.24,11,9,15,2,4,7,2234,1951,1240,753,1690,0.446,261,700,0.373,467,621,0.752,308,1140,412,156,107,394,531,2019-2020
222,Oklahoma,31,19,12,0.613,13.48,10.64,9,9,12,3,4,8,2177,2089,1240,760,1808,0.42,224,704,0.318,433,565,0.766,259,1143,365,190,135,345,415,2019-2020
223,Oklahoma State,32,18,14,0.563,12.01,10.51,7,11,10,6,5,7,2163,2115,1280,757,1783,0.425,189,600,0.315,460,627,0.734,324,1141,379,218,121,426,572,2019-2020
224,Old Dominion,32,13,19,0.406,0.02,0.06,9,9,10,4,3,11,2098,2099,1290,768,1898,0.405,184,629,0.293,378,546,0.692,374,1255,340,217,89,393,545,2019-2020
225,Omaha,32,16,16,0.5,-5.09,-0.96,9,7,12,2,4,12,2352,2461,1300,886,1973,0.449,200,592,0.338,380,534,0.712,315,1159,393,166,105,391,532,2019-2020
226,Oral Roberts,31,17,14,0.548,2.16,-1.58,9,7,13,1,3,12,2485,2265,1250,898,2004,0.448,253,758,0.334,436,582,0.749,364,1175,406,197,79,320,521,2019-2020
227,Oregon,31,24,7,0.774,18.22,9.09,13,5,17,0,5,5,2352,2069,1275,857,1825,0.47,269,680,0.396,369,527,0.7,336,1094,446,241,102,368,538,2019-2020
228,Oregon State,31,18,13,0.581,9.7,6.15,7,11,12,4,3,8,2207,2097,1240,766,1667,0.46,189,582,0.325,486,647,0.751,263,1009,455,192,151,357,497,2019-2020
229,Pacific,33,23,10,0.697,3.81,0.19,11,5,15,3,7,5,2300,2128,1355,843,1872,0.45,180,530,0.34,434,651,0.667,360,1190,383,189,129,400,633,2019-2020
230,Penn State,31,21,10,0.677,16.12,9.25,11,9,14,3,5,6,2327,2114,1240,832,1931,0.431,249,765,0.325,414,598,0.692,348,1200,443,233,150,348,543,2019-2020
231,Pennsylvania,27,16,11,0.593,1.07,-0.36,8,6,8,3,6,7,1991,1906,1085,741,1625,0.456,240,724,0.331,269,405,0.664,218,979,403,159,90,340,397,2019-2020
232,Pepperdine,32,16,16,0.5,2.82,3.6,8,8,9,5,6,7,2441,2466,1305,840,1934,0.434,255,726,0.351,506,639,0.792,311,1104,475,197,121,407,582,2019-2020
233,Pittsburgh,33,16,17,0.485,6.8,7.32,6,14,11,7,2,9,2152,2169,1325,755,1867,0.404,175,592,0.296,467,655,0.713,396,1129,404,258,113,403,510,2019-2020
234,Portland,32,9,23,0.281,-6.53,1.97,1,15,7,9,2,9,2126,2309,1290,758,1769,0.428,216,633,0.341,394,582,0.677,219,1020,421,179,114,446,546,2019-2020
235,Portland State,32,18,14,0.563,-1.5,-2.43,12,8,11,3,6,11,2518,2412,1280,927,2070,0.448,208,626,0.332,456,634,0.719,451,1172,432,277,132,409,587,2019-2020
236,Prairie View,32,19,13,0.594,-6.26,-8.36,14,4,12,0,6,12,2302,2186,1290,813,1836,0.443,151,493,0.306,525,741,0.709,305,1045,465,277,89,464,705,2019-2020
237,Presbyterian,32,10,22,0.313,-15.06,-6.93,7,11,7,6,3,14,2155,2346,1290,768,1707,0.45,197,611,0.322,422,592,0.713,279,1072,392,188,55,462,594,2019-2020
238,Princeton,27,14,13,0.519,-0.75,-1.48,9,5,7,6,5,6,1931,1866,1085,695,1501,0.463,235,659,0.357,306,417,0.734,217,869,363,173,59,340,424,2019-2020
239,Providence,31,19,12,0.613,13.45,8.19,12,6,13,3,5,6,2214,2051,1245,764,1852,0.413,225,678,0.332,461,664,0.694,406,1172,445,257,102,417,581,2019-2020
240,Purdue,31,16,15,0.516,16.3,10.76,9,11,11,5,4,8,2114,1942,1270,780,1867,0.418,223,675,0.33,331,482,0.687,394,1144,423,202,109,357,544,2019-2020
241,Purdue Fort Wayne,33,14,19,0.424,-7.87,-3.2,6,10,10,5,3,13,2261,2320,1320,830,1945,0.427,274,867,0.316,327,488,0.67,340,1165,417,245,89,456,520,2019-2020
242,Quinnipiac,30,15,15,0.5,-7.66,-6.53,10,10,9,5,5,9,2088,2122,1200,707,1695,0.417,310,869,0.357,364,478,0.762,277,1091,409,137,112,411,456,2019-2020
243,Radford,32,21,11,0.656,-2.67,-5.71,15,3,11,4,9,6,2302,2115,1285,841,1813,0.464,251,707,0.355,369,575,0.642,340,1166,427,170,68,342,561,2019-2020
244,Rhode Island,30,21,9,0.7,9.25,4.78,13,5,12,3,8,5,2200,2066,1210,783,1851,0.423,170,539,0.315,464,686,0.676,359,1162,378,252,116,355,519,2019-2020
245,Rice,32,15,17,0.469,-3.09,-0.76,7,11,8,7,5,8,2363,2375,1280,800,1851,0.432,317,934,0.339,446,619,0.721,291,1139,454,190,67,427,524,2019-2020
246,Richmond,31,24,7,0.774,11.31,2.76,14,4,14,2,9,3,2335,2070,1250,847,1817,0.466,249,688,0.362,392,505,0.776,234,1074,481,252,78,338,479,2019-2020
247,Rider,30,18,12,0.6,-3.09,-5.49,12,8,11,1,5,11,2152,2080,1200,755,1725,0.438,184,574,0.321,458,704,0.651,328,1149,391,202,78,422,522,2019-2020
248,Robert Morris,34,20,14,0.588,-4.73,-6.33,13,5,12,3,7,11,2373,2280,1360,874,1968,0.444,284,783,0.363,341,508,0.671,348,1141,562,218,68,433,566,2019-2020
249,Rutgers,31,20,11,0.645,15.72,9.68,11,9,18,1,2,8,2168,1942,1250,825,1847,0.447,172,554,0.31,346,537,0.644,365,1245,394,203,142,379,520,2019-2020
250,Sacramento State,30,16,14,0.533,-2.08,-2.76,8,12,10,4,4,10,1895,1791,1200,685,1650,0.415,151,469,0.322,374,520,0.719,335,1044,379,207,120,371,527,2019-2020
251,Sacred Heart,33,20,13,0.606,-4.75,-7.4,12,6,9,4,10,8,2420,2291,1320,843,1961,0.43,251,768,0.327,483,658,0.734,435,1361,435,164,134,459,522,2019-2020
252,Saint Francis (PA),32,22,10,0.688,-2.05,-6.5,13,5,13,2,8,8,2485,2298,1285,899,1923,0.467,204,567,0.36,483,644,0.75,353,1157,374,224,86,390,533,2019-2020
253,Saint Joseph's,32,6,26,0.188,-5.54,4.93,2,16,4,10,2,12,2208,2543,1285,761,1942,0.392,287,966,0.297,399,566,0.705,327,1122,400,151,90,414,555,2019-2020
254,Saint Louis,31,23,8,0.742,9.41,3.07,12,6,15,3,6,4,2223,2020,1255,819,1804,0.454,166,488,0.34,419,723,0.58,385,1232,450,232,130,396,569,2019-2020
255,Saint Mary's (CA),34,26,8,0.765,12.27,5.24,11,5,14,3,6,3,2559,2276,1400,922,1925,0.479,276,697,0.396,439,582,0.754,260,1089,404,224,68,336,562,2019-2020
256,Saint Peter's,30,18,12,0.6,-3.67,-5.9,14,6,11,3,6,9,1990,1923,1205,674,1665,0.405,185,541,0.342,457,632,0.723,376,1123,316,223,138,482,629,2019-2020
257,Sam Houston,31,18,13,0.581,-5.17,-6.5,11,9,12,3,6,10,2417,2245,1265,874,1937,0.451,236,690,0.342,433,584,0.741,315,1060,491,287,91,443,642,2019-2020
258,Samford,33,10,23,0.303,-13.13,-1.13,4,14,7,8,3,14,2448,2711,1330,862,1996,0.432,219,658,0.333,505,679,0.744,352,1208,391,232,110,513,534,2019-2020
259,San Diego,32,9,23,0.281,-3.52,4.35,2,14,6,9,3,10,2101,2319,1295,760,1843,0.412,196,633,0.31,385,572,0.673,285,1062,387,186,107,464,581,2019-2020
260,San Diego State,32,30,2,0.938,18.38,3.93,17,1,14,1,11,0,2395,1903,1280,852,1820,0.468,291,765,0.38,400,519,0.771,297,1121,473,221,88,344,534,2019-2020
261,San Francisco,34,22,12,0.647,8.56,3.84,9,7,12,5,7,6,2546,2339,1375,906,2050,0.442,300,899,0.334,434,603,0.72,359,1234,410,239,106,412,600,2019-2020
262,San Jose State,31,7,24,0.226,-7.55,5.15,3,15,6,10,1,12,2167,2523,1245,728,1871,0.389,257,861,0.298,454,634,0.716,302,1075,404,199,102,430,567,2019-2020
263,Santa Clara,33,20,13,0.606,1.95,0.63,6,10,16,5,3,7,2498,2365,1325,877,1898,0.462,249,704,0.354,495,667,0.742,241,1128,507,226,110,443,668,2019-2020
264,Seattle,29,14,15,0.483,-3.95,-3.91,7,7,9,4,3,10,2177,2110,1185,731,1800,0.406,209,679,0.308,506,653,0.775,301,1028,316,171,90,297,581,2019-2020
265,Seton Hall,30,21,9,0.7,16.75,9.95,13,5,11,4,8,4,2241,2037,1200,783,1754,0.446,238,711,0.335,437,611,0.715,308,1113,437,210,174,398,557,2019-2020
266,Siena,30,20,10,0.667,-1.13,-5.66,15,5,14,0,5,10,2167,2031,1215,770,1679,0.459,198,558,0.355,429,609,0.704,321,1096,401,160,92,389,495,2019-2020
267,South Alabama,31,20,11,0.645,0.08,-1.03,13,7,11,5,7,5,2209,2092,1245,782,1662,0.471,166,502,0.331,479,661,0.725,259,1019,346,238,115,374,499,2019-2020
268,South Carolina,31,18,13,0.581,10.27,6.43,10,8,12,5,6,6,2275,2156,1245,832,1890,0.44,174,561,0.31,437,696,0.628,370,1158,445,240,134,407,723,2019-2020
269,South Carolina State,29,11,18,0.379,-16.01,-9.27,6,10,8,5,3,12,2037,2180,1185,705,1618,0.436,146,483,0.302,481,643,0.748,301,1025,328,132,53,418,541,2019-2020
270,South Carolina Upstate,33,13,20,0.394,-13.58,-6.06,7,11,9,6,4,13,2286,2460,1320,811,1911,0.424,224,697,0.321,440,641,0.686,318,1088,415,195,80,410,627,2019-2020
271,South Dakota,32,20,12,0.625,-1.74,-3.84,10,6,13,2,5,8,2547,2374,1280,889,1805,0.493,233,596,0.391,536,710,0.755,200,1045,444,146,86,339,561,2019-2020
272,South Dakota State,32,22,10,0.688,2.29,-4.24,13,3,16,0,6,9,2493,2256,1295,914,1861,0.491,235,677,0.347,430,608,0.707,302,1224,456,160,106,415,533,2019-2020
273,South Florida,31,14,17,0.452,5.15,5.18,7,11,10,7,3,6,1943,1944,1250,672,1654,0.406,196,635,0.309,403,620,0.65,352,1051,315,234,63,454,544,2019-2020
274,Southeast Missouri State,31,7,24,0.226,-14.57,-5.29,3,15,6,7,0,16,2054,2307,1245,720,1727,0.417,191,596,0.32,423,612,0.691,286,1027,353,161,64,414,577,2019-2020
275,Southeastern Louisiana,31,8,23,0.258,-16.11,-5.72,5,15,6,8,2,14,2157,2429,1255,779,1873,0.416,198,669,0.296,401,594,0.675,337,1000,385,248,59,514,654,2019-2020
276,Southern,32,17,15,0.531,-9.36,-9.49,13,5,11,1,5,14,2234,2147,1290,816,1854,0.44,171,548,0.312,431,635,0.679,350,1114,425,222,79,445,698,2019-2020
277,Southern California,31,22,9,0.71,11.51,7.22,11,7,14,2,5,6,2179,2046,1255,781,1780,0.439,200,571,0.35,417,630,0.662,333,1194,430,207,152,448,519,2019-2020
278,Southern Illinois,32,16,16,0.5,-0.18,0.37,10,8,12,3,3,10,2002,1991,1285,693,1623,0.427,226,668,0.338,390,536,0.728,208,955,369,208,65,397,469,2019-2020
279,SIU Edwardsville,31,8,23,0.258,-14.16,-5.71,5,13,4,10,4,13,2073,2261,1240,769,1801,0.427,176,562,0.313,359,526,0.683,305,1063,428,177,91,436,607,2019-2020
280,Southern Methodist,30,19,11,0.633,7.97,3.5,9,9,15,2,4,9,2188,2054,1225,770,1706,0.451,236,730,0.323,412,541,0.762,344,1099,467,175,96,400,491,2019-2020
281,Southern Mississippi,31,9,22,0.29,-6.65,2.35,5,13,8,7,1,12,2047,2242,1250,783,1766,0.443,163,529,0.308,318,442,0.719,293,1105,444,180,78,464,490,2019-2020
282,Southern Utah,32,17,15,0.531,0.1,-2.47,9,11,9,5,6,10,2329,2122,1300,834,1843,0.453,195,589,0.331,466,651,0.716,292,1183,383,216,132,432,620,2019-2020
283,St. Bonaventure,31,19,12,0.613,3.12,1.62,11,7,9,5,7,7,2143,2073,1250,787,1805,0.436,210,611,0.344,359,488,0.736,331,1132,427,171,104,364,532,2019-2020
284,St. Francis (NY),31,13,18,0.419,-11.3,-7.44,7,11,9,5,4,13,2168,2220,1245,798,1903,0.419,197,664,0.297,373,511,0.73,328,1124,372,199,140,397,586,2019-2020
285,St. John's (NY),32,17,15,0.531,10.71,7.68,5,13,13,6,1,8,2387,2290,1280,865,2114,0.409,212,661,0.321,445,633,0.703,397,1228,470,320,127,359,602,2019-2020
286,Stanford,32,20,12,0.625,13.35,6.38,9,9,14,4,4,6,2223,2000,1290,810,1726,0.469,227,608,0.373,376,535,0.703,220,1041,414,218,119,459,521,2019-2020
287,Stephen F. Austin,31,28,3,0.903,4.04,-6.89,19,1,16,1,12,2,2499,2077,1245,887,1806,0.491,179,494,0.362,546,790,0.691,406,1160,464,324,101,550,649,2019-2020
288,Stetson,33,16,17,0.485,-9.63,-5.3,9,7,8,7,7,9,2103,2167,1325,747,1678,0.445,180,545,0.33,429,644,0.666,313,1116,323,209,79,452,517,2019-2020
289,Stony Brook,33,20,13,0.606,-2.41,-4.41,10,6,10,5,8,8,2283,2172,1330,777,1909,0.407,274,822,0.333,455,628,0.725,350,1265,368,221,152,480,544,2019-2020
290,Syracuse,32,18,14,0.563,12.32,7.26,10,10,11,7,6,5,2378,2216,1290,813,1865,0.436,259,785,0.33,493,666,0.74,336,1145,447,237,143,363,522,2019-2020
291,TCU,32,16,16,0.5,9.86,10.09,7,11,14,5,1,9,2093,2079,1295,758,1798,0.422,274,779,0.352,303,476,0.637,359,1118,468,220,156,455,525,2019-2020
292,Temple,31,14,17,0.452,6.59,6.17,6,12,8,7,4,8,2117,2104,1255,744,1843,0.404,208,645,0.322,421,613,0.687,303,1166,429,239,94,400,549,2019-2020
293,Tennessee,31,17,14,0.548,11.18,8.3,9,9,11,6,4,7,2079,1990,1240,715,1656,0.432,187,598,0.313,462,617,0.749,311,1069,448,186,174,423,563,2019-2020
294,Tennessee State,33,18,15,0.545,-6.7,-5.45,9,9,11,3,4,11,2355,2345,1330,862,1836,0.469,240,686,0.35,386,585,0.66,343,1245,447,175,136,573,670,2019-2020
295,Tennessee Tech,31,9,22,0.29,-13.64,-4.67,6,12,6,8,3,12,2033,2241,1250,754,1826,0.413,257,776,0.331,268,397,0.675,327,1072,431,213,93,463,460,2019-2020
296,Tennessee-Martin,29,9,20,0.31,-14.15,-4.3,5,13,6,6,2,12,2194,2382,1165,781,1718,0.455,218,646,0.337,414,550,0.753,311,954,353,147,80,374,464,2019-2020
297,Texas,31,19,12,0.613,10.47,9.6,9,9,11,6,6,5,1989,1962,1240,740,1730,0.428,248,742,0.334,261,381,0.685,278,986,359,171,134,420,568,2019-2020
298,Texas A&M,30,16,14,0.533,4.93,6.96,10,8,11,6,5,4,1894,1955,1205,634,1570,0.404,189,643,0.294,437,645,0.678,322,1019,333,193,86,422,463,2019-2020
299,Texas A&M-Corpus Christi,32,14,18,0.438,-10.8,-6.63,10,10,10,6,4,11,2112,2199,1280,740,1668,0.444,245,653,0.375,387,547,0.707,304,1092,405,187,98,561,614,2019-2020
300,Texas Southern,32,16,16,0.5,-10.37,-6.05,12,6,11,1,5,15,2335,2431,1295,806,1927,0.418,168,552,0.304,555,786,0.706,381,1209,360,205,94,504,610,2019-2020
301,Texas State,32,21,11,0.656,5.42,-0.28,13,7,15,3,6,8,2339,2058,1295,840,1835,0.458,166,510,0.325,493,652,0.756,319,1102,455,203,95,357,597,2019-2020
302,Texas Tech,31,18,13,0.581,16.83,8.41,9,9,13,4,3,7,2230,1969,1260,779,1724,0.452,224,631,0.355,448,594,0.754,279,1033,476,239,124,423,545,2019-2020
303,Texas-Rio Grande Valley,30,14,16,0.467,-7.05,-3.7,9,7,11,3,3,11,2189,2143,1215,779,1789,0.435,191,557,0.343,440,614,0.717,314,992,451,251,111,376,595,2019-2020
304,The Citadel,30,6,24,0.2,-13.82,-1,0,18,3,11,3,12,2244,2433,1215,789,1820,0.434,280,853,0.328,386,559,0.691,247,1022,432,202,88,456,514,2019-2020
305,Toledo,32,17,15,0.531,1.2,-1.47,8,10,10,6,7,9,2386,2244,1285,802,1843,0.435,283,774,0.366,499,669,0.746,321,1211,464,180,108,390,511,2019-2020
306,Towson,32,19,13,0.594,0.09,-1.51,12,6,9,5,8,4,2258,2125,1290,790,1824,0.433,210,610,0.344,468,607,0.771,363,1189,364,180,101,380,583,2019-2020
307,Troy,31,9,22,0.29,-9.01,-1.32,5,15,6,9,3,13,2131,2276,1250,750,1878,0.399,261,821,0.318,370,549,0.674,369,1133,430,178,83,441,584,2019-2020
308,Tulane,30,12,18,0.4,0.94,3.54,4,14,7,7,3,7,2050,2128,1210,702,1709,0.411,230,689,0.334,416,584,0.712,245,928,337,254,76,355,470,2019-2020
309,Tulsa,31,21,10,0.677,7.92,3.59,13,5,15,2,6,7,2103,1969,1260,728,1653,0.44,182,566,0.322,465,657,0.708,268,1069,391,234,70,417,469,2019-2020
310,UAB,32,19,13,0.594,-0.94,-1.64,9,9,11,6,5,7,2154,2088,1280,780,1719,0.454,169,515,0.328,425,604,0.704,328,1186,337,191,93,471,527,2019-2020
311,UC Davis,32,14,18,0.438,-4.7,-2.63,8,8,8,4,5,12,2330,2286,1290,816,1769,0.461,259,653,0.397,439,558,0.787,234,982,409,185,57,408,593,2019-2020
312,UC Irvine,32,21,11,0.656,3.73,-2.18,13,3,11,2,8,8,2367,2087,1280,888,1878,0.473,198,559,0.354,393,532,0.739,366,1264,475,206,119,443,588,2019-2020
313,UC Riverside,32,17,15,0.531,-3.63,-4.18,7,9,11,5,6,10,2059,1939,1285,744,1707,0.436,254,722,0.352,317,460,0.689,280,1145,394,159,86,421,559,2019-2020
314,UC Santa Barbara,31,21,10,0.677,-0.57,-4.06,10,6,13,3,8,7,2195,2054,1245,765,1672,0.458,200,585,0.342,465,615,0.756,318,1061,430,147,78,366,521,2019-2020
315,UCF,30,16,14,0.533,5.13,4.13,7,11,10,6,4,7,2067,2037,1210,739,1713,0.431,213,659,0.323,376,529,0.711,301,1039,404,195,87,414,498,2019-2020
316,UCLA,31,19,12,0.613,9.83,8.23,12,6,13,4,5,5,2153,2079,1250,751,1732,0.434,186,576,0.323,465,648,0.718,370,1136,401,208,105,409,571,2019-2020
317,UNC Asheville,31,15,16,0.484,-10.31,-8.31,8,10,10,5,5,10,2326,2318,1245,837,1824,0.459,243,702,0.346,409,620,0.66,264,937,336,255,73,354,604,2019-2020
318,UNC Greensboro,32,23,9,0.719,5.92,-1.48,13,5,14,4,9,4,2372,2020,1295,879,2031,0.433,279,857,0.326,335,531,0.631,415,1182,404,298,136,372,584,2019-2020
319,UNC Wilmington,32,10,22,0.313,-9.31,-0.9,5,13,8,8,1,12,2186,2294,1290,783,1816,0.431,208,610,0.341,412,581,0.709,270,1088,385,200,96,417,559,2019-2020
320,UT Arlington,32,14,18,0.438,2.76,2.13,10,10,8,8,6,9,2259,2189,1295,800,1926,0.415,250,807,0.31,409,547,0.748,322,1183,478,186,90,358,569,2019-2020
321,Utah,31,16,15,0.516,8.47,7.86,7,11,12,2,1,10,2199,2180,1260,767,1709,0.449,219,655,0.334,446,611,0.73,295,1106,433,170,86,419,479,2019-2020
322,Utah State,34,26,8,0.765,13.66,4.04,12,6,15,1,4,6,2600,2179,1375,905,1967,0.46,248,745,0.333,542,710,0.763,366,1385,561,209,109,426,532,2019-2020
323,Utah Valley,30,11,19,0.367,-7.47,-4.18,5,10,6,7,5,12,2105,2131,1210,748,1696,0.441,192,635,0.302,417,585,0.713,253,1057,412,173,157,427,534,2019-2020
324,UTEP,32,17,15,0.531,-1,-0.45,8,10,13,4,3,9,2157,2116,1285,747,1765,0.423,212,705,0.301,451,602,0.749,267,1116,404,194,102,438,561,2019-2020
325,UTSA,32,13,19,0.406,-3.18,0.41,7,11,10,5,3,9,2461,2465,1300,866,2076,0.417,308,881,0.35,421,552,0.763,352,1248,398,189,86,413,644,2019-2020
326,Valparaiso,35,19,16,0.543,1.44,1.17,9,9,11,2,4,10,2530,2494,1420,922,2088,0.442,287,843,0.34,399,559,0.714,329,1196,533,269,116,446,601,2019-2020
327,Vanderbilt,32,11,21,0.344,3.16,6.41,3,15,10,10,1,9,2295,2399,1290,760,1776,0.428,262,786,0.333,513,736,0.697,288,1035,365,226,104,418,614,2019-2020
328,Vermont,33,26,7,0.788,6.07,-4.84,14,2,13,3,12,3,2361,1963,1320,841,1876,0.448,267,816,0.327,412,574,0.718,313,1212,456,194,111,371,534,2019-2020
329,Villanova,31,24,7,0.774,16.84,10.03,13,5,12,3,9,3,2269,2058,1245,797,1806,0.441,307,854,0.359,368,485,0.759,271,1112,449,175,81,335,471,2019-2020
330,Virginia,30,23,7,0.767,12.16,7.5,15,5,14,3,7,4,1711,1571,1215,626,1515,0.413,170,560,0.304,289,403,0.717,243,1025,343,161,147,368,397,2019-2020
331,Virginia Commonwealth,31,18,13,0.581,9.66,4.08,8,10,14,4,4,7,2193,2020,1245,775,1792,0.432,231,667,0.346,412,592,0.696,306,1039,409,278,134,384,569,2019-2020
332,VMI,33,9,24,0.273,-6.92,-2.72,3,15,5,10,2,12,2380,2346,1340,852,1991,0.428,359,1012,0.355,317,448,0.708,334,1180,528,222,83,418,591,2019-2020
333,Virginia Tech,32,16,16,0.5,8.22,6.16,7,13,12,6,3,7,2194,2128,1310,787,1877,0.419,315,896,0.352,305,429,0.711,240,1086,468,193,95,317,472,2019-2020
334,Wagner,29,8,21,0.276,-14.79,-5.57,5,13,5,8,3,13,1982,2210,1175,706,1710,0.413,204,644,0.317,366,504,0.726,312,983,374,174,68,398,604,2019-2020
335,Wake Forest,31,13,18,0.419,6.69,8.14,6,14,9,5,1,11,2276,2321,1260,765,1769,0.432,204,582,0.351,542,726,0.747,315,1170,395,151,87,440,592,2019-2020
336,Washington,32,15,17,0.469,12.41,8.25,5,13,10,7,3,7,2259,2126,1290,778,1763,0.441,220,677,0.325,483,669,0.722,282,1128,399,236,192,481,555,2019-2020
337,Washington State,32,16,16,0.5,5.13,4.94,6,12,11,5,2,9,2235,2229,1290,776,1952,0.398,237,768,0.309,446,600,0.743,344,1165,370,218,85,394,562,2019-2020
338,Weber State,32,12,20,0.375,-8.32,-0.66,8,12,8,6,4,9,2225,2280,1290,821,1814,0.453,213,661,0.322,370,510,0.725,232,1023,347,164,125,378,453,2019-2020
339,West Virginia,31,21,10,0.677,18.51,10.64,9,9,14,2,4,8,2179,1935,1245,774,1833,0.422,155,542,0.286,476,742,0.642,470,1254,383,238,111,447,572,2019-2020
340,Western Carolina,31,19,12,0.613,-0.1,-1.55,10,8,10,4,8,7,2444,2317,1250,837,1790,0.468,302,818,0.369,468,659,0.71,302,1165,449,165,56,445,532,2019-2020
341,Western Illinois,26,5,21,0.192,-14.28,-3.03,2,14,4,10,1,11,1934,2126,1050,710,1667,0.426,226,612,0.369,288,368,0.783,216,882,267,129,57,290,467,2019-2020
342,Western Kentucky,30,20,10,0.667,4.2,0.96,13,5,12,2,6,6,2297,2160,1225,779,1703,0.457,212,627,0.338,527,668,0.789,252,1013,334,201,119,370,413,2019-2020
343,Western Michigan,32,13,19,0.406,-5.42,-0.25,6,12,10,5,3,12,2220,2306,1295,767,1791,0.428,228,676,0.337,458,641,0.715,276,1120,356,152,73,416,573,2019-2020
344,Wichita State,31,23,8,0.742,13.66,5.6,11,7,17,2,5,5,2227,1977,1250,769,1891,0.407,244,744,0.328,445,638,0.697,374,1218,437,219,115,396,577,2019-2020
345,William & Mary,32,21,11,0.656,-2.46,-3.1,13,5,11,2,10,7,2288,2208,1280,822,1770,0.464,239,690,0.346,405,544,0.744,265,1152,435,138,128,403,500,2019-2020
346,Winthrop,34,24,10,0.706,1.16,-6.53,15,3,11,4,10,6,2765,2431,1375,980,2120,0.462,322,931,0.346,483,760,0.636,450,1388,542,225,84,471,683,2019-2020
347,Wisconsin,31,21,10,0.677,15.95,10.95,14,6,15,1,6,6,2082,1927,1245,730,1718,0.425,269,764,0.352,353,462,0.764,251,1051,373,138,114,309,476,2019-2020
348,Wofford,35,19,16,0.543,0.17,-1.5,8,10,10,5,6,10,2523,2399,1415,909,1969,0.462,336,948,0.354,369,518,0.712,272,1094,467,198,91,424,593,2019-2020
349,Wright State,32,25,7,0.781,2.46,-6.21,15,3,14,2,9,3,2580,2264,1295,917,2010,0.456,247,684,0.361,499,741,0.673,388,1279,443,209,113,396,516,2019-2020
350,Wyoming,33,9,24,0.273,-3.05,4.82,2,16,4,13,3,8,2070,2308,1335,712,1739,0.409,260,809,0.321,386,531,0.727,161,972,374,175,66,418,626,2019-2020
351,Xavier,32,19,13,0.594,12.57,9.47,8,10,12,5,5,6,2261,2162,1305,833,1912,0.436,207,664,0.312,388,590,0.658,380,1241,460,201,114,446,535,2019-2020
352,Yale,30,23,7,0.767,6.63,-1.51,11,3,10,1,11,6,2289,1954,1240,809,1726,0.469,265,714,0.371,406,570,0.712,273,1166,464,188,101,389,449,2019-2020
353,Youngstown State,33,18,15,0.545,-5.56,-4.79,10,8,13,4,5,11,2401,2351,1335,870,2055,0.423,236,765,0.308,425,616,0.69,451,1286,413,188,85,397,579,2019-2020
1,Abilene Christian,29,24,5,0.828,6.27,-6.37,13,2,13,0,5,4,2196,1753,1160,786,1752,0.449,221,643,0.344,403,594,0.678,329,1047,513,282,86,394,554,2020-2021
2,Air Force,25,5,20,0.2,-12.98,0.22,3,17,3,8,1,10,1468,1798,1000,522,1170,0.446,174,527,0.33,250,361,0.693,110,580,308,177,62,361,415,2020-2021
3,Akron,23,15,8,0.652,1.85,-1.96,12,6,9,1,5,5,1798,1660,930,628,1415,0.444,217,652,0.333,325,429,0.758,262,895,305,113,84,271,413,2020-2021
4,Alabama,33,26,7,0.788,19.58,10.01,16,2,12,1,7,3,2629,2313,1325,924,2125,0.435,348,989,0.352,433,612,0.708,408,1343,464,280,143,458,603,2020-2021
5,Alabama A&M,15,6,9,0.4,-18.86,-14.99,4,9,5,2,1,7,950,1008,610,347,868,0.4,83,286,0.29,173,276,0.627,160,577,164,82,54,229,272,2020-2021
6,Alabama State,18,4,14,0.222,-24.28,-16.95,4,14,3,6,1,8,1156,1288,720,383,1009,0.38,111,350,0.317,279,431,0.647,205,653,175,110,43,291,343,2020-2021
7,Albany (NY),16,7,9,0.438,-4.53,-5.22,6,6,4,5,2,4,1110,1099,640,395,883,0.447,102,303,0.337,218,301,0.724,110,480,187,98,29,201,285,2020-2021
8,Alcorn State,19,6,13,0.316,-19.58,-10.06,6,7,4,3,2,9,1256,1437,760,435,1107,0.393,113,376,0.301,273,376,0.726,206,608,177,144,30,276,394,2020-2021
9,American,10,4,6,0.4,-6.32,-1.82,4,5,2,2,2,4,691,736,420,248,557,0.445,90,238,0.378,105,149,0.705,78,326,128,73,47,158,193,2020-2021
10,Appalachian State,29,17,12,0.586,-5.84,-5.72,7,8,9,4,4,7,2039,1860,1185,690,1688,0.409,233,737,0.316,426,574,0.742,319,1053,344,230,107,343,394,2020-2021
11,Arizona,26,17,9,0.654,15.02,8.18,11,9,12,4,5,5,1961,1783,1050,667,1492,0.447,174,468,0.372,453,623,0.727,305,997,403,152,104,309,463,2020-2021
12,Arizona State,25,11,14,0.44,7.48,10.24,7,10,7,6,2,6,1858,1927,1010,656,1515,0.433,179,537,0.333,367,504,0.728,196,797,327,182,82,274,478,2020-2021
13,Arkansas,32,25,7,0.781,17.8,7.18,13,4,16,1,5,4,2604,2264,1285,935,2071,0.451,233,702,0.332,501,677,0.74,378,1271,466,251,158,412,540,2020-2021
14,Arkansas State,24,11,13,0.458,-7.97,-5.87,7,8,9,3,1,9,1741,1667,965,621,1390,0.447,154,402,0.383,345,478,0.722,265,892,347,158,68,313,385,2020-2021
15,Arkansas-Pine Bluff,25,4,21,0.16,-22.67,-7.79,3,12,2,3,2,17,1549,1921,1010,524,1356,0.386,123,400,0.308,378,523,0.723,240,807,240,160,95,394,455,2020-2021
16,Army,22,12,10,0.545,0.06,0.63,7,7,5,5,5,3,1578,1529,885,587,1286,0.456,172,527,0.326,232,364,0.637,178,761,316,138,32,275,342,2020-2021
17,Auburn,27,13,14,0.481,10.02,9.28,7,11,8,5,3,8,2084,2064,1090,711,1628,0.437,245,751,0.326,417,589,0.708,348,1063,400,168,163,438,482,2020-2021
18,Austin Peay,27,14,13,0.519,-6.66,-8.22,10,10,8,5,4,6,2007,1890,1090,733,1617,0.453,194,573,0.339,347,462,0.751,341,931,357,183,54,397,472,2020-2021
19,Ball State,23,10,13,0.435,-1.96,-1.22,8,9,7,4,3,8,1719,1736,930,613,1384,0.443,195,570,0.342,298,397,0.751,229,848,318,126,55,330,441,2020-2021
20,Baylor,30,28,2,0.933,24.83,7.4,13,1,11,0,7,1,2487,1964,1205,917,1886,0.486,299,724,0.413,354,500,0.708,374,1079,507,267,111,345,513,2020-2021
21,Bellarmine,22,14,8,0.636,-1.76,-5.56,10,3,6,4,7,2,1634,1456,880,615,1211,0.508,143,381,0.375,261,345,0.757,171,667,342,160,50,245,342,2020-2021
22,Belmont,30,26,4,0.867,3.46,-8.71,18,2,11,1,10,2,2439,2074,1205,894,1829,0.489,271,787,0.344,380,515,0.738,264,1072,547,232,87,361,438,2020-2021
23,Binghamton,18,4,14,0.222,-12.24,-5.35,4,10,1,9,3,5,1178,1302,735,430,1039,0.414,156,472,0.331,162,241,0.672,191,642,199,90,55,250,307,2020-2021
24,Boise State,28,19,9,0.679,9.75,1.71,14,6,11,1,6,6,2122,1868,1125,743,1634,0.455,220,635,0.346,416,566,0.735,253,995,378,183,80,328,478,2020-2021
25,Boston College,20,4,16,0.2,0.82,8.97,2,11,3,5,0,7,1427,1590,805,500,1185,0.422,180,546,0.33,247,352,0.702,183,665,230,144,77,274,324,2020-2021
26,Boston University,18,7,11,0.389,-3.71,0.84,6,10,2,6,5,5,1249,1331,720,451,1035,0.436,125,393,0.318,222,296,0.75,181,636,190,97,56,225,305,2020-2021
27,Bowling Green State,26,14,12,0.538,-0.17,-2.37,10,8,4,7,10,3,2015,1939,1050,724,1732,0.418,213,667,0.319,354,481,0.736,325,996,328,184,57,256,442,2020-2021
28,Bradley,28,12,16,0.429,0.32,1.17,6,12,8,6,2,9,1948,1864,1130,736,1636,0.45,192,603,0.318,284,393,0.723,284,1033,382,144,100,346,455,2020-2021
29,Brigham Young,27,20,7,0.741,15.19,7.23,10,3,11,2,7,2,2109,1853,1095,776,1608,0.483,236,633,0.373,321,443,0.725,255,1058,436,124,76,356,486,2020-2021
30,Bryant,22,15,7,0.682,-1.37,-7.27,10,4,10,1,5,5,1843,1664,880,638,1372,0.465,208,546,0.381,359,472,0.761,224,876,336,152,78,333,365,2020-2021
31,Bucknell,12,5,7,0.417,-7.78,-5.36,4,6,2,3,3,4,899,928,480,311,683,0.455,88,267,0.33,189,248,0.762,78,402,144,70,42,152,209,2020-2021
32,Buffalo,25,16,9,0.64,6.5,-1.58,12,5,8,3,5,3,2034,1823,1010,766,1662,0.461,175,518,0.338,327,487,0.671,370,1094,397,199,103,347,442,2020-2021
33,Butler,25,10,15,0.4,4.76,9.92,8,12,8,4,1,9,1588,1717,1015,572,1393,0.411,179,554,0.323,265,410,0.646,230,807,308,139,51,286,406,2020-2021
34,Cal Poly,24,4,20,0.167,-13.69,-1.56,1,15,3,8,0,11,1475,1700,965,519,1315,0.395,157,491,0.32,280,388,0.722,187,778,298,149,84,333,447,2020-2021
35,Cal State Bakersfield,26,15,11,0.577,-0.13,-2.38,11,7,9,2,6,8,1811,1665,1045,684,1531,0.447,146,414,0.353,297,416,0.714,348,959,365,167,78,338,499,2020-2021
36,Cal State Fullerton,16,6,10,0.375,-6.32,-3.05,5,9,5,4,1,5,1232,1257,645,430,951,0.452,131,341,0.384,241,326,0.739,140,526,218,107,32,205,271,2020-2021
37,Cal State Northridge,22,9,13,0.409,-8.69,-1.97,5,9,4,7,4,4,1586,1709,885,560,1323,0.423,170,503,0.338,296,407,0.727,208,730,293,140,47,261,383,2020-2021
38,California,29,9,20,0.31,4.89,9.75,3,17,6,8,1,11,1897,2008,1160,661,1536,0.43,204,622,0.328,371,532,0.697,235,917,346,126,65,370,516,2020-2021
39,California Baptist,23,13,10,0.565,-5.25,-5.04,6,6,11,4,2,5,1820,1674,925,634,1334,0.475,215,547,0.393,337,457,0.737,221,853,403,116,57,310,454,2020-2021
40,Campbell,27,17,10,0.63,-6.82,-7.34,11,6,9,3,6,7,1917,1840,1095,699,1409,0.496,195,520,0.375,324,478,0.678,165,767,387,165,61,327,459,2020-2021
41,Canisius,13,7,6,0.538,-8.61,-7.84,7,5,3,1,4,4,915,925,520,321,786,0.408,97,327,0.297,176,248,0.71,130,450,165,73,45,156,234,2020-2021
42,Central Arkansas,24,5,19,0.208,-14.86,-1.99,4,12,4,5,1,14,1701,1933,960,606,1388,0.437,170,468,0.363,319,445,0.717,246,889,322,121,64,419,433,2020-2021
43,Central Connecticut State,21,5,16,0.238,-15.12,-6.27,5,13,3,6,2,9,1439,1625,840,522,1230,0.424,150,463,0.324,245,348,0.704,179,664,270,145,54,298,359,2020-2021
44,Central Michigan,23,7,16,0.304,-12.34,-4.19,3,13,5,7,2,9,1766,1835,920,631,1417,0.445,152,462,0.329,352,523,0.673,241,833,246,188,67,307,396,2020-2021
45,Charleston Southern,21,3,18,0.143,-16.72,-6.22,2,15,1,9,2,8,1375,1550,845,480,1182,0.406,160,506,0.316,255,357,0.714,214,778,218,129,81,346,385,2020-2021
46,Charlotte,25,9,16,0.36,-5.68,-2.43,5,11,6,7,3,8,1587,1668,1025,545,1261,0.432,143,441,0.324,354,484,0.731,172,778,282,136,73,335,364,2020-2021
47,Chattanooga,26,18,8,0.692,-1.54,-2.92,9,7,9,3,9,4,1888,1801,1050,667,1522,0.438,218,607,0.359,336,429,0.783,217,881,319,178,48,289,370,2020-2021
48,Chicago State,9,0,9,0,-31.82,1.41,NA,NA,NA,NA,0,7,499,798,360,180,497,0.362,51,203,0.251,88,126,0.698,54,234,89,49,13,140,178,2020-2021
49,Cincinnati,23,12,11,0.522,3.99,7.21,8,6,5,5,5,5,1585,1659,920,566,1339,0.423,163,524,0.311,290,442,0.656,245,832,344,155,87,336,435,2020-2021
50,Clemson,24,16,8,0.667,12.49,9.49,10,6,11,1,2,5,1558,1486,965,562,1323,0.425,198,574,0.345,236,307,0.769,206,783,319,146,69,303,374,2020-2021
51,Cleveland State,27,19,8,0.704,-5.12,-4.82,16,4,9,2,8,5,1914,1922,1105,701,1558,0.45,172,535,0.321,340,507,0.671,284,934,371,188,69,348,524,2020-2021
52,Coastal Carolina,26,18,8,0.692,-2.74,-7.6,9,5,12,1,3,5,2067,1773,1050,732,1604,0.456,221,618,0.358,382,533,0.717,352,1130,404,213,103,394,435,2020-2021
53,Colgate,16,14,2,0.875,13.66,-1.9,11,1,8,1,6,0,1363,1114,645,495,1005,0.493,148,367,0.403,225,311,0.723,152,638,282,113,55,173,259,2020-2021
54,College of Charleston,19,9,10,0.474,-4.96,-3.13,6,4,8,6,1,3,1341,1329,780,481,1066,0.451,158,422,0.374,221,311,0.711,156,623,201,100,53,197,324,2020-2021
55,Colorado,32,23,9,0.719,18.88,9.57,14,6,11,1,6,6,2340,2042,1280,828,1815,0.456,246,661,0.372,438,535,0.819,312,1113,436,167,88,364,526,2020-2021
56,Colorado State,28,20,8,0.714,8.06,1.06,14,4,10,1,6,4,2072,1871,1120,715,1536,0.465,235,666,0.353,407,514,0.792,212,965,408,164,75,378,465,2020-2021
57,Connecticut,23,15,8,0.652,15.77,8.59,11,6,7,3,6,3,1650,1485,925,602,1388,0.434,155,463,0.335,291,403,0.722,311,879,297,142,121,268,432,2020-2021
58,Coppin State,22,9,13,0.409,-12.37,-6.06,8,4,5,3,4,9,1602,1741,880,529,1287,0.411,193,636,0.303,351,564,0.622,164,796,286,188,71,348,394,2020-2021
59,Creighton,31,22,9,0.71,16.28,8.54,14,6,11,3,7,4,2355,2115,1250,878,1862,0.472,293,811,0.361,306,478,0.64,259,1108,485,216,103,341,476,2020-2021
60,Davidson,22,13,9,0.591,9.02,3.4,7,4,7,4,4,2,1579,1411,885,573,1214,0.472,216,594,0.364,217,316,0.687,197,758,332,113,57,236,327,2020-2021
61,Dayton,24,14,10,0.583,6.31,4.35,9,7,8,3,4,6,1674,1627,985,592,1239,0.478,192,516,0.372,298,418,0.713,161,792,325,108,47,346,369,2020-2021
62,Delaware,15,7,8,0.467,-5.19,-5.04,5,4,6,3,1,4,1013,1012,600,347,793,0.438,107,321,0.333,212,297,0.714,131,526,188,69,54,215,262,2020-2021
63,Delaware State,19,3,16,0.158,-24.09,-6.33,1,11,3,6,0,10,1345,1629,765,468,1183,0.396,152,492,0.309,257,357,0.72,205,678,216,123,69,321,404,2020-2021
64,Denver,21,2,19,0.095,-16.4,-5.8,1,13,2,10,0,9,1466,1662,850,519,1171,0.443,141,402,0.351,287,398,0.721,156,636,250,120,54,311,431,2020-2021
65,DePaul,19,5,14,0.263,2.67,8.83,2,13,2,8,2,5,1250,1367,770,481,1154,0.417,103,327,0.315,185,273,0.678,229,717,217,130,74,300,374,2020-2021
66,Detroit Mercy,22,12,10,0.545,-3.66,-6.21,10,6,7,5,5,5,1683,1627,885,598,1290,0.464,225,575,0.391,262,326,0.804,197,719,315,150,54,253,314,2020-2021
67,Drake,31,26,5,0.839,9.42,-0.48,15,3,14,1,9,2,2354,1999,1250,908,1878,0.483,218,594,0.367,320,449,0.713,317,1120,423,216,92,320,487,2020-2021
68,Drexel,20,12,8,0.6,-0.97,-3.92,4,5,3,2,4,5,1407,1348,800,514,1100,0.467,145,391,0.371,234,300,0.78,174,677,298,91,48,256,298,2020-2021
69,Duke,24,13,11,0.542,13.04,8.33,9,9,8,5,3,6,1824,1711,970,692,1479,0.468,201,571,0.352,239,346,0.691,269,851,390,197,109,307,410,2020-2021
70,Duquesne,18,9,9,0.5,2.32,2.49,7,7,5,2,2,5,1205,1208,720,438,1040,0.421,115,385,0.299,214,329,0.65,205,654,241,121,80,240,310,2020-2021
71,East Carolina,19,8,11,0.421,1,3.83,2,10,7,6,1,4,1269,1291,765,449,1094,0.41,109,359,0.304,262,362,0.724,189,653,303,117,59,240,325,2020-2021
72,East Tennessee State,25,13,12,0.52,1.65,0.3,8,7,8,4,3,5,1736,1654,1005,620,1416,0.438,201,575,0.35,295,423,0.697,253,897,295,184,63,339,431,2020-2021
73,Eastern Illinois,27,9,18,0.333,-12.71,-7.19,6,14,5,7,4,11,1874,2023,1095,707,1623,0.436,186,574,0.324,274,417,0.657,285,944,360,193,88,383,435,2020-2021
74,Eastern Kentucky,29,22,7,0.759,-2.68,-8.24,15,5,10,2,9,4,2372,2137,1180,871,1946,0.448,279,778,0.359,351,497,0.706,306,1033,461,299,103,373,533,2020-2021
75,Eastern Michigan,18,6,12,0.333,-14.23,-1.23,3,11,5,4,1,8,1267,1362,720,448,1077,0.416,128,411,0.311,243,326,0.745,169,594,198,159,43,221,274,2020-2021
76,Eastern Washington,24,16,8,0.667,4.03,-3.15,12,3,7,2,6,5,1879,1690,960,667,1425,0.468,204,574,0.355,341,431,0.791,178,848,365,115,70,277,407,2020-2021
77,Elon,19,10,9,0.526,-5.32,-4.43,4,7,4,2,3,6,1249,1235,760,449,1083,0.415,154,474,0.325,197,266,0.741,166,652,206,108,39,219,359,2020-2021
78,Evansville,25,9,16,0.36,-4.85,-0.01,7,11,8,4,1,10,1619,1740,1015,571,1299,0.44,240,637,0.377,237,330,0.718,149,670,291,122,56,274,377,2020-2021
79,Fairfield,27,10,17,0.37,-11.46,-6.57,7,11,4,8,3,8,1668,1800,1090,580,1456,0.398,163,517,0.315,345,496,0.696,265,949,271,125,62,349,480,2020-2021
80,FDU,24,9,15,0.375,-10.17,-6.46,8,10,4,6,5,9,1801,1890,970,645,1432,0.45,194,517,0.375,317,445,0.712,244,813,287,182,93,340,439,2020-2021
81,Florida,25,15,10,0.6,13.7,9.82,9,7,6,3,5,5,1854,1757,1005,663,1407,0.471,169,475,0.356,359,477,0.753,245,882,293,180,131,375,464,2020-2021
82,Florida A&M,20,8,12,0.4,-12.35,-9.55,7,5,4,1,4,10,1314,1370,800,500,1126,0.444,95,303,0.314,219,336,0.652,206,705,265,130,50,338,364,2020-2021
83,Florida Atlantic,23,13,10,0.565,-2.05,-4.94,7,5,7,1,4,7,1796,1537,925,652,1409,0.463,223,587,0.38,269,407,0.661,287,929,335,175,63,318,415,2020-2021
84,Florida Gulf Coast,18,10,8,0.556,-9.63,-7.13,4,5,7,4,2,2,1292,1242,720,483,1126,0.429,146,499,0.293,180,271,0.664,206,700,246,134,77,265,280,2020-2021
85,Florida International,26,9,17,0.346,-11.2,-3.24,2,15,7,8,2,9,1914,1985,1055,690,1604,0.43,273,816,0.335,261,392,0.666,252,847,390,219,105,380,463,2020-2021
86,Florida State,25,18,7,0.72,17.12,9.16,11,4,12,1,3,4,1929,1730,1010,693,1461,0.474,192,510,0.376,351,474,0.741,272,918,363,182,127,359,459,2020-2021
87,Fordham,14,2,12,0.143,-11.69,3.09,2,11,2,5,0,6,725,932,560,257,716,0.359,79,294,0.269,132,197,0.67,95,415,153,87,28,187,221,2020-2021
88,Fresno State,24,12,12,0.5,-3.57,0.07,9,11,7,5,4,6,1591,1618,965,552,1289,0.428,164,499,0.329,323,485,0.666,257,853,249,158,70,344,427,2020-2021
89,Furman,25,16,9,0.64,5.99,-1.69,10,5,11,1,5,7,1990,1723,1005,730,1499,0.487,242,708,0.342,288,398,0.724,223,879,416,205,84,313,428,2020-2021
90,Gardner-Webb,26,11,15,0.423,-3.87,-6.14,10,10,7,4,4,11,1837,1778,1040,651,1465,0.444,232,643,0.361,303,439,0.69,239,895,339,153,125,304,492,2020-2021
91,George Mason,22,13,9,0.591,1.91,0.48,8,6,7,3,3,4,1569,1538,905,578,1347,0.429,160,487,0.329,253,394,0.642,254,834,287,159,95,282,353,2020-2021
92,George Washington,17,5,12,0.294,-5.75,-1.57,3,5,3,6,1,5,1158,1229,685,411,928,0.443,102,315,0.324,234,335,0.699,136,582,194,107,46,233,247,2020-2021
93,Georgetown,26,13,13,0.5,10.13,10.36,7,9,7,6,2,6,1857,1863,1045,644,1521,0.423,216,592,0.365,353,469,0.753,298,1034,333,153,101,395,413,2020-2021
94,Georgia,26,14,12,0.538,6.62,8.02,7,11,12,5,2,6,2014,2027,1045,734,1603,0.458,165,509,0.324,381,553,0.689,318,973,389,220,64,433,484,2020-2021
95,Georgia Southern,26,13,13,0.5,-10.22,-6.26,7,9,9,4,4,8,1860,1762,1070,686,1536,0.447,194,608,0.319,294,463,0.635,306,964,324,210,101,374,444,2020-2021
96,Georgia State,22,16,6,0.727,-1.7,-4.6,8,4,9,1,5,4,1767,1599,900,649,1386,0.468,178,497,0.358,291,425,0.685,250,826,369,157,97,255,365,2020-2021
97,Georgia Tech,26,17,9,0.654,12.79,7.91,11,6,11,3,4,5,1948,1821,1065,722,1514,0.477,192,551,0.348,312,430,0.726,205,787,412,236,90,290,410,2020-2021
98,Gonzaga,32,31,1,0.969,27.2,5.92,15,0,12,0,7,0,2911,2230,1285,1079,1965,0.549,240,652,0.368,513,703,0.73,289,1189,601,254,90,385,521,2020-2021
99,Grambling,24,12,12,0.5,-14.27,-12.49,9,6,6,4,5,7,1617,1649,965,562,1313,0.428,125,377,0.332,368,553,0.665,207,827,337,195,73,371,433,2020-2021
100,Grand Canyon,24,17,7,0.708,5.11,-3.46,9,3,10,3,5,1,1812,1491,960,676,1384,0.488,163,496,0.329,297,434,0.684,254,958,390,116,72,308,412,2020-2021
101,Green Bay,25,8,17,0.32,-10.15,-5.23,8,12,6,6,2,11,1790,1913,1030,656,1507,0.435,170,511,0.333,308,411,0.749,228,817,352,138,90,269,405,2020-2021
102,Hampton,25,11,14,0.44,-13.67,-9.27,9,9,5,7,6,7,1721,1831,1000,619,1437,0.431,185,557,0.332,298,411,0.725,196,844,292,152,149,318,426,2020-2021
103,Hartford,24,15,9,0.625,-3.45,-4.95,8,6,10,1,5,6,1570,1534,960,562,1305,0.431,179,554,0.323,267,373,0.716,191,798,264,166,54,315,386,2020-2021
104,Hawaii,21,11,10,0.524,-2.98,-2.72,9,9,7,5,4,4,1503,1452,855,534,1208,0.442,164,456,0.36,271,376,0.721,217,752,246,119,32,291,350,2020-2021
105,High Point,24,9,15,0.375,-10.78,-7.58,6,11,5,5,4,10,1600,1677,965,564,1357,0.416,115,396,0.29,357,520,0.687,279,852,292,157,91,303,428,2020-2021
106,Hofstra,23,13,10,0.565,-2.77,-2.94,8,6,7,3,5,6,1683,1679,925,595,1342,0.443,174,527,0.33,317,443,0.716,241,816,293,152,68,279,368,2020-2021
107,Holy Cross,16,5,11,0.313,-4.99,0.45,5,11,2,7,3,4,1130,1217,645,423,952,0.444,111,314,0.354,173,248,0.698,150,523,193,110,63,206,305,2020-2021
108,Houston,32,28,4,0.875,21.66,5.37,14,3,15,0,5,3,2434,1863,1280,854,1961,0.435,291,823,0.354,435,595,0.731,458,1296,446,255,149,341,575,2020-2021
109,Houston Christian,25,6,19,0.24,-16.72,-5.72,4,11,4,6,1,12,1776,2007,1005,635,1485,0.428,202,588,0.344,304,415,0.733,228,849,354,176,92,418,424,2020-2021
110,Howard,5,1,4,0.2,-14.26,-2.51,NA,NA,1,1,NA,NA,363,424,200,123,283,0.435,38,123,0.309,79,110,0.718,41,177,74,26,25,72,89,2020-2021
111,Idaho,22,1,21,0.045,-18.32,-2.91,1,17,1,9,0,11,1343,1682,890,489,1133,0.432,122,358,0.341,243,335,0.725,152,657,266,109,43,360,416,2020-2021
112,Idaho State,24,13,11,0.542,-8.39,-5.71,8,6,8,3,5,5,1637,1481,970,559,1261,0.443,166,499,0.333,353,496,0.712,243,861,273,108,83,357,442,2020-2021
113,Illinois,31,24,7,0.774,23.25,11.34,16,4,11,2,9,3,2497,2128,1255,909,1819,0.5,203,544,0.373,476,690,0.69,322,1239,506,176,87,404,549,2020-2021
114,Illinois State,25,7,18,0.28,-5.45,0.38,4,14,3,8,3,9,1799,1870,1015,679,1477,0.46,195,566,0.345,246,372,0.661,206,881,345,150,84,345,411,2020-2021
115,Illinois-Chicago,22,9,13,0.409,-12.06,-7.42,6,10,7,4,2,9,1489,1591,890,558,1301,0.429,178,544,0.327,195,296,0.659,183,766,297,81,68,291,409,2020-2021
116,Incarnate Word,22,8,14,0.364,-15.91,-8.33,5,9,5,7,3,6,1495,1578,885,524,1178,0.445,168,449,0.374,279,397,0.703,171,685,269,118,41,308,396,2020-2021
117,Indiana,27,12,15,0.444,12.79,12.45,7,12,6,6,3,7,1882,1873,1115,654,1510,0.433,158,488,0.324,416,626,0.665,242,933,376,155,101,322,479,2020-2021
118,Indiana State,25,15,10,0.6,2.04,1.91,11,7,9,3,5,6,1662,1645,1000,580,1338,0.433,149,446,0.334,353,481,0.734,207,796,267,164,73,302,373,2020-2021
119,Iona,18,12,6,0.667,-1.2,-6.42,6,3,4,2,4,3,1283,1189,720,446,1010,0.442,132,381,0.346,259,348,0.744,194,663,245,123,75,281,389,2020-2021
120,Iowa,31,22,9,0.71,21.4,10.43,14,6,14,2,6,4,2595,2255,1245,923,1961,0.471,301,780,0.386,448,627,0.715,346,1231,594,173,141,294,461,2020-2021
121,Iowa State,24,2,22,0.083,-0.72,10.4,0,18,2,10,0,11,1574,1841,960,591,1413,0.418,175,546,0.321,217,277,0.783,206,758,278,156,75,357,447,2020-2021
122,IU Indy,18,8,10,0.444,-11.65,-7.03,7,9,4,5,4,5,1281,1364,720,452,1069,0.423,143,416,0.344,234,326,0.718,168,608,239,124,40,250,340,2020-2021
123,Jackson State,18,12,6,0.667,-11.27,-14.05,11,0,6,0,5,5,1181,1131,730,397,1002,0.396,100,294,0.34,287,422,0.68,187,661,190,147,59,277,348,2020-2021
124,Jacksonville,24,11,13,0.458,-11.15,-6.74,5,9,7,5,4,8,1622,1668,965,577,1320,0.437,170,526,0.323,298,449,0.664,206,800,269,164,63,343,372,2020-2021
125,Jacksonville State,27,18,9,0.667,-3.02,-6.06,13,6,8,3,7,5,2005,1851,1095,723,1568,0.461,219,616,0.356,340,496,0.685,299,1048,383,135,94,360,413,2020-2021
126,James Madison,20,13,7,0.65,-0.11,-3.17,8,2,10,3,3,3,1562,1409,800,543,1201,0.452,166,486,0.342,310,464,0.668,220,747,276,149,41,243,375,2020-2021
127,Kansas,30,21,9,0.7,15.29,10.26,12,6,14,1,4,6,2191,2010,1205,789,1809,0.436,227,663,0.342,386,539,0.716,333,1124,415,207,119,359,460,2020-2021
128,Kansas City,24,11,13,0.458,-4.92,-2.67,7,7,8,3,2,8,1683,1502,960,642,1292,0.497,149,407,0.366,250,379,0.66,175,730,355,190,50,300,524,2020-2021
129,Kansas State,29,9,20,0.31,0.76,9.04,4,14,6,12,2,7,1792,2037,1160,649,1577,0.412,191,645,0.296,303,456,0.664,296,953,377,161,44,431,492,2020-2021
130,Kennesaw State,24,5,19,0.208,-14.15,-3.67,2,13,4,9,0,9,1571,1672,960,571,1359,0.42,164,526,0.312,265,402,0.659,215,815,260,138,60,341,429,2020-2021
131,Kent State,23,15,8,0.652,1.74,-1.9,12,6,9,2,6,5,1764,1635,925,635,1432,0.443,185,567,0.326,309,397,0.778,289,900,330,156,75,312,391,2020-2021
132,Kentucky,25,9,16,0.36,11.77,11.49,8,9,5,6,4,7,1761,1754,1010,615,1476,0.417,160,477,0.335,371,509,0.729,300,951,313,157,148,349,450,2020-2021
133,La Salle,25,9,16,0.36,-3.57,2.85,6,11,6,3,3,11,1702,1838,1005,633,1453,0.436,195,573,0.34,241,352,0.685,234,829,318,186,83,361,431,2020-2021
134,Lafayette,15,9,6,0.6,-5.38,-6.38,9,5,6,3,3,3,1165,1150,620,405,928,0.436,129,358,0.36,226,281,0.804,133,525,243,94,51,163,280,2020-2021
135,Lamar,28,10,18,0.357,-13.1,-6.57,7,10,5,5,3,11,1843,2026,1130,670,1608,0.417,139,445,0.312,364,496,0.734,269,967,332,200,118,396,466,2020-2021
136,Lehigh,15,4,11,0.267,-12.85,-4.58,4,10,1,5,3,6,1025,1149,605,388,901,0.431,73,231,0.316,176,251,0.701,137,521,191,90,32,196,268,2020-2021
137,Liberty,29,23,6,0.793,4.06,-6.14,11,2,13,0,5,3,2157,1739,1160,782,1605,0.487,297,761,0.39,296,381,0.777,202,971,458,135,71,289,429,2020-2021
138,Lipscomb,27,15,12,0.556,-7.07,-5.63,9,6,10,4,4,7,1922,1848,1085,687,1493,0.46,200,569,0.351,348,503,0.692,208,918,364,167,53,326,376,2020-2021
139,Little Rock,26,11,15,0.423,-6.36,-5.4,7,11,7,4,2,8,1786,1782,1050,638,1401,0.455,147,472,0.311,363,517,0.702,261,898,354,165,86,392,419,2020-2021
140,Long Beach State,18,6,12,0.333,-8.5,-2.83,4,8,4,3,1,8,1328,1430,740,466,1047,0.445,127,354,0.359,269,395,0.681,147,630,210,112,52,288,349,2020-2021
141,Long Island University,18,9,9,0.5,-7.76,-8.82,9,9,6,3,3,6,1332,1313,720,479,1155,0.415,134,467,0.287,240,360,0.667,240,705,293,152,69,259,315,2020-2021
142,Longwood,29,12,17,0.414,-7.93,-6.4,10,10,8,5,4,11,1920,1966,1160,685,1579,0.434,207,600,0.345,343,498,0.689,273,954,309,177,52,381,499,2020-2021
143,Louisiana,26,17,9,0.654,-4.84,-5.5,10,7,10,3,6,4,1934,1892,1050,713,1607,0.444,185,532,0.348,323,463,0.698,317,1027,332,145,122,388,457,2020-2021
144,Louisiana State,29,19,10,0.655,15.7,9.14,11,6,11,2,4,6,2371,2181,1165,836,1823,0.459,234,674,0.347,465,619,0.751,330,1113,351,225,85,329,505,2020-2021
145,Louisiana Tech,32,24,8,0.75,6.63,-0.21,12,4,15,1,5,5,2339,2094,1280,832,1870,0.445,240,698,0.344,435,639,0.681,323,1224,418,217,93,411,497,2020-2021
146,Louisiana-Monroe,26,7,19,0.269,-10.59,-5.9,5,13,5,8,2,10,1670,1792,1045,609,1464,0.416,194,571,0.34,258,367,0.703,205,791,355,193,74,338,433,2020-2021
147,Louisville,20,13,7,0.65,10.35,8.9,8,5,9,2,4,4,1359,1330,805,494,1146,0.431,107,347,0.308,264,368,0.717,225,764,221,96,37,229,338,2020-2021
148,Loyola (IL),31,26,5,0.839,15.12,1.37,16,2,13,0,8,3,2202,1738,1250,804,1614,0.498,221,606,0.365,373,519,0.719,230,1008,490,215,75,364,444,2020-2021
149,Loyola (MD),17,6,11,0.353,-2.29,-3.47,4,10,3,4,3,7,1226,1206,710,461,992,0.465,92,301,0.306,212,351,0.604,191,639,221,116,54,245,308,2020-2021
150,Loyola Marymount,22,13,9,0.591,5.55,4.05,7,5,8,3,4,5,1529,1496,885,525,1147,0.458,135,400,0.338,344,474,0.726,215,772,280,103,58,351,417,2020-2021
151,Maine,9,2,7,0.222,-15.66,-4.21,2,6,1,1,1,6,478,581,360,172,452,0.381,64,203,0.315,70,123,0.569,69,281,108,51,40,147,161,2020-2021
152,Manhattan,20,7,13,0.35,-12.2,-8.35,6,12,4,6,3,6,1268,1345,825,439,1165,0.377,115,435,0.264,275,413,0.666,253,724,237,154,74,288,453,2020-2021
153,Marist,21,12,9,0.571,-8.99,-8.8,10,8,6,3,6,5,1332,1336,850,475,1113,0.427,142,458,0.31,240,351,0.684,158,736,229,114,84,303,370,2020-2021
154,Marquette,27,13,14,0.481,8.51,8.58,8,11,7,7,6,6,1883,1885,1085,661,1484,0.445,179,555,0.323,382,520,0.735,258,979,333,137,100,388,465,2020-2021
155,Marshall,22,15,7,0.682,5.7,-1.66,9,5,9,3,6,3,1758,1596,885,656,1382,0.475,204,567,0.36,242,334,0.725,183,778,349,172,114,263,333,2020-2021
156,Maryland,31,17,14,0.548,13.94,11.97,9,11,11,6,4,6,2135,2034,1240,753,1636,0.46,253,708,0.357,376,538,0.699,195,1013,415,155,103,343,455,2020-2021
157,Maryland-Baltimore County,20,14,6,0.7,-1.05,-5.7,10,4,5,4,9,2,1391,1298,800,483,1099,0.439,139,408,0.341,286,402,0.711,175,730,219,102,35,258,336,2020-2021
158,Massachusetts,15,8,7,0.533,4.77,1.03,6,4,4,3,3,3,1151,1095,615,394,920,0.428,132,405,0.326,231,315,0.733,136,517,224,110,61,181,261,2020-2021
159,Massachusetts-Lowell,23,11,12,0.478,-6.05,-3.61,7,8,3,4,6,6,1575,1631,920,560,1240,0.452,150,433,0.346,305,461,0.662,201,794,267,115,89,334,469,2020-2021
160,McNeese State,24,10,14,0.417,-18.34,-11.46,4,11,7,5,3,8,1927,1722,960,718,1456,0.493,204,526,0.388,287,417,0.688,255,896,443,172,49,359,410,2020-2021
161,Memphis,28,20,8,0.714,13.81,4.13,11,4,10,1,4,3,2027,1756,1120,737,1661,0.444,218,600,0.363,335,543,0.617,339,1121,447,248,136,437,531,2020-2021
162,Mercer,29,18,11,0.621,1.28,-1.6,8,9,9,4,6,6,2225,2082,1180,832,1738,0.479,250,673,0.371,311,433,0.718,252,1053,479,200,86,373,445,2020-2021
163,Merrimack,18,9,9,0.5,-9.06,-8.67,9,9,6,3,3,6,1193,1200,725,434,967,0.449,126,398,0.317,199,300,0.663,124,556,216,144,68,245,305,2020-2021
164,Miami (FL),27,10,17,0.37,3.23,7.75,4,15,7,8,1,8,1794,1916,1085,647,1524,0.425,150,508,0.295,350,500,0.7,257,944,305,179,104,340,333,2020-2021
165,Miami (OH),23,12,11,0.522,-2.67,-2.72,9,8,7,4,5,6,1663,1647,925,598,1369,0.437,197,540,0.365,270,348,0.776,226,798,278,102,59,248,388,2020-2021
166,Michigan,28,23,5,0.821,22,11.25,14,3,13,1,6,2,2123,1822,1125,771,1598,0.482,206,541,0.381,373,485,0.769,250,1049,443,120,117,315,412,2020-2021
167,Michigan State,28,15,13,0.536,9.8,11.48,9,11,12,3,3,8,1944,1991,1125,697,1635,0.426,178,555,0.321,372,512,0.727,304,1048,444,125,132,364,554,2020-2021
168,Middle Tennessee,23,5,18,0.217,-10.78,-0.78,3,13,5,6,0,9,1426,1627,920,511,1323,0.386,171,528,0.324,233,341,0.683,223,768,229,164,52,345,372,2020-2021
169,Milwaukee,22,10,12,0.455,-7.71,-6.98,7,10,4,5,6,6,1662,1678,900,588,1348,0.436,159,484,0.329,327,447,0.732,197,770,285,134,47,244,405,2020-2021
170,Minnesota,29,14,15,0.483,11.04,11.73,6,14,13,4,0,10,2103,2123,1175,704,1794,0.392,207,730,0.284,488,659,0.741,340,1067,399,183,134,324,538,2020-2021
171,Mississippi,28,16,12,0.571,11.18,6,10,8,10,4,5,6,1927,1782,1125,700,1587,0.441,146,486,0.3,381,543,0.702,338,1024,342,211,109,392,481,2020-2021
172,Mississippi State,33,18,15,0.545,9.24,6.79,8,10,9,6,5,4,2287,2206,1340,847,1866,0.454,179,522,0.343,414,629,0.658,400,1287,428,207,149,498,512,2020-2021
173,Mississippi Valley State,24,2,22,0.083,-38.17,-7.63,2,13,1,5,1,16,1364,2097,960,480,1347,0.356,214,651,0.329,190,332,0.572,168,749,264,110,71,430,428,2020-2021
174,Missouri,26,16,10,0.615,12.37,10.87,8,8,8,4,6,4,1909,1870,1050,668,1497,0.446,184,567,0.325,389,555,0.701,255,928,345,173,92,346,512,2020-2021
175,Missouri State,24,17,7,0.708,5.16,-0.02,12,6,9,4,7,2,1762,1594,960,637,1332,0.478,180,515,0.35,308,415,0.742,188,887,325,112,69,305,369,2020-2021
176,Monmouth,20,12,8,0.6,-5.88,-7.63,12,6,7,2,5,5,1521,1486,815,518,1226,0.423,154,424,0.363,331,468,0.707,198,749,280,166,70,268,415,2020-2021
177,Montana,28,15,13,0.536,-3.65,-1.57,7,9,8,4,5,8,1981,1876,1135,697,1514,0.46,154,425,0.362,433,554,0.782,214,927,356,137,72,371,552,2020-2021
178,Montana State,23,13,10,0.565,-5.62,-4.62,8,6,5,3,6,6,1703,1655,935,586,1298,0.451,142,431,0.329,389,515,0.755,198,777,254,129,52,288,431,2020-2021
179,Morehead State,31,23,8,0.742,-0.95,-4.33,17,3,12,1,8,5,2132,1986,1250,765,1651,0.463,205,579,0.354,397,584,0.68,316,1155,397,136,155,477,446,2020-2021
180,Morgan State,22,14,8,0.636,-6.55,-11.24,7,5,5,5,7,2,1755,1606,880,602,1389,0.433,182,530,0.343,369,499,0.739,296,873,326,173,82,344,455,2020-2021
181,Mount St. Mary's,23,12,11,0.522,-5.67,-6.67,9,7,6,3,6,6,1454,1431,930,527,1241,0.425,152,455,0.334,248,370,0.67,241,858,266,98,98,297,340,2020-2021
182,Murray State,26,13,13,0.5,-2.86,-8.2,10,10,9,4,4,8,1986,1739,1045,757,1522,0.497,212,576,0.368,260,387,0.672,239,939,435,175,91,347,432,2020-2021
183,Navy,18,15,3,0.833,1.02,-3.48,12,1,8,2,6,1,1287,1206,730,466,1042,0.447,111,340,0.326,244,344,0.709,204,631,222,147,43,223,301,2020-2021
184,NC State,25,14,11,0.56,9.6,6.48,9,8,7,4,5,5,1820,1742,1005,671,1425,0.471,167,464,0.36,311,443,0.702,245,814,328,202,106,321,400,2020-2021
185,Nebraska,27,7,20,0.259,6.08,12.28,3,16,6,9,1,10,1889,2004,1085,671,1604,0.418,228,684,0.333,319,499,0.639,240,979,369,193,88,380,473,2020-2021
186,Nevada,26,16,10,0.615,5.4,2.12,8,7,10,2,2,7,1916,1812,1040,646,1445,0.447,201,567,0.354,423,560,0.755,213,928,374,145,77,330,519,2020-2021
187,Nevada-Las Vegas,27,12,15,0.444,-1.48,1.01,8,10,8,4,3,7,1875,1822,1080,706,1587,0.445,225,639,0.352,238,336,0.708,277,973,356,172,76,338,488,2020-2021
188,New Hampshire,19,10,9,0.526,-8.2,-6.7,9,6,5,6,5,3,1278,1266,765,452,1124,0.402,129,405,0.319,245,358,0.684,205,706,213,104,55,209,344,2020-2021
189,New Mexico,22,6,16,0.273,-12.38,-1.73,1,8,NA,NA,3,8,1436,1578,890,538,1303,0.413,105,382,0.275,255,426,0.599,291,839,277,126,87,328,397,2020-2021
190,New Mexico State,20,12,8,0.6,-1.21,-5.09,7,6,4,2,5,5,1422,1283,800,492,1156,0.426,175,553,0.316,263,361,0.729,235,722,249,100,48,243,359,2020-2021
191,New Orleans,25,10,15,0.4,-10.91,-9.74,8,7,6,3,2,10,1899,1910,1010,703,1476,0.476,137,417,0.329,356,483,0.737,245,880,391,190,70,421,522,2020-2021
192,Niagara,20,9,11,0.45,-7.54,-6.99,7,9,5,3,3,7,1293,1304,800,448,1099,0.408,128,409,0.313,269,380,0.708,163,631,236,117,39,199,340,2020-2021
193,Nicholls State,25,18,7,0.72,-5.21,-8.71,14,2,8,1,7,5,1960,1831,1010,734,1611,0.456,194,605,0.321,298,446,0.668,273,952,336,228,83,326,462,2020-2021
194,NJIT,19,7,12,0.368,-9.75,-5.7,6,10,3,5,4,6,1256,1333,770,440,1088,0.404,119,390,0.305,257,372,0.691,168,596,181,127,42,212,336,2020-2021
195,Norfolk State,25,17,8,0.68,-6.16,-8.51,8,4,7,4,6,3,1839,1742,1005,630,1477,0.427,194,528,0.367,385,546,0.705,248,907,302,163,80,322,481,2020-2021
196,North Alabama,24,13,11,0.542,-10.05,-6.3,7,8,8,4,3,6,1756,1666,970,624,1457,0.428,192,569,0.337,316,424,0.745,263,936,272,141,77,332,423,2020-2021
197,North Carolina,29,18,11,0.621,14.79,9.52,10,6,10,1,3,7,2181,2028,1160,801,1826,0.439,162,509,0.318,417,624,0.668,454,1242,443,204,137,423,486,2020-2021
198,North Carolina A&T,21,11,10,0.524,-14.27,-8.06,7,1,5,4,5,6,1517,1523,845,536,1273,0.421,137,429,0.319,308,468,0.658,228,736,285,183,56,294,367,2020-2021
199,North Carolina Central,14,5,9,0.357,-15.99,-8.76,3,5,4,2,0,6,942,1003,565,333,791,0.421,95,280,0.339,181,261,0.693,130,458,169,102,39,205,293,2020-2021
200,North Dakota,26,9,17,0.346,-10.35,-3.35,8,8,5,3,3,11,1787,1969,1055,623,1454,0.428,190,564,0.337,351,503,0.698,214,844,306,134,55,340,448,2020-2021
201,North Dakota State,27,15,12,0.556,-0.65,-2.72,11,5,6,2,5,7,1883,1827,1085,659,1491,0.442,184,540,0.341,381,501,0.76,256,998,285,105,69,338,430,2020-2021
202,North Florida,23,8,15,0.348,-11.48,-4.62,6,6,5,3,3,10,1601,1725,920,570,1282,0.445,229,625,0.366,232,325,0.714,204,750,297,102,76,344,386,2020-2021
203,North Texas,28,18,10,0.643,7.58,1.02,9,5,8,3,5,6,1954,1745,1130,717,1516,0.473,214,571,0.375,306,411,0.745,238,927,373,182,81,360,440,2020-2021
204,Northeastern,19,10,9,0.526,-1.09,0.02,8,2,5,1,4,7,1277,1298,765,457,1044,0.438,162,458,0.354,201,271,0.742,126,623,234,119,44,257,299,2020-2021
205,Northern Arizona,22,6,16,0.273,-12.97,-1.61,4,10,1,7,4,7,1390,1640,885,505,1197,0.422,139,397,0.35,241,364,0.662,178,628,238,120,34,259,395,2020-2021
206,Northern Colorado,22,11,11,0.5,-6.7,-4.22,6,8,6,5,4,5,1551,1519,885,549,1221,0.45,199,528,0.377,254,381,0.667,175,758,242,95,59,309,397,2020-2021
207,Northern Illinois,19,3,16,0.158,-17.9,-2.8,2,12,2,7,1,9,1184,1471,765,456,1143,0.399,104,321,0.324,168,273,0.615,243,684,204,110,65,261,342,2020-2021
208,Northern Iowa,25,10,15,0.4,-1.75,2.43,7,11,6,5,3,7,1738,1779,1010,647,1461,0.443,186,572,0.325,258,378,0.683,229,890,329,161,64,326,380,2020-2021
209,Northern Kentucky,25,14,11,0.56,-6.78,-6.9,11,7,9,4,5,6,1784,1781,1015,658,1477,0.445,179,584,0.307,289,410,0.705,305,872,295,161,41,312,417,2020-2021
210,Northwestern,24,9,15,0.375,9.71,11.76,6,13,7,6,2,8,1686,1681,970,607,1401,0.433,200,566,0.353,272,379,0.718,180,808,352,148,63,284,424,2020-2021
211,Northwestern State,29,11,18,0.379,-13.48,-4.94,9,7,6,4,4,12,2106,2312,1170,770,1788,0.431,210,603,0.348,356,530,0.672,297,1031,376,202,85,419,544,2020-2021
212,Notre Dame,26,11,15,0.423,7.73,9.38,7,11,6,5,4,8,1890,1933,1040,679,1479,0.459,236,642,0.368,296,383,0.773,187,868,387,111,102,275,334,2020-2021
213,Oakland,30,12,18,0.4,-9.33,-2.8,10,10,5,4,6,11,2240,2436,1240,773,1855,0.417,259,778,0.333,435,616,0.706,346,1054,444,248,56,390,441,2020-2021
214,Ohio,25,17,8,0.68,5.48,-0.57,9,5,8,3,4,4,1980,1815,1000,728,1519,0.479,209,593,0.352,315,448,0.703,240,883,437,161,52,301,396,2020-2021
215,Ohio State,31,21,10,0.677,18.25,12.19,12,8,10,4,7,4,2392,2204,1255,819,1786,0.459,252,700,0.36,502,664,0.756,302,1135,406,140,108,329,571,2020-2021
216,Oklahoma,27,16,11,0.593,13.52,8.86,9,8,10,3,4,7,2012,1886,1095,722,1630,0.443,212,622,0.341,356,478,0.745,259,965,359,193,98,296,398,2020-2021
217,Oklahoma State,30,21,9,0.7,13.65,9.78,11,7,10,3,8,4,2297,2181,1225,816,1780,0.458,190,573,0.332,475,669,0.71,332,1150,385,224,132,467,516,2020-2021
218,Old Dominion,23,15,8,0.652,-1.1,-0.87,11,5,9,1,6,6,1571,1556,925,586,1308,0.448,113,392,0.288,286,413,0.692,224,826,278,172,86,291,365,2020-2021
219,Omaha,25,5,20,0.2,-12.73,-2.09,3,11,1,5,3,12,1683,1949,1000,625,1494,0.418,133,397,0.335,300,436,0.688,212,853,236,141,75,327,471,2020-2021
220,Oral Roberts,29,18,11,0.621,1.73,-0.04,10,5,8,3,5,7,2352,2192,1165,811,1805,0.449,323,850,0.38,407,496,0.821,237,1006,370,191,111,330,502,2020-2021
221,Oregon,28,21,7,0.75,16.15,9.65,14,4,11,2,7,2,2097,1915,1160,779,1652,0.472,234,621,0.377,305,429,0.711,263,926,389,208,103,319,434,2020-2021
222,Oregon State,33,20,13,0.606,11.48,10.82,10,10,10,6,4,6,2325,2232,1330,803,1842,0.436,230,645,0.357,489,642,0.762,334,1133,480,191,116,383,620,2020-2021
223,Pacific,18,9,9,0.5,2.64,5.23,6,7,6,2,3,6,1256,1272,735,479,1093,0.438,93,311,0.299,205,302,0.679,182,622,233,116,61,215,335,2020-2021
224,Penn State,25,11,14,0.44,13.53,13.89,7,12,7,5,3,8,1816,1825,1010,637,1562,0.408,221,654,0.338,321,435,0.738,305,913,335,198,59,286,446,2020-2021
225,Pepperdine,27,15,12,0.556,5.65,5.01,7,6,7,5,3,5,2076,1988,1100,744,1608,0.463,187,573,0.326,401,511,0.785,218,949,440,175,87,354,513,2020-2021
226,Pittsburgh,22,10,12,0.455,7.8,6.75,6,10,7,6,3,5,1566,1543,880,554,1283,0.432,144,426,0.338,314,473,0.664,279,843,321,133,83,277,381,2020-2021
227,Portland,21,6,15,0.286,-12.58,5.08,0,11,5,8,1,6,1459,1748,845,488,1187,0.411,153,451,0.339,330,426,0.775,138,600,250,132,61,292,340,2020-2021
228,Portland State,22,9,13,0.409,-6.33,-4.66,6,8,7,6,2,6,1512,1463,885,532,1335,0.399,152,517,0.294,296,437,0.677,287,832,247,182,66,305,443,2020-2021
229,Prairie View,21,16,5,0.762,-8.02,-15.07,13,0,8,0,5,3,1497,1349,840,567,1265,0.448,139,457,0.304,224,342,0.655,235,739,333,202,89,288,437,2020-2021
230,Presbyterian,22,7,15,0.318,-13.96,-9,5,12,5,6,2,9,1411,1476,885,499,1199,0.416,128,418,0.306,285,416,0.685,248,739,235,154,49,334,440,2020-2021
231,Providence,26,13,13,0.5,8.94,8.82,9,10,8,3,4,7,1816,1813,1060,657,1529,0.43,164,513,0.32,338,483,0.7,275,928,350,147,78,306,441,2020-2021
232,Purdue,28,18,10,0.643,15.55,11.23,13,6,11,1,5,6,1989,1868,1130,714,1596,0.447,201,603,0.333,360,506,0.711,312,1054,399,142,98,350,491,2020-2021
233,Purdue Fort Wayne,23,8,15,0.348,-12.15,-8.63,6,14,5,6,3,9,1728,1809,955,631,1259,0.501,204,510,0.4,262,380,0.689,177,721,328,156,64,393,413,2020-2021
234,Quinnipiac,22,9,13,0.409,-9.1,-7.6,7,10,8,5,1,5,1485,1518,895,505,1258,0.401,169,522,0.324,306,445,0.688,170,793,279,123,100,313,420,2020-2021
235,Radford,27,15,12,0.556,-6.2,-6.6,12,6,9,5,6,6,1826,1745,1100,644,1408,0.457,158,504,0.313,380,558,0.681,297,1000,301,164,48,403,425,2020-2021
236,Rhode Island,25,10,15,0.4,5.29,4.93,7,10,6,3,2,9,1786,1777,1020,635,1436,0.442,143,458,0.312,373,558,0.668,266,962,303,164,114,353,444,2020-2021
237,Rice,28,15,13,0.536,-3.73,-1.49,6,10,9,3,3,9,2068,2062,1120,731,1660,0.44,286,800,0.358,320,438,0.731,264,1036,427,153,60,424,388,2020-2021
238,Richmond,23,14,9,0.609,9.04,5,6,5,6,4,5,3,1717,1587,920,624,1321,0.472,173,484,0.357,296,407,0.727,154,692,327,204,49,241,356,2020-2021
239,Rider,23,6,17,0.261,-12.24,-5.76,5,13,1,8,4,8,1553,1702,925,564,1318,0.428,145,411,0.353,280,382,0.733,206,765,284,117,47,291,431,2020-2021
240,Robert Morris,19,4,15,0.211,-13.2,-5.53,3,12,3,6,1,9,1374,1494,790,518,1169,0.443,142,394,0.36,196,299,0.656,207,646,299,124,57,254,348,2020-2021
241,Rutgers,28,16,12,0.571,14.14,12.5,10,10,10,4,4,6,1939,1893,1125,741,1652,0.449,172,551,0.312,285,448,0.636,272,988,384,213,144,321,490,2020-2021
242,Sacramento State,20,8,12,0.4,-7.76,-3.65,5,9,5,3,3,8,1443,1442,815,531,1157,0.459,133,362,0.367,248,365,0.679,187,627,255,138,45,202,356,2020-2021
243,Sacred Heart,18,9,9,0.5,-12.19,-7.47,9,7,4,3,5,6,1265,1350,735,431,1046,0.412,143,434,0.329,260,351,0.741,195,647,241,88,38,233,299,2020-2021
244,Saint Francis (PA),22,6,16,0.273,-10.3,-5.8,5,13,4,6,2,10,1515,1614,890,541,1266,0.427,129,417,0.309,304,426,0.714,228,779,282,127,47,312,378,2020-2021
245,Saint Joseph's,20,5,15,0.25,-4.56,5.89,3,9,3,3,1,9,1443,1652,825,506,1238,0.409,191,609,0.314,240,331,0.725,165,675,287,120,36,281,358,2020-2021
246,Saint Louis,21,14,7,0.667,11.76,2.19,6,4,12,1,1,4,1575,1374,840,586,1269,0.462,137,394,0.348,266,378,0.704,259,806,369,155,69,255,358,2020-2021
247,Saint Mary's (CA),24,14,10,0.583,8.05,6.43,4,6,9,3,2,3,1542,1503,960,562,1331,0.422,148,503,0.294,270,368,0.734,203,825,257,145,74,270,400,2020-2021
248,Saint Peter's,25,14,11,0.56,-5.48,-7.2,10,8,8,3,4,7,1580,1537,1000,555,1386,0.4,154,477,0.323,316,453,0.698,275,926,292,201,133,371,500,2020-2021
249,Sam Houston,28,19,9,0.679,-3.29,-4.87,13,3,12,1,7,6,2229,1969,1120,797,1758,0.453,255,715,0.357,380,549,0.692,320,1033,435,237,88,402,565,2020-2021
250,Samford,19,6,13,0.316,-8.93,-1.63,2,9,4,5,2,7,1460,1510,775,541,1218,0.444,151,484,0.312,227,331,0.686,222,755,283,129,47,308,397,2020-2021
251,San Diego,14,3,11,0.214,-5.22,5.64,2,7,0,5,3,5,927,1079,565,352,847,0.416,82,270,0.304,141,217,0.65,112,469,185,94,48,185,252,2020-2021
252,San Diego State,28,23,5,0.821,14.36,2.99,14,3,13,2,6,2,2062,1713,1125,719,1596,0.451,240,651,0.369,384,534,0.719,274,1003,390,229,78,310,515,2020-2021
253,San Francisco,25,11,14,0.44,6,3.84,4,9,3,5,4,6,1786,1732,1000,647,1515,0.427,259,762,0.34,233,324,0.719,226,831,298,179,83,292,483,2020-2021
254,San Jose State,21,5,16,0.238,-17.5,0.98,2,12,4,6,0,8,1381,1708,840,493,1257,0.392,157,494,0.318,238,364,0.654,173,722,213,99,57,265,349,2020-2021
255,Santa Clara,20,12,8,0.6,-0.05,2.16,4,5,6,3,4,3,1393,1412,800,486,1121,0.434,110,359,0.306,311,455,0.684,164,729,240,88,78,260,357,2020-2021
256,Seattle,23,12,11,0.522,-5.24,-3.51,4,5,6,3,3,6,1677,1578,925,593,1426,0.416,186,593,0.314,305,416,0.733,238,776,264,151,80,246,434,2020-2021
257,Seton Hall,27,14,13,0.519,11.12,9.53,10,9,7,4,6,7,1924,1881,1095,673,1525,0.441,180,561,0.321,398,544,0.732,276,941,347,170,118,350,442,2020-2021
258,Siena,17,12,5,0.706,-3.99,-8.58,12,4,6,2,6,2,1149,1071,680,411,894,0.46,108,314,0.344,219,333,0.658,152,594,215,94,56,219,264,2020-2021
259,South Alabama,28,17,11,0.607,-6.03,-5.86,10,7,10,5,6,5,2075,1985,1135,715,1621,0.441,256,707,0.362,389,542,0.718,269,996,314,200,91,333,434,2020-2021
260,South Carolina,21,6,15,0.286,3.39,10.01,4,12,3,6,2,7,1523,1662,840,566,1364,0.415,142,466,0.305,249,381,0.654,268,755,280,176,77,313,401,2020-2021
261,South Carolina State,18,1,17,0.056,-24.9,-7.56,1,7,1,6,0,11,1102,1414,720,401,1033,0.388,123,388,0.317,177,285,0.621,175,563,178,106,50,312,334,2020-2021
262,South Carolina Upstate,23,5,18,0.217,-13.7,-5.2,5,11,3,8,2,10,1515,1712,920,538,1269,0.424,171,508,0.337,268,372,0.72,186,717,276,143,57,325,426,2020-2021
263,South Dakota,25,14,11,0.56,-1.25,-3.5,11,4,7,2,5,4,1899,1805,1000,674,1438,0.469,186,478,0.389,365,468,0.78,180,870,349,114,61,268,467,2020-2021
264,South Dakota State,23,16,7,0.696,3.27,-2.05,9,3,8,1,4,2,1850,1690,920,655,1315,0.498,185,458,0.404,355,496,0.716,178,822,327,127,71,283,370,2020-2021
265,South Florida,22,9,13,0.409,-0.02,6.27,4,10,4,6,3,4,1449,1571,885,516,1277,0.404,138,422,0.327,279,438,0.637,275,831,251,116,62,308,378,2020-2021
266,Southeast Missouri State,27,11,16,0.407,-10.18,-7.51,9,11,7,6,3,9,1864,1936,1110,630,1468,0.429,205,582,0.352,399,595,0.671,258,949,374,185,64,415,513,2020-2021
267,Southeastern Louisiana,26,8,18,0.308,-17.4,-8.02,5,11,3,4,4,13,1775,2019,1055,591,1498,0.395,177,607,0.292,416,614,0.678,314,887,261,180,64,414,509,2020-2021
268,Southern,19,8,11,0.421,-13.49,-13.07,8,6,5,2,3,7,1327,1335,775,465,1077,0.432,104,322,0.323,293,436,0.672,184,690,267,155,49,309,391,2020-2021
269,Southern California,33,25,8,0.758,20.5,10.65,15,5,13,2,7,3,2473,2148,1340,904,1916,0.472,214,594,0.36,451,695,0.649,384,1282,458,157,168,408,498,2020-2021
270,Southern Illinois,26,12,14,0.462,-3.56,0.72,5,13,8,5,3,8,1704,1770,1050,614,1362,0.451,210,560,0.375,266,400,0.665,139,772,352,160,48,311,370,2020-2021
271,SIU Edwardsville,26,9,17,0.346,-14.94,-6.02,7,12,2,8,6,7,1709,1897,1040,619,1403,0.441,156,490,0.318,315,463,0.68,226,852,337,153,121,413,438,2020-2021
272,Southern Methodist,17,11,6,0.647,10.97,4.44,7,4,6,2,5,2,1269,1158,680,456,999,0.456,130,371,0.35,227,312,0.728,176,624,260,104,77,238,298,2020-2021
273,Southern Mississippi,25,8,17,0.32,-6.88,-2.1,4,13,6,7,2,9,1605,1668,1005,603,1396,0.432,134,421,0.318,265,392,0.676,208,878,303,148,52,352,398,2020-2021
274,Southern Utah,24,20,4,0.833,0.63,-5.69,12,2,14,0,5,3,2021,1669,965,699,1475,0.474,211,618,0.341,412,551,0.748,263,946,338,168,63,290,405,2020-2021
275,St. Bonaventure,21,16,5,0.762,13.44,4.49,11,4,8,1,4,3,1471,1283,840,542,1224,0.443,134,390,0.344,253,343,0.738,238,775,306,123,83,225,322,2020-2021
276,St. Francis (NY),19,9,10,0.474,-10.23,-8.38,9,9,4,6,5,4,1476,1511,765,542,1215,0.446,118,356,0.331,274,373,0.735,216,688,271,153,66,229,383,2020-2021
277,St. John's (NY),27,16,11,0.593,9.41,7.19,10,9,11,3,4,6,2132,2072,1095,779,1744,0.447,200,580,0.345,374,499,0.749,302,971,440,246,105,340,493,2020-2021
278,Stanford,27,14,13,0.519,10.15,10.01,10,10,5,4,6,6,1883,1879,1100,678,1461,0.464,145,451,0.322,382,533,0.717,209,905,332,191,92,403,448,2020-2021
279,Stephen F. Austin,21,16,5,0.762,-1.63,-8.46,13,3,10,1,6,4,1686,1484,850,622,1195,0.521,100,297,0.337,342,503,0.68,243,749,331,199,73,348,419,2020-2021
280,Stetson,27,12,15,0.444,-7.26,-4.51,7,9,7,5,3,8,1925,1896,1090,687,1587,0.433,246,667,0.369,305,438,0.696,282,957,370,188,74,357,443,2020-2021
281,Stony Brook,23,9,14,0.391,-6.14,-4.73,7,9,5,5,4,8,1522,1509,930,543,1318,0.412,140,473,0.296,296,434,0.682,262,875,278,129,114,318,387,2020-2021
282,Syracuse,28,18,10,0.643,13.27,8.59,9,7,13,1,2,7,2095,1964,1125,743,1681,0.442,237,678,0.35,372,476,0.782,285,990,419,227,141,317,409,2020-2021
283,Tarleton State,20,10,10,0.5,-7.28,-3.02,5,7,6,3,4,7,1467,1246,800,530,1129,0.469,110,291,0.378,297,412,0.721,170,639,294,209,53,231,391,2020-2021
284,TCU,26,12,14,0.462,2.61,6.99,5,11,6,7,3,6,1738,1852,1045,625,1428,0.438,175,518,0.338,311,463,0.672,255,900,338,157,90,369,407,2020-2021
285,Temple,16,5,11,0.313,2.57,5.57,4,10,3,5,2,5,1053,1101,640,348,868,0.401,115,336,0.342,242,338,0.716,148,580,214,67,39,213,281,2020-2021
286,Tennessee,27,18,9,0.667,16.87,8.46,10,7,13,3,4,4,1941,1714,1080,682,1554,0.439,178,538,0.331,399,535,0.746,294,968,401,196,130,337,444,2020-2021
287,Tennessee State,23,4,19,0.174,-14.1,-7.23,3,17,4,8,0,11,1573,1702,930,568,1342,0.423,138,480,0.288,299,438,0.683,215,775,268,170,73,353,478,2020-2021
288,Tennessee Tech,27,5,22,0.185,-14.13,-3.84,5,15,5,6,0,16,1797,2075,1085,656,1517,0.432,208,648,0.321,277,410,0.676,245,908,382,176,62,430,430,2020-2021
289,Tennessee-Martin,24,8,16,0.333,-19.41,-5.89,6,14,6,7,2,9,1571,1847,970,556,1393,0.399,165,495,0.333,294,409,0.719,260,775,289,172,62,343,429,2020-2021
290,Texas,27,19,8,0.704,15.51,9.36,11,6,8,5,6,2,2008,1842,1095,702,1547,0.454,232,652,0.356,372,524,0.71,291,1036,357,176,110,393,531,2020-2021
291,Texas A&M,18,8,10,0.444,2.2,4.86,2,8,6,4,2,4,1157,1205,720,401,966,0.415,117,391,0.299,238,328,0.726,198,602,218,124,34,266,304,2020-2021
292,Texas A&M-Corpus Christi,24,5,19,0.208,-16.77,-6.1,2,13,4,8,1,10,1554,1716,960,542,1296,0.418,153,463,0.33,317,462,0.686,206,815,308,165,74,401,425,2020-2021
293,Texas Southern,26,17,9,0.654,-6.15,-9.03,10,3,8,2,5,6,1921,1806,1045,695,1564,0.444,117,424,0.276,414,592,0.699,313,1064,314,182,115,399,465,2020-2021
294,Texas State,25,18,7,0.72,-3.85,-7.37,12,3,8,3,9,3,1660,1543,1015,629,1361,0.462,139,366,0.38,263,372,0.707,231,822,339,172,73,332,422,2020-2021
295,Texas Tech,29,18,11,0.621,16.59,7.28,9,8,11,4,5,4,2103,1833,1170,734,1672,0.439,185,523,0.354,450,634,0.71,333,1014,377,207,116,313,502,2020-2021
296,Texas-Rio Grande Valley,19,9,10,0.474,-9.63,-5.23,2,5,8,3,1,6,1376,1287,760,476,1164,0.409,126,429,0.294,298,468,0.637,256,743,289,169,81,281,409,2020-2021
297,The Citadel,25,13,12,0.52,-6.07,-1.45,5,11,11,3,1,8,2019,1959,1000,708,1566,0.452,256,720,0.356,347,495,0.701,237,944,389,136,108,302,405,2020-2021
298,Toledo,30,21,9,0.7,6.59,-1.88,15,4,12,1,7,5,2433,2179,1215,852,1869,0.456,314,843,0.372,415,532,0.78,322,1129,480,184,74,332,458,2020-2021
299,Towson,18,4,14,0.222,-9.83,-2.33,3,9,4,4,0,6,1214,1349,730,434,1055,0.411,90,311,0.289,256,352,0.727,225,666,170,90,50,224,318,2020-2021
300,Troy,28,11,17,0.393,-12.06,-4.06,4,12,7,4,2,11,1829,1942,1125,636,1596,0.398,171,619,0.276,386,555,0.695,302,1056,320,175,87,417,480,2020-2021
301,Tulane,23,10,13,0.435,1.03,3.59,4,12,6,6,3,6,1470,1529,920,486,1269,0.383,151,507,0.298,347,465,0.746,191,752,269,172,71,258,361,2020-2021
302,Tulsa,23,11,12,0.478,4.19,5.43,7,9,7,5,4,4,1573,1509,920,566,1262,0.448,159,504,0.315,282,416,0.678,204,781,327,146,46,307,379,2020-2021
303,UAB,29,22,7,0.759,5.8,-3.83,13,5,15,2,6,4,2105,1748,1160,788,1746,0.451,147,475,0.309,382,549,0.696,311,1063,308,231,121,304,441,2020-2021
304,UC Davis,18,10,8,0.556,-5.83,-4.24,7,5,4,3,4,3,1295,1289,735,449,1020,0.44,102,315,0.324,295,376,0.785,160,571,195,135,50,261,359,2020-2021
305,UC Irvine,27,18,9,0.667,3.46,-0.86,13,4,10,1,6,6,1950,1712,1090,729,1615,0.451,132,390,0.338,360,474,0.759,303,1069,319,204,108,350,450,2020-2021
306,UC Riverside,22,14,8,0.636,4.12,-2.43,10,5,5,4,7,3,1544,1400,890,572,1280,0.447,201,542,0.371,199,282,0.706,189,799,308,116,51,264,384,2020-2021
307,UC San Diego,17,7,10,0.412,-6.95,0.98,4,10,7,3,0,7,1214,1226,685,447,973,0.459,188,500,0.376,132,207,0.638,99,501,294,116,37,225,232,2020-2021
308,UC Santa Barbara,27,22,5,0.815,7.8,-2.08,15,3,11,0,8,4,2051,1696,1090,739,1534,0.482,181,522,0.347,392,522,0.751,251,951,438,199,75,294,429,2020-2021
309,UCF,23,11,12,0.478,5.94,8.15,8,10,6,3,4,8,1546,1597,925,542,1262,0.429,180,507,0.355,282,387,0.729,216,765,285,157,79,340,389,2020-2021
310,UCLA,32,22,10,0.688,16.3,11.34,13,6,11,1,5,6,2349,2190,1325,856,1855,0.461,218,586,0.372,419,586,0.715,312,1117,437,158,89,336,514,2020-2021
311,UNC Asheville,20,10,10,0.5,-6.99,-7.59,9,5,6,4,4,6,1468,1456,815,548,1152,0.476,161,450,0.358,211,348,0.606,186,669,254,140,87,301,368,2020-2021
312,UNC Greensboro,30,21,9,0.7,3.48,-2.15,13,5,7,3,10,3,2189,2020,1205,822,1954,0.421,228,763,0.299,317,464,0.683,377,1174,370,224,115,329,542,2020-2021
313,UNC Wilmington,17,7,10,0.412,-6.84,-6.47,1,6,3,4,3,4,1297,1253,685,442,1011,0.437,128,371,0.345,285,372,0.766,162,548,206,103,60,190,306,2020-2021
314,UT Arlington,26,13,13,0.5,-7.23,-4.57,9,8,9,4,3,8,1916,1827,1045,677,1659,0.408,235,659,0.357,327,444,0.736,303,973,356,215,124,311,434,2020-2021
315,Utah,25,12,13,0.48,11.86,9.54,8,11,8,5,3,7,1803,1745,1010,656,1398,0.469,172,484,0.355,319,403,0.792,185,782,378,136,85,314,419,2020-2021
316,Utah State,29,20,9,0.69,10.99,1.32,13,4,10,2,5,3,2105,1808,1160,773,1732,0.446,185,557,0.332,374,518,0.722,361,1180,469,193,145,403,436,2020-2021
317,Utah Tech,21,8,13,0.381,-14.01,-3.43,4,10,5,7,3,6,1461,1603,840,514,1227,0.419,128,418,0.306,305,427,0.714,200,740,321,143,43,320,439,2020-2021
318,Utah Valley,22,11,11,0.5,-3.41,-1.61,9,4,8,4,3,6,1632,1635,885,592,1246,0.475,116,335,0.346,332,526,0.631,239,854,370,115,101,329,431,2020-2021
319,UTEP,24,12,12,0.5,1.07,1.26,8,8,10,2,2,9,1698,1644,965,608,1432,0.425,171,524,0.326,311,416,0.748,210,828,285,150,67,262,421,2020-2021
320,UTSA,26,15,11,0.577,-1.22,-0.17,9,7,12,2,2,8,2050,1906,1040,768,1717,0.447,209,625,0.334,305,401,0.761,300,1001,383,161,83,302,475,2020-2021
321,Valparaiso,28,10,18,0.357,-4.21,1.14,7,11,6,6,4,11,1821,1902,1130,660,1576,0.419,189,635,0.298,312,429,0.727,196,920,356,183,97,346,445,2020-2021
322,Vanderbilt,25,9,16,0.36,6.14,6.74,3,13,6,7,2,8,1794,1809,1000,609,1416,0.43,233,667,0.349,343,466,0.736,246,843,318,175,65,346,440,2020-2021
323,Vermont,15,10,5,0.667,1.99,-7.61,10,4,6,3,4,2,1095,951,610,383,828,0.463,116,337,0.344,213,273,0.78,126,524,211,75,39,183,266,2020-2021
324,Villanova,25,18,7,0.72,17.47,9.19,11,4,9,0,4,4,1870,1663,1005,655,1446,0.453,229,648,0.353,331,434,0.763,232,847,374,127,47,227,387,2020-2021
325,Virginia,25,18,7,0.72,15.27,7.59,13,4,10,1,6,3,1705,1513,1005,629,1326,0.474,212,566,0.375,235,288,0.816,162,791,345,123,111,229,323,2020-2021
326,Virginia Commonwealth,26,19,7,0.731,11.3,4.76,10,4,12,2,5,3,1864,1694,1085,659,1460,0.451,168,510,0.329,378,497,0.761,238,890,347,240,140,380,485,2020-2021
327,VMI,25,13,12,0.52,-0.41,-0.78,7,7,11,1,1,10,2001,1897,1010,706,1517,0.465,270,711,0.38,319,413,0.772,203,963,393,134,75,314,364,2020-2021
328,Virginia Tech,22,15,7,0.682,12.59,6.5,9,4,10,2,3,3,1585,1451,895,558,1240,0.45,180,508,0.354,289,414,0.698,204,760,313,106,85,256,362,2020-2021
329,Wagner,20,13,7,0.65,-5.35,-7.9,13,5,7,3,6,4,1425,1374,815,533,1205,0.442,117,368,0.318,242,337,0.718,247,713,258,147,51,246,406,2020-2021
330,Wake Forest,22,6,16,0.273,1.72,8.06,3,15,5,6,1,9,1458,1583,885,501,1222,0.41,195,562,0.347,261,359,0.727,198,718,252,136,48,300,365,2020-2021
331,Washington,26,5,21,0.192,1.88,11.61,4,16,4,7,1,9,1759,2012,1040,641,1513,0.424,197,593,0.332,280,397,0.705,213,811,280,158,95,355,472,2020-2021
332,Washington State,27,14,13,0.519,8.12,6.93,7,12,11,5,3,6,1853,1821,1110,633,1539,0.411,208,610,0.341,379,534,0.71,304,1027,328,167,95,412,496,2020-2021
333,Weber State,23,17,6,0.739,3.14,-5.22,12,3,11,0,6,5,1881,1594,920,656,1300,0.505,193,496,0.389,376,478,0.787,148,754,345,154,69,288,376,2020-2021
334,West Virginia,29,19,10,0.655,15.36,10.05,11,6,8,5,7,2,2243,2089,1175,769,1793,0.429,216,593,0.364,489,680,0.719,389,1097,407,220,82,348,473,2020-2021
335,Western Carolina,27,11,16,0.407,-7.43,-2.03,4,13,6,5,4,9,2039,2129,1105,716,1577,0.454,226,662,0.341,381,525,0.726,211,928,359,133,75,382,455,2020-2021
336,Western Illinois,22,7,15,0.318,-12.48,-4.62,5,9,2,5,4,9,1606,1746,880,550,1362,0.404,157,497,0.316,349,488,0.715,258,838,225,116,67,286,444,2020-2021
337,Western Kentucky,29,21,8,0.724,5.19,0.5,11,3,11,2,5,3,2108,1972,1170,733,1634,0.449,185,536,0.345,457,580,0.788,305,1093,395,187,134,413,410,2020-2021
338,Western Michigan,21,5,16,0.238,-11.51,-1.21,4,12,2,9,3,7,1325,1511,840,499,1153,0.433,141,427,0.33,186,291,0.639,167,710,245,93,42,305,346,2020-2021
339,Wichita State,22,16,6,0.727,9.36,6.91,11,2,10,2,5,2,1572,1469,890,533,1317,0.405,178,530,0.336,328,482,0.68,261,834,286,135,82,246,342,2020-2021
340,William & Mary,17,7,10,0.412,-11.23,-3.99,4,6,1,3,5,6,1101,1224,685,388,948,0.409,98,342,0.287,227,303,0.749,170,574,183,90,56,232,265,2020-2021
341,Winthrop,25,23,2,0.92,4.69,-7.15,17,1,11,1,10,0,1972,1676,1000,695,1521,0.457,210,597,0.352,372,541,0.688,321,1003,374,186,57,350,459,2020-2021
342,Wisconsin,31,18,13,0.581,17.22,11.93,10,10,11,5,5,6,2167,2003,1250,767,1806,0.425,269,738,0.364,364,474,0.768,255,1042,414,175,123,280,500,2020-2021
343,Wofford,24,15,9,0.625,1.76,-0.24,12,5,9,3,6,4,1784,1627,965,646,1374,0.47,246,692,0.355,246,349,0.705,216,829,351,160,48,306,380,2020-2021
344,Wright State,24,18,6,0.75,6.89,-7.65,16,4,9,4,9,2,1967,1618,965,710,1471,0.483,179,484,0.37,368,508,0.724,284,1015,369,142,87,314,328,2020-2021
345,Wyoming,25,14,11,0.56,-1.23,-2.31,5,9,7,5,4,5,1915,1888,1010,649,1442,0.45,251,704,0.357,366,509,0.719,203,816,351,145,54,281,468,2020-2021
346,Xavier,21,13,8,0.619,11.09,6.47,6,7,11,2,2,5,1571,1474,850,589,1285,0.458,162,498,0.325,231,333,0.694,200,792,369,145,85,235,325,2020-2021
347,Youngstown State,27,15,12,0.556,-9.78,-8.17,9,11,10,5,5,7,2010,1950,1095,717,1672,0.429,186,606,0.307,390,537,0.726,346,991,349,163,44,310,441,2020-2021
1,Abilene Christian,36,25,11,0.694,2.25,-2.09,11,7,14,3,6,6,2761,2432,1460,946,2159,0.438,247,773,0.32,622,825,0.754,376,1155,538,391,67,453,801,2021-2022
2,Air Force,29,11,18,0.379,-5.67,1.33,4,13,7,6,2,10,1712,1915,1160,627,1437,0.436,208,625,0.333,250,385,0.649,172,770,362,158,88,395,523,2021-2022
3,Akron,34,24,10,0.706,0.91,-3.93,14,6,12,3,8,4,2402,2130,1365,827,1799,0.46,265,748,0.354,483,701,0.689,334,1188,396,199,110,388,536,2021-2022
4,Alabama,33,19,14,0.576,14.62,11.59,9,9,13,3,3,7,2623,2523,1325,911,2072,0.44,305,987,0.309,496,681,0.728,443,1306,484,233,155,480,609,2021-2022
5,Alabama A&M,30,12,18,0.4,-14.43,-8.86,10,8,7,3,4,14,1843,2010,1220,656,1733,0.379,117,431,0.271,414,581,0.713,334,1134,285,211,96,407,483,2021-2022
6,Alabama State,31,10,21,0.323,-12.05,-5.45,8,10,7,6,3,15,2160,2332,1250,751,1762,0.426,193,581,0.332,465,666,0.698,326,1062,373,234,111,477,560,2021-2022
7,Albany (NY),31,13,18,0.419,-9.8,-5.77,9,9,4,8,8,9,1917,2042,1245,714,1741,0.41,182,563,0.323,307,436,0.704,281,992,292,209,76,383,558,2021-2022
8,Alcorn State,34,17,17,0.5,-8.68,-4.12,14,4,6,3,9,13,2262,2417,1370,817,1984,0.412,183,580,0.316,445,643,0.692,400,1220,352,253,92,478,604,2021-2022
9,American,32,10,22,0.313,-15.38,-7.91,5,13,6,5,4,16,2031,2270,1290,781,1737,0.45,161,487,0.331,308,444,0.694,223,981,390,209,98,427,477,2021-2022
10,Appalachian State,34,19,15,0.559,-1.45,-1.45,12,6,11,5,6,7,2281,2146,1365,822,1966,0.418,283,846,0.335,354,537,0.659,335,1199,427,191,85,350,437,2021-2022
11,Arizona,37,33,4,0.892,22.75,6.84,18,2,17,0,9,3,3107,2518,1490,1117,2269,0.492,287,815,0.352,586,793,0.739,429,1531,726,249,210,497,619,2021-2022
12,Arizona State,31,14,17,0.452,7.64,9.48,10,10,9,6,5,7,2027,2084,1260,775,1873,0.414,214,697,0.307,263,398,0.661,292,1102,414,207,131,370,562,2021-2022
13,Arkansas,37,28,9,0.757,16.27,8.62,13,5,17,1,5,4,2810,2527,1490,972,2241,0.434,233,767,0.304,633,833,0.76,399,1399,512,281,153,452,624,2021-2022
14,Arkansas State,29,18,11,0.621,-3.27,-3.5,8,7,11,3,6,7,2055,1974,1165,745,1653,0.451,157,505,0.311,408,548,0.745,294,1044,452,229,96,403,482,2021-2022
15,Arkansas-Pine Bluff,31,7,24,0.226,-18.96,-4.58,5,13,5,7,2,17,2055,2426,1245,708,1732,0.409,212,705,0.301,427,597,0.715,272,914,355,222,80,406,540,2021-2022
16,Army,31,15,16,0.484,-10.53,-7.53,9,9,10,4,4,12,2183,2182,1250,804,1839,0.437,209,652,0.321,366,581,0.63,344,1154,389,243,58,408,460,2021-2022
17,Auburn,34,28,6,0.824,19.2,8.17,15,3,16,0,8,3,2660,2285,1380,943,2166,0.435,274,862,0.318,500,684,0.731,435,1375,501,284,272,411,629,2021-2022
18,Austin Peay,29,12,17,0.414,-10.02,-3.39,8,10,6,5,6,11,1875,2004,1175,669,1639,0.408,229,726,0.315,308,436,0.706,306,952,392,186,59,405,483,2021-2022
19,Ball State,31,14,17,0.452,-7.99,-4.56,9,10,9,5,4,9,2304,2380,1245,788,1783,0.442,265,735,0.361,463,667,0.694,301,1105,408,188,75,433,555,2021-2022
20,Baylor,34,27,7,0.794,21.73,8.76,14,4,15,2,8,3,2619,2178,1370,962,2083,0.462,274,799,0.343,421,604,0.697,437,1264,542,298,117,421,548,2021-2022
21,Bellarmine,33,20,13,0.606,-3.77,-1.28,11,5,11,4,8,8,2314,2217,1325,878,1847,0.475,257,755,0.34,301,400,0.753,240,1001,478,185,55,312,473,2021-2022
22,Belmont,33,25,8,0.758,6.49,-2.57,15,3,13,1,10,5,2583,2264,1330,957,1960,0.488,282,850,0.332,387,521,0.743,256,1104,595,299,129,390,452,2021-2022
23,Bethune-Cookman,30,9,21,0.3,-14.7,-6.7,7,11,4,6,4,13,1901,2086,1210,710,1705,0.416,144,429,0.336,337,489,0.689,300,977,322,238,73,401,514,2021-2022
24,Binghamton,29,12,17,0.414,-10.41,-6.18,8,10,5,8,7,9,1962,1983,1165,746,1692,0.441,213,602,0.354,257,389,0.661,276,1045,334,164,106,366,484,2021-2022
25,Boise State,35,27,8,0.771,11.93,5.22,15,3,13,3,9,3,2389,2130,1415,849,1910,0.445,257,742,0.346,434,668,0.65,358,1219,399,210,120,422,526,2021-2022
26,Boston College,33,13,20,0.394,4.03,5.22,6,14,9,7,2,10,2209,2248,1340,812,1897,0.428,190,614,0.309,395,561,0.704,352,1130,408,237,97,393,514,2021-2022
27,Boston University,35,22,13,0.629,-5.07,-7.34,11,7,11,4,8,8,2470,2369,1415,893,1967,0.454,263,743,0.354,421,570,0.739,356,1218,384,197,85,424,545,2021-2022
28,Bowling Green State,31,13,18,0.419,-8.82,-4.44,6,14,9,7,3,10,2488,2495,1250,881,2024,0.435,255,751,0.34,471,637,0.739,376,1202,390,227,106,381,550,2021-2022
29,Bradley,31,17,14,0.548,5.79,1.19,11,7,12,2,3,8,2185,2021,1245,799,1800,0.444,241,714,0.338,346,502,0.689,346,1202,419,197,142,420,527,2021-2022
30,Brigham Young,35,24,11,0.686,10.05,5.23,9,6,14,3,6,5,2599,2392,1410,960,2101,0.457,280,793,0.353,399,556,0.718,374,1376,513,168,111,441,619,2021-2022
31,Brown,29,13,16,0.448,-3.32,-1.91,5,9,6,7,6,7,2058,2015,1160,739,1698,0.435,209,668,0.313,371,523,0.709,304,1029,354,194,112,381,520,2021-2022
32,Bryant,32,22,10,0.688,-4.8,-7.41,15,2,14,1,7,7,2497,2348,1290,879,2013,0.437,264,868,0.304,475,649,0.732,404,1322,444,207,143,444,544,2021-2022
33,Bucknell,32,9,23,0.281,-14.62,-6.37,5,13,7,6,2,15,2277,2541,1310,818,1790,0.457,253,673,0.376,388,507,0.765,218,1014,471,148,100,431,490,2021-2022
34,Buffalo,30,19,11,0.633,1.9,-3.21,13,6,9,3,9,6,2398,2168,1200,891,1957,0.455,255,746,0.342,361,509,0.709,425,1273,451,214,137,396,513,2021-2022
35,Butler,33,14,19,0.424,4.45,9.16,6,14,9,7,3,8,2107,2209,1335,749,1799,0.416,229,751,0.305,380,546,0.696,298,1083,363,171,80,395,550,2021-2022
36,Cal Poly,28,7,21,0.25,-10.6,-3.3,4,12,4,7,2,12,1721,1885,1135,593,1450,0.409,147,507,0.29,388,533,0.728,259,979,295,132,68,412,543,2021-2022
37,Cal State Bakersfield,28,9,19,0.321,-7.57,-2.01,2,14,6,7,2,11,1816,1857,1120,682,1613,0.423,107,372,0.288,345,489,0.706,334,981,279,173,67,327,577,2021-2022
38,Cal State Fullerton,32,21,11,0.656,-0.04,-2.28,12,5,11,2,7,7,2239,2129,1280,792,1781,0.445,176,535,0.329,479,625,0.766,312,1070,360,233,63,388,506,2021-2022
39,Cal State Northridge,30,7,23,0.233,-12.02,-1.41,3,15,4,11,3,11,1847,2137,1215,678,1684,0.403,154,508,0.303,337,494,0.682,295,952,275,216,76,368,560,2021-2022
40,California,32,12,20,0.375,3.96,6.96,5,15,10,8,2,9,2018,2114,1290,756,1798,0.42,175,569,0.308,331,455,0.727,279,1121,342,156,83,359,529,2021-2022
41,California Baptist,34,18,16,0.529,-3.53,-3.34,7,11,14,5,3,9,2402,2284,1365,831,1900,0.437,272,817,0.333,468,695,0.673,340,1260,541,176,93,473,626,2021-2022
42,Campbell,29,16,13,0.552,-4.84,-5.76,8,8,9,4,5,8,1919,1798,1170,721,1567,0.46,184,578,0.318,293,431,0.68,201,924,404,180,66,303,401,2021-2022
43,Canisius,32,11,21,0.344,-7.48,-2.25,7,13,10,5,1,15,2192,2288,1290,777,1942,0.4,236,771,0.306,402,580,0.693,355,1133,416,193,83,378,550,2021-2022
44,Central Arkansas,31,11,20,0.355,-13.83,-1.7,7,9,8,4,3,14,2269,2515,1250,862,1960,0.44,207,689,0.3,338,444,0.761,313,1099,444,211,99,424,518,2021-2022
45,Central Connecticut State,32,8,24,0.25,-17.43,-7.09,4,13,4,7,4,15,1977,2308,1295,690,1755,0.393,235,688,0.342,362,511,0.708,296,1020,340,199,70,441,515,2021-2022
46,Central Michigan,30,7,23,0.233,-12.56,-1.52,6,12,2,9,5,11,1978,2309,1205,694,1696,0.409,232,680,0.341,358,517,0.692,276,996,345,188,91,407,597,2021-2022
47,Charleston Southern,31,6,25,0.194,-17.56,-4.21,1,15,4,9,1,13,2122,2356,1245,745,1828,0.408,256,830,0.308,376,556,0.676,325,1121,371,203,93,454,502,2021-2022
48,Charlotte,31,17,14,0.548,-1.62,-0.42,10,8,11,4,6,6,2171,2208,1240,781,1698,0.46,233,675,0.345,376,475,0.792,220,969,433,149,90,356,436,2021-2022
49,Chattanooga,35,27,8,0.771,6.12,-0.94,14,4,12,3,12,4,2596,2253,1410,956,2059,0.464,276,800,0.345,408,547,0.746,378,1264,449,252,75,384,547,2021-2022
50,Chicago State,32,7,25,0.219,-14.24,-1.96,3,15,5,9,2,15,1987,2380,1280,700,1791,0.391,243,784,0.31,344,526,0.654,367,1067,303,175,72,474,629,2021-2022
51,Cincinnati,33,18,15,0.545,7.44,4.28,7,11,12,6,4,7,2291,2176,1320,812,2012,0.404,269,853,0.315,398,595,0.669,379,1226,433,208,127,346,577,2021-2022
52,Clemson,33,17,16,0.515,9.59,6.31,8,12,11,5,3,8,2367,2259,1330,851,1868,0.456,256,706,0.363,409,556,0.736,281,1143,470,195,77,364,521,2021-2022
53,Cleveland State,31,20,11,0.645,-1.78,-5.64,15,6,15,3,5,7,2336,2168,1265,853,1783,0.478,197,602,0.327,433,645,0.671,345,1091,513,268,104,420,566,2021-2022
54,Coastal Carolina,33,19,14,0.576,0.66,-2.41,8,8,13,7,5,5,2404,2156,1335,872,1938,0.45,246,693,0.355,414,595,0.696,398,1318,445,220,121,435,473,2021-2022
55,Colgate,35,23,12,0.657,0.98,-6.37,16,2,15,1,8,10,2646,2349,1405,964,2034,0.474,347,858,0.404,371,532,0.697,309,1266,598,214,126,397,507,2021-2022
56,College of Charleston,32,17,15,0.531,0.52,-1.23,8,10,9,6,7,8,2502,2446,1290,895,2039,0.439,260,766,0.339,452,619,0.73,440,1291,422,255,88,500,658,2021-2022
57,Colorado,33,21,12,0.636,9.82,6.15,12,8,12,6,6,4,2345,2224,1330,817,1847,0.442,227,620,0.366,484,640,0.756,329,1223,441,181,105,447,516,2021-2022
58,Colorado State,31,25,6,0.806,11.51,4.77,14,4,14,1,6,3,2275,2047,1250,821,1710,0.48,241,675,0.357,392,507,0.773,208,982,442,198,95,313,466,2021-2022
59,Columbia,26,4,22,0.154,-17.5,-4.62,1,13,3,10,1,12,1752,2049,1045,651,1530,0.425,198,556,0.356,252,402,0.627,264,918,313,154,53,396,434,2021-2022
60,Connecticut,33,23,10,0.697,16.4,6.88,13,6,14,2,5,5,2469,2155,1345,880,2021,0.435,245,697,0.352,464,616,0.753,455,1333,463,196,212,388,554,2021-2022
61,Coppin State,32,9,23,0.281,-12.78,-5.03,6,8,3,6,4,16,2142,2390,1280,715,1851,0.386,274,924,0.297,438,640,0.684,250,1094,353,258,96,461,539,2021-2022
62,Cornell,26,15,11,0.577,-3.41,-3.45,7,7,10,2,5,8,2059,1941,1045,735,1575,0.467,251,721,0.348,338,478,0.707,258,985,450,206,76,370,486,2021-2022
63,Creighton,35,23,12,0.657,11.34,8.54,12,7,11,4,6,5,2422,2324,1415,896,2002,0.448,235,763,0.308,395,535,0.738,336,1335,466,192,149,492,476,2021-2022
64,Dartmouth,25,9,16,0.36,-4.12,-2.62,6,8,5,5,4,11,1709,1705,1015,608,1459,0.417,222,655,0.339,271,351,0.772,210,827,261,166,84,288,403,2021-2022
65,Davidson,34,27,7,0.794,10.43,1.92,15,3,13,1,9,3,2567,2244,1365,908,1887,0.481,301,778,0.387,450,597,0.754,251,1161,498,157,88,333,504,2021-2022
66,Dayton,35,24,11,0.686,10.41,2.41,14,4,13,4,7,6,2423,2143,1405,901,1883,0.478,229,635,0.361,392,574,0.683,322,1232,504,194,135,433,488,2021-2022
67,Delaware,35,22,13,0.629,0.32,-1.82,10,8,9,5,8,5,2568,2456,1410,909,1940,0.469,261,752,0.347,489,657,0.744,298,1138,440,233,129,440,547,2021-2022
68,Delaware State,28,2,26,0.071,-22.63,-7.39,0,14,2,11,0,13,1757,2058,1125,633,1567,0.404,169,520,0.325,322,479,0.672,278,987,271,203,112,489,504,2021-2022
69,Denver,32,11,21,0.344,-10.12,-5.96,7,11,6,7,4,12,2257,2380,1295,816,1773,0.46,232,631,0.368,393,564,0.697,241,1032,394,167,107,414,557,2021-2022
70,DePaul,31,15,16,0.484,7.83,6.73,6,14,11,7,4,8,2272,2238,1245,816,1883,0.433,204,644,0.317,436,629,0.693,367,1194,354,193,155,380,488,2021-2022
71,Detroit Mercy,30,14,16,0.467,-6.33,-5.02,10,7,9,1,5,15,2122,2115,1200,752,1715,0.438,313,837,0.374,305,393,0.776,278,948,362,176,58,348,463,2021-2022
72,Drake,36,25,11,0.694,7.34,1.04,13,5,14,3,8,2,2660,2391,1470,979,2126,0.46,253,736,0.344,449,595,0.755,356,1249,427,252,115,389,611,2021-2022
73,Drexel,29,15,14,0.517,-0.29,-1.9,10,8,8,4,6,7,2112,2038,1170,796,1718,0.463,211,609,0.346,309,435,0.71,247,993,362,138,87,316,440,2021-2022
74,Duke,39,32,7,0.821,19.55,7.26,16,4,15,3,9,2,3122,2643,1565,1158,2357,0.491,308,841,0.366,498,675,0.738,410,1480,642,249,219,400,532,2021-2022
75,Duquesne,30,6,24,0.2,-6.34,1.86,1,16,3,11,1,10,1956,2202,1220,742,1842,0.403,187,614,0.305,285,403,0.707,342,1024,300,199,131,344,416,2021-2022
76,East Carolina,30,15,15,0.5,0.49,2.66,6,11,12,4,2,7,2063,2128,1210,700,1724,0.406,225,676,0.333,436,578,0.754,299,1056,442,203,92,389,487,2021-2022
77,East Tennessee State,32,15,17,0.469,-2.76,-0.36,7,11,8,6,4,10,2306,2336,1285,853,1921,0.444,281,802,0.35,319,440,0.725,350,1115,420,216,89,360,475,2021-2022
78,Eastern Illinois,31,5,26,0.161,-21.07,-3.97,3,15,4,9,1,16,1746,2205,1240,623,1567,0.398,185,568,0.326,315,494,0.638,220,912,367,196,93,496,451,2021-2022
79,Eastern Kentucky,31,13,18,0.419,-6.75,-5.38,5,11,12,5,1,13,2457,2327,1265,887,2125,0.417,363,1029,0.353,320,453,0.706,386,1122,485,316,113,359,513,2021-2022
80,Eastern Michigan,31,10,21,0.323,-10.86,-3.03,5,15,8,7,2,14,2143,2356,1270,782,1816,0.431,196,636,0.308,383,551,0.695,258,1079,314,181,99,429,542,2021-2022
81,Eastern Washington,34,18,16,0.529,-5.2,-5.14,11,9,9,3,8,11,2613,2536,1370,905,1998,0.453,300,856,0.35,501,666,0.752,309,1247,537,189,94,451,631,2021-2022
82,Elon,32,10,22,0.313,-6.15,1.39,7,11,7,7,3,11,2147,2311,1280,766,1800,0.426,273,798,0.342,342,464,0.737,284,1061,401,155,78,417,651,2021-2022
83,Evansville,30,6,24,0.2,-10.95,1.4,2,16,4,9,2,11,1775,2122,1225,629,1581,0.398,245,743,0.33,272,384,0.708,144,816,316,178,61,336,440,2021-2022
84,Fairfield,33,15,18,0.455,-3.88,-4.09,8,12,6,9,8,8,2239,2177,1335,820,1891,0.434,251,739,0.34,348,494,0.704,313,1141,394,179,101,364,526,2021-2022
85,FDU,26,4,22,0.154,-18.13,-6.21,4,11,3,6,1,16,1748,2058,1050,632,1555,0.406,178,550,0.324,306,432,0.708,268,860,307,168,77,357,475,2021-2022
86,Florida,34,20,14,0.588,11.93,7.84,9,9,13,5,4,7,2400,2261,1370,825,1936,0.426,269,887,0.303,481,654,0.735,377,1144,435,284,171,422,543,2021-2022
87,Florida A&M,30,13,17,0.433,-12.05,-6.7,11,7,8,4,5,12,1952,2064,1210,733,1711,0.428,137,453,0.302,349,495,0.705,269,978,360,188,92,375,532,2021-2022
88,Florida Atlantic,34,19,15,0.559,2.63,-1.82,11,7,14,5,4,8,2519,2315,1365,907,2004,0.453,299,850,0.352,406,570,0.712,372,1234,454,251,97,437,575,2021-2022
89,Florida Gulf Coast,34,22,12,0.647,-3.07,-4.91,10,6,16,3,6,9,2641,2505,1390,944,2081,0.454,347,992,0.35,406,601,0.676,380,1319,534,227,164,458,504,2021-2022
90,Florida International,32,15,17,0.469,-6.47,-3.27,5,13,11,5,1,11,2264,2274,1305,813,1892,0.43,308,880,0.35,330,470,0.702,307,1121,443,205,128,447,494,2021-2022
91,Florida State,31,17,14,0.548,6.39,7.32,10,10,11,4,4,8,2201,2230,1250,799,1842,0.434,208,628,0.331,395,558,0.708,352,1081,445,264,151,387,506,2021-2022
92,Fordham,32,16,16,0.5,-0.89,-0.2,8,10,10,4,3,9,2115,2137,1300,737,1870,0.394,237,799,0.297,404,556,0.727,327,1179,379,234,119,421,565,2021-2022
93,Fresno State,36,23,13,0.639,8.36,1.94,8,9,14,4,6,8,2384,2139,1465,855,1916,0.446,250,742,0.337,424,596,0.711,318,1226,431,220,101,402,555,2021-2022
94,Furman,34,22,12,0.647,6.2,-1.44,12,6,12,3,8,8,2640,2336,1390,945,2038,0.464,401,1054,0.38,349,461,0.757,316,1126,591,281,119,357,496,2021-2022
95,Gardner-Webb,31,18,13,0.581,-2.35,-4.43,11,5,11,3,6,9,2154,1989,1240,784,1767,0.444,230,699,0.329,356,508,0.701,273,1143,409,225,147,416,567,2021-2022
96,George Mason,30,14,16,0.467,4.18,1.98,7,9,10,4,4,8,2122,2056,1225,751,1685,0.446,280,783,0.358,340,490,0.694,248,1042,424,152,95,367,480,2021-2022
97,George Washington,30,12,18,0.4,-4.07,0.4,8,9,8,5,3,10,2051,2185,1215,758,1769,0.428,214,634,0.338,321,460,0.698,249,998,368,207,125,379,512,2021-2022
98,Georgetown,31,6,25,0.194,1.71,8.03,0,19,6,11,0,11,2192,2388,1240,770,1924,0.4,237,693,0.342,415,558,0.744,394,1155,366,222,119,414,502,2021-2022
99,Georgia,32,6,26,0.188,-0.63,8.06,1,17,6,13,0,10,2234,2512,1280,763,1725,0.442,205,638,0.321,503,673,0.747,269,1046,444,167,69,462,481,2021-2022
100,Georgia Southern,29,13,16,0.448,-7.04,-3.04,5,11,7,5,4,10,1927,1903,1170,714,1599,0.447,170,559,0.304,329,484,0.68,283,1006,347,216,100,415,509,2021-2022
101,Georgia State,29,18,11,0.621,-1.11,-1.34,9,5,8,4,6,5,2049,1906,1175,722,1806,0.4,221,670,0.33,384,533,0.72,385,1084,391,255,130,339,466,2021-2022
102,Georgia Tech,32,12,20,0.375,2.24,6.08,5,15,8,10,3,8,2195,2264,1300,823,1866,0.441,228,646,0.353,321,460,0.698,284,1088,438,249,82,419,576,2021-2022
103,Gonzaga,32,28,4,0.875,25.46,4.5,13,1,16,0,5,1,2790,2119,1280,1045,2004,0.521,262,708,0.37,438,614,0.713,309,1341,578,205,186,370,497,2021-2022
104,Grambling,32,12,20,0.375,-12.35,-5.08,8,9,6,4,4,14,2092,2273,1280,749,1842,0.407,163,517,0.315,431,607,0.71,333,1145,350,211,107,455,585,2021-2022
105,Grand Canyon,31,23,8,0.742,5.81,-2.57,12,5,15,2,6,5,2204,1898,1240,784,1822,0.43,253,720,0.351,383,564,0.679,394,1249,396,206,68,403,550,2021-2022
106,Green Bay,30,5,25,0.167,-13.89,-5.44,4,16,4,9,1,13,1852,2068,1200,668,1593,0.419,156,553,0.282,360,504,0.714,268,901,322,149,83,387,462,2021-2022
107,Hampton,28,9,19,0.321,-13.54,-6,5,11,7,4,2,11,1814,1946,1130,628,1572,0.399,161,549,0.293,397,567,0.7,234,965,292,145,113,352,515,2021-2022
108,Hartford,32,12,20,0.375,-10.03,-7.69,9,9,7,5,5,13,2234,2309,1285,799,1778,0.449,297,804,0.369,339,491,0.69,248,1037,390,193,101,390,479,2021-2022
109,Harvard,26,13,13,0.5,-4.68,-4.2,5,9,9,6,4,7,1858,1797,1055,676,1564,0.432,221,669,0.33,285,411,0.693,243,903,295,198,63,321,409,2021-2022
110,Hawaii,28,17,11,0.607,-0.52,-3.06,12,5,10,4,5,5,1928,1796,1120,667,1514,0.441,228,636,0.358,366,492,0.744,258,985,344,99,60,365,471,2021-2022
111,High Point,32,14,18,0.438,-6.53,-3.39,7,9,10,6,3,10,2225,2232,1315,808,1829,0.442,208,621,0.335,401,627,0.64,322,1142,400,207,149,427,555,2021-2022
112,Hofstra,32,21,11,0.656,1.8,-0.6,13,5,12,2,8,8,2494,2333,1290,928,2004,0.463,305,896,0.34,333,418,0.797,263,1062,495,255,87,330,478,2021-2022
113,Holy Cross,31,9,22,0.29,-16.84,-7.87,7,11,5,9,4,11,2022,2192,1240,742,1793,0.414,181,527,0.343,357,504,0.708,310,1048,315,184,118,386,523,2021-2022
114,Houston,38,32,6,0.842,22.55,6.47,15,3,16,1,7,3,2844,2233,1535,1054,2267,0.465,298,881,0.338,438,657,0.667,506,1482,617,305,196,423,652,2021-2022
115,Houston Christian,29,11,18,0.379,-14.47,-6.71,6,8,7,6,3,8,2190,2220,1180,762,1711,0.445,200,621,0.322,466,655,0.711,331,1049,390,229,74,438,550,2021-2022
116,Howard,29,16,13,0.552,-6.76,-8.53,9,5,9,4,5,8,2215,2019,1165,759,1728,0.439,245,683,0.359,452,607,0.745,295,998,418,243,104,428,524,2021-2022
117,Idaho,31,9,22,0.29,-13.19,-4.78,6,14,8,7,1,12,2263,2468,1250,780,1765,0.442,248,667,0.372,455,619,0.735,254,1060,370,110,69,422,607,2021-2022
118,Idaho State,30,7,23,0.233,-14.96,-5.28,5,15,5,8,2,14,1931,2146,1205,673,1608,0.419,212,684,0.31,373,545,0.684,296,982,313,136,66,414,545,2021-2022
119,Illinois,33,23,10,0.697,16.69,9.48,15,5,13,3,7,4,2456,2218,1330,863,1925,0.448,295,821,0.359,435,616,0.706,379,1271,501,171,99,408,538,2021-2022
120,Illinois State,33,13,20,0.394,-0.78,0.74,5,13,11,6,1,11,2447,2466,1355,869,1926,0.451,259,705,0.367,450,604,0.745,321,1164,406,224,156,454,573,2021-2022
121,Illinois-Chicago,30,14,16,0.467,-8.78,-6.37,9,10,6,6,8,8,2159,2188,1215,798,1815,0.44,271,836,0.324,292,414,0.705,261,1002,441,173,119,360,515,2021-2022
122,Incarnate Word,32,7,25,0.219,-17.03,-4.34,3,11,5,10,1,11,2145,2445,1280,737,1773,0.416,276,794,0.348,395,504,0.784,254,949,370,166,57,433,556,2021-2022
123,Indiana,35,21,14,0.6,12.71,8.08,9,11,14,4,3,8,2478,2316,1415,903,1988,0.454,206,619,0.333,466,666,0.7,318,1264,511,197,169,414,609,2021-2022
124,Indiana State,31,11,20,0.355,-3.49,1.94,4,14,8,6,2,11,2184,2230,1265,776,1759,0.441,270,810,0.333,362,465,0.778,192,1055,406,186,60,408,472,2021-2022
125,Iona,33,25,8,0.758,5.47,-1.14,17,3,13,0,7,5,2482,2264,1330,872,1952,0.447,234,704,0.332,504,727,0.693,377,1220,532,216,198,418,601,2021-2022
126,Iowa,36,26,10,0.722,18.9,6.87,12,8,15,3,6,6,2995,2562,1450,1071,2322,0.461,331,912,0.363,522,697,0.749,428,1344,577,264,156,332,583,2021-2022
127,Iowa State,35,22,13,0.629,12.38,9.33,7,11,14,5,4,6,2296,2189,1410,849,1969,0.431,234,742,0.315,364,533,0.683,337,1134,513,299,109,484,639,2021-2022
128,IU Indy,29,3,26,0.103,-23.61,-6.5,1,16,2,11,1,13,1521,1947,1160,557,1467,0.38,149,511,0.292,258,387,0.667,300,913,303,166,74,481,513,2021-2022
129,Jackson State,30,11,19,0.367,-10.1,-5.6,9,9,6,3,5,15,1829,1964,1205,694,1702,0.408,155,517,0.3,286,451,0.634,336,1054,325,183,117,395,512,2021-2022
130,Jacksonville,31,21,10,0.677,-2.06,-5.21,11,5,15,0,6,10,2081,1839,1245,768,1706,0.45,187,539,0.347,358,506,0.708,336,1128,387,203,60,352,467,2021-2022
131,Jacksonville State,32,21,11,0.656,-0.19,-3.79,13,3,11,4,9,5,2353,2151,1285,838,1796,0.467,297,769,0.386,380,554,0.686,308,1177,458,199,92,419,459,2021-2022
132,James Madison,29,15,14,0.517,-4.13,-1.1,6,12,9,6,5,6,2178,2123,1175,804,1737,0.463,215,623,0.345,355,509,0.697,269,970,388,247,61,360,476,2021-2022
133,Kansas,40,34,6,0.85,22.28,11.3,14,4,16,1,6,4,3129,2690,1615,1144,2393,0.478,286,793,0.361,555,774,0.717,438,1515,613,251,172,484,637,2021-2022
134,Kansas City,31,19,12,0.613,-5.49,-5.23,12,6,11,3,8,7,2311,2085,1240,855,1788,0.478,225,615,0.366,376,556,0.676,209,967,410,230,86,325,625,2021-2022
135,Kansas State,31,14,17,0.452,10.61,9.06,6,12,9,7,5,7,2139,2091,1250,748,1780,0.42,261,754,0.346,382,526,0.726,275,1030,386,227,51,356,530,2021-2022
136,Kennesaw State,31,13,18,0.419,-4.51,-2.62,7,9,10,6,3,12,2319,2206,1260,850,1836,0.463,258,706,0.365,361,545,0.662,332,1102,446,221,86,383,531,2021-2022
137,Kent State,34,23,11,0.676,-0.13,-3.07,16,4,11,4,8,5,2423,2217,1360,852,1932,0.441,257,772,0.333,462,619,0.746,353,1220,423,242,117,416,616,2021-2022
138,Kentucky,34,26,8,0.765,20.9,8.02,14,4,18,0,6,5,2701,2263,1370,1030,2133,0.483,207,596,0.347,434,598,0.726,441,1365,549,231,144,394,487,2021-2022
139,La Salle,30,11,19,0.367,-3.5,0.54,5,13,8,7,2,10,2025,2146,1215,743,1796,0.414,229,717,0.319,310,451,0.687,325,1094,401,177,128,394,517,2021-2022
140,Lafayette,30,10,20,0.333,-12.6,-6.67,7,11,6,9,4,11,2034,2185,1225,757,1750,0.433,263,802,0.328,257,376,0.684,241,958,485,188,101,331,432,2021-2022
141,Lamar,29,2,27,0.069,-15.86,-2.6,0,16,2,9,0,18,1778,2116,1160,664,1654,0.401,152,508,0.299,298,433,0.688,320,1009,321,169,86,422,545,2021-2022
142,Lehigh,32,13,19,0.406,-10.82,-7.56,10,8,9,7,4,12,2190,2284,1285,796,1782,0.447,260,681,0.382,338,456,0.741,222,1067,453,141,114,427,540,2021-2022
143,Liberty,33,22,11,0.667,1.86,-4.01,12,4,13,3,6,3,2421,2094,1330,851,1801,0.473,341,892,0.382,378,500,0.756,234,1131,486,178,63,383,495,2021-2022
144,Lipscomb,33,14,19,0.424,-8.42,-3.29,6,10,9,6,3,13,2442,2536,1320,850,1860,0.457,267,776,0.344,475,652,0.729,252,1186,502,146,89,425,444,2021-2022
145,Little Rock,28,9,19,0.321,-12.05,-0.73,3,11,6,7,1,10,1868,2047,1140,651,1544,0.422,197,585,0.337,369,502,0.735,233,881,364,194,60,387,468,2021-2022
146,Long Beach State,33,20,13,0.606,-0.65,0.35,14,3,11,3,6,7,2437,2409,1335,841,1926,0.437,213,615,0.346,542,743,0.729,325,1166,411,232,102,437,542,2021-2022
147,Long Island University,30,16,14,0.533,-7.62,-7.03,12,6,12,1,4,13,2245,2204,1210,812,1897,0.428,238,758,0.314,383,563,0.68,353,1182,508,231,147,408,508,2021-2022
148,Longwood,33,26,7,0.788,-0.35,-6.11,15,1,16,1,7,5,2499,2170,1330,873,1932,0.452,269,712,0.378,484,667,0.726,392,1217,464,257,79,399,507,2021-2022
149,Louisiana,31,16,15,0.516,-2.71,-2.91,8,9,7,6,6,8,2203,2151,1250,766,1791,0.428,228,659,0.346,443,630,0.703,369,1203,384,211,135,476,555,2021-2022
150,Louisiana State,34,22,12,0.647,17.45,8.3,9,9,15,2,3,8,2467,2156,1370,879,2005,0.438,220,697,0.316,489,669,0.731,411,1257,431,373,145,499,651,2021-2022
151,Louisiana Tech,34,24,10,0.706,5.23,0.11,12,6,13,3,8,5,2558,2312,1360,911,2001,0.455,281,826,0.34,455,628,0.725,315,1230,465,221,73,392,497,2021-2022
152,Louisiana-Monroe,31,13,18,0.419,-8.7,-2.59,5,13,8,7,5,10,2246,2304,1255,839,1847,0.454,219,648,0.338,349,482,0.724,276,1004,466,223,85,395,521,2021-2022
153,Louisville,32,13,19,0.406,4.23,7.01,6,14,8,8,2,10,2154,2243,1290,795,1882,0.422,246,795,0.309,318,472,0.674,319,1167,382,196,77,391,549,2021-2022
154,Loyola (IL),33,25,8,0.758,13.39,2.93,13,5,12,2,8,3,2403,2029,1340,855,1795,0.476,293,773,0.379,400,562,0.712,257,1119,492,229,80,404,568,2021-2022
155,Loyola (MD),30,14,16,0.467,-8.4,-7.95,8,10,10,3,3,12,1984,1970,1210,747,1689,0.442,207,649,0.319,283,414,0.684,246,963,448,235,80,391,460,2021-2022
156,Loyola Marymount,29,11,18,0.379,-1.93,3.25,3,12,6,7,3,9,2010,2148,1170,718,1580,0.454,210,609,0.345,364,506,0.719,229,861,323,158,50,385,515,2021-2022
157,Maine,29,6,23,0.207,-18.38,-5.34,3,15,5,9,1,14,1811,2063,1160,685,1654,0.414,196,637,0.308,245,345,0.71,256,911,386,208,80,366,505,2021-2022
158,Manhattan,30,15,15,0.5,-7.64,-3.85,8,12,8,5,4,9,2126,2179,1215,730,1659,0.44,169,550,0.307,497,676,0.735,304,999,346,215,100,434,540,2021-2022
159,Marist,30,14,16,0.467,-4.26,-4.86,9,11,7,6,7,9,2063,2045,1215,763,1737,0.439,225,654,0.344,312,434,0.719,274,1054,269,175,101,371,467,2021-2022
160,Marquette,32,19,13,0.594,11.36,8.96,11,8,13,3,4,7,2369,2292,1290,861,1915,0.45,275,800,0.344,372,502,0.741,251,1113,511,249,165,396,556,2021-2022
161,Marshall,33,12,21,0.364,-4.57,0.14,4,14,8,9,3,11,2442,2523,1320,919,2107,0.436,250,830,0.301,354,502,0.705,356,1226,471,223,160,433,511,2021-2022
162,Maryland,32,15,17,0.469,9.34,9.12,7,13,10,8,3,7,2270,2263,1290,790,1824,0.433,221,678,0.326,469,618,0.759,303,1126,372,204,102,366,485,2021-2022
163,Maryland-Baltimore County,32,18,14,0.563,-6.06,-6.51,11,7,11,4,6,10,2359,2307,1285,813,1832,0.444,294,778,0.378,439,560,0.784,236,1048,396,153,66,351,427,2021-2022
164,Maryland-Eastern Shore,27,11,16,0.407,-13.1,-7.14,6,8,6,4,5,11,1778,1792,1090,631,1562,0.404,209,665,0.314,307,477,0.644,292,935,336,272,61,416,453,2021-2022
165,Massachusetts,32,15,17,0.469,-0.67,1.7,7,11,10,5,3,8,2422,2498,1295,823,1901,0.433,304,819,0.371,472,623,0.758,335,1079,437,207,83,371,546,2021-2022
166,Massachusetts-Lowell,31,15,16,0.484,-7.08,-6.65,7,11,8,6,6,9,2191,2040,1250,831,1867,0.445,183,598,0.306,346,493,0.702,324,1113,362,227,129,386,495,2021-2022
167,McNeese State,33,11,22,0.333,-11.76,-5.04,4,10,6,5,2,13,2579,2555,1350,933,2071,0.451,213,681,0.313,500,759,0.659,458,1336,418,257,116,536,662,2021-2022
168,Memphis,33,22,11,0.667,14.67,7.86,13,5,13,2,5,6,2480,2255,1320,889,1895,0.469,205,577,0.355,497,716,0.694,413,1280,522,277,180,527,621,2021-2022
169,Mercer,33,16,17,0.485,-3.41,-1.15,8,10,10,4,4,11,2325,2328,1330,828,1811,0.457,268,764,0.351,401,521,0.77,260,1087,473,203,98,408,502,2021-2022
170,Merrimack,30,14,16,0.467,-10.86,-6.82,9,8,7,7,7,9,1843,1931,1210,673,1600,0.421,214,647,0.331,283,419,0.675,224,855,346,271,120,353,478,2021-2022
171,Miami (FL),37,26,11,0.703,11.22,7.62,14,6,10,5,10,2,2736,2603,1485,1011,2136,0.473,257,759,0.339,457,616,0.742,269,1132,523,328,118,352,550,2021-2022
172,Miami (OH),32,14,18,0.438,-6.35,-4.14,8,12,9,8,5,9,2408,2351,1290,870,1980,0.439,292,844,0.346,376,478,0.787,315,1107,440,177,101,332,512,2021-2022
173,Michigan,34,19,15,0.559,14.26,11.02,11,9,10,5,5,7,2470,2360,1360,914,1957,0.467,213,628,0.339,429,575,0.746,337,1215,481,160,112,396,516,2021-2022
174,Michigan State,36,23,13,0.639,13.18,9.96,11,9,12,3,5,6,2601,2485,1440,939,2059,0.456,262,694,0.378,461,615,0.75,363,1329,565,205,181,459,609,2021-2022
175,Middle Tennessee,37,26,11,0.703,4.5,-1.16,13,5,15,0,5,9,2771,2486,1510,963,2140,0.45,302,914,0.33,543,718,0.756,381,1306,460,295,156,477,680,2021-2022
176,Milwaukee,32,10,22,0.313,-13.19,-6.32,8,14,6,10,4,10,2073,2264,1280,762,1805,0.422,199,628,0.317,350,488,0.717,286,1149,366,157,119,423,541,2021-2022
177,Minnesota,30,13,17,0.433,5.93,8.13,4,16,8,7,3,9,2010,2076,1210,744,1699,0.438,234,636,0.368,288,401,0.718,180,920,379,160,83,276,422,2021-2022
178,Mississippi,32,13,19,0.406,6.72,7.25,4,14,10,8,2,7,2180,2197,1295,793,1824,0.435,222,680,0.326,372,523,0.711,296,1070,422,227,89,391,486,2021-2022
179,Mississippi State,34,18,16,0.529,11.83,7.6,8,10,14,3,1,10,2396,2252,1375,860,1891,0.455,157,532,0.295,519,720,0.721,384,1234,455,269,113,447,534,2021-2022
180,Mississippi Valley State,28,2,26,0.071,-22.15,-6.4,2,16,0,11,2,15,1882,2323,1145,665,1722,0.386,199,653,0.305,353,539,0.655,269,887,324,207,69,375,508,2021-2022
181,Missouri,33,12,21,0.364,2.94,9.1,5,13,8,8,2,10,2160,2325,1325,790,1854,0.426,171,609,0.281,409,556,0.736,361,1155,399,215,134,476,587,2021-2022
182,Missouri State,34,23,11,0.676,8.29,1.05,13,5,12,4,8,5,2628,2342,1370,954,1980,0.482,283,756,0.374,437,548,0.797,275,1199,413,181,113,362,522,2021-2022
183,Monmouth,34,21,13,0.618,-0.39,-1.68,11,9,9,5,10,7,2333,2289,1370,801,1915,0.418,216,652,0.331,515,707,0.728,355,1241,397,213,113,398,615,2021-2022
184,Montana,32,18,14,0.563,-6.48,-6.21,11,9,14,3,4,10,2310,2141,1285,794,1752,0.453,224,641,0.349,498,634,0.785,200,980,420,176,91,328,599,2021-2022
185,Montana State,35,27,8,0.771,-0.26,-5.54,16,4,13,1,9,6,2679,2425,1415,923,1952,0.473,268,729,0.368,565,749,0.754,305,1230,462,183,128,450,639,2021-2022
186,Morehead State,34,23,11,0.676,0.79,-3.43,13,5,12,2,8,8,2379,2158,1365,868,1904,0.456,283,786,0.36,360,540,0.667,351,1246,546,199,196,458,511,2021-2022
187,Morgan State,28,13,15,0.464,-12.62,-8.12,7,6,8,3,3,10,2100,2025,1125,771,1764,0.437,172,549,0.313,386,570,0.677,336,1030,414,237,96,431,551,2021-2022
188,Mount St. Mary's,30,14,16,0.467,-8.2,-7.2,9,7,8,5,6,11,1984,1958,1210,750,1693,0.443,178,516,0.345,306,445,0.688,321,1050,398,171,121,388,472,2021-2022
189,Murray State,34,31,3,0.912,9.87,-3.07,18,0,15,0,11,1,2690,2150,1365,978,2056,0.476,272,775,0.351,462,668,0.692,424,1328,501,266,108,389,524,2021-2022
190,Navy,32,21,11,0.656,-2.94,-6.36,12,6,9,6,11,5,2079,1924,1290,770,1792,0.43,184,565,0.326,355,542,0.655,378,1194,392,226,107,412,511,2021-2022
191,NC State,32,11,21,0.344,3.77,6.37,4,16,7,10,3,7,2336,2419,1305,824,1997,0.413,267,783,0.341,421,581,0.725,377,1115,362,225,118,321,527,2021-2022
192,Nebraska,32,10,22,0.313,3,8.25,4,16,7,12,3,8,2345,2513,1305,832,1875,0.444,224,701,0.32,457,625,0.731,234,1059,408,230,87,402,556,2021-2022
193,Nevada,31,13,18,0.419,3.71,6.07,6,12,7,7,3,9,2249,2284,1240,802,1786,0.449,216,648,0.333,429,573,0.749,257,1077,453,198,103,409,545,2021-2022
194,Nevada-Las Vegas,32,18,14,0.563,7.2,4.58,10,8,14,4,4,7,2236,2099,1280,782,1842,0.425,263,783,0.336,409,554,0.738,308,1156,442,196,90,358,571,2021-2022
195,New Hampshire,28,15,13,0.536,-6.32,-7.21,10,8,10,4,5,9,1925,1819,1120,706,1605,0.44,242,661,0.366,271,405,0.669,279,1004,340,130,80,254,376,2021-2022
196,New Mexico,32,13,19,0.406,1.25,4.32,5,12,11,7,2,9,2376,2411,1290,834,1920,0.434,249,724,0.344,459,612,0.75,277,1088,376,200,139,375,587,2021-2022
197,New Mexico State,34,27,7,0.794,7.11,1.24,13,4,13,2,9,3,2464,2197,1365,869,1913,0.454,268,812,0.33,458,652,0.702,369,1298,465,170,138,478,539,2021-2022
198,New Orleans,32,18,14,0.563,-7.88,-7.16,10,4,12,2,3,10,2469,2385,1290,890,1909,0.466,132,429,0.308,557,762,0.731,303,1171,416,254,88,457,602,2021-2022
199,Niagara,30,14,16,0.467,-3.09,-2.98,9,11,7,4,5,10,2022,1965,1215,737,1678,0.439,209,605,0.345,339,464,0.731,229,971,367,169,80,328,456,2021-2022
200,Nicholls State,33,21,12,0.636,-3.62,-5.9,11,3,11,1,7,8,2590,2352,1330,1018,2171,0.469,269,823,0.327,285,456,0.625,390,1263,448,273,130,405,601,2021-2022
201,NJIT,29,11,18,0.379,-14.63,-6.17,6,12,6,8,5,10,1826,2030,1175,656,1603,0.409,186,569,0.327,328,498,0.659,240,995,293,176,106,372,458,2021-2022
202,Norfolk State,31,24,7,0.774,-3.91,-9.3,12,2,11,0,7,6,2302,1997,1240,814,1766,0.461,216,629,0.343,458,655,0.699,319,1192,386,207,111,435,547,2021-2022
203,North Alabama,30,9,21,0.3,-11.33,-3.21,2,14,6,7,3,12,2081,2056,1210,752,1903,0.395,248,786,0.316,329,437,0.753,328,1084,304,205,104,357,559,2021-2022
204,North Carolina,39,29,10,0.744,15.5,8.89,15,5,15,2,8,3,3038,2780,1575,1076,2409,0.447,328,917,0.358,558,730,0.764,447,1609,582,202,153,455,564,2021-2022
205,North Carolina A&T,32,12,20,0.375,-9.91,-4.46,6,10,7,4,3,13,2167,2250,1290,806,1899,0.424,202,647,0.312,353,540,0.654,356,1135,392,249,103,406,611,2021-2022
206,North Carolina Central,31,16,15,0.516,-11.39,-7.47,8,5,9,2,5,11,2256,2120,1255,809,1801,0.449,201,606,0.332,437,654,0.668,362,1119,384,271,67,488,631,2021-2022
207,North Dakota,31,6,25,0.194,-16.57,-5.26,2,16,4,11,1,13,2178,2444,1245,739,1826,0.405,278,806,0.345,422,575,0.734,310,1099,373,124,58,371,538,2021-2022
208,North Dakota State,33,23,10,0.697,-1.6,-4.66,13,5,12,3,9,6,2469,2267,1340,867,1878,0.462,251,701,0.358,484,636,0.761,275,1234,367,129,114,384,514,2021-2022
209,North Florida,31,11,20,0.355,-8.35,0.08,7,9,7,5,4,15,2124,2206,1250,725,1743,0.416,296,873,0.339,378,520,0.727,282,1049,394,172,149,453,486,2021-2022
210,North Texas,32,25,7,0.781,8.98,1.28,16,2,13,3,9,1,2083,1783,1290,722,1632,0.442,247,691,0.357,392,603,0.65,333,1091,351,209,89,366,507,2021-2022
211,Northeastern,31,9,22,0.29,-6,-1.19,2,16,6,8,0,12,1993,2142,1250,709,1624,0.437,210,657,0.32,365,497,0.734,250,992,352,146,85,433,472,2021-2022
212,Northern Arizona,32,9,23,0.281,-13.5,-4.1,5,15,5,11,3,11,2161,2347,1290,770,1845,0.417,277,773,0.358,344,518,0.664,334,1175,403,144,80,431,586,2021-2022
213,Northern Colorado,38,22,16,0.579,-4.53,-3.67,13,7,9,4,8,9,2962,2924,1535,1049,2209,0.475,389,1020,0.381,475,670,0.709,288,1302,467,151,110,470,655,2021-2022
214,Northern Illinois,30,9,21,0.3,-10.5,-3.07,6,14,3,8,6,11,1923,2146,1205,690,1646,0.419,175,552,0.317,368,545,0.675,254,969,337,188,82,411,612,2021-2022
215,Northern Iowa,32,20,12,0.625,5.79,3.43,14,4,10,4,9,5,2383,2273,1305,823,1793,0.459,278,782,0.355,459,582,0.789,216,1044,377,184,45,356,444,2021-2022
216,Northern Kentucky,32,20,12,0.625,-3.19,-6.19,14,6,12,4,7,7,2237,2083,1300,805,1877,0.429,280,811,0.345,347,486,0.714,398,1137,440,290,80,421,488,2021-2022
217,Northwestern,31,15,16,0.484,8.91,7.11,7,13,10,6,3,8,2262,2168,1260,824,1928,0.427,259,746,0.347,355,494,0.719,295,1100,490,201,108,303,545,2021-2022
218,Northwestern State,32,9,23,0.281,-14.06,-3.2,5,9,6,6,2,14,2363,2573,1280,895,2012,0.445,233,681,0.342,340,490,0.694,351,1146,481,203,112,446,542,2021-2022
219,Notre Dame,35,24,11,0.686,11.87,7.01,15,5,14,1,7,5,2540,2349,1420,913,1973,0.463,318,834,0.381,396,526,0.753,251,1190,491,182,65,365,446,2021-2022
220,Oakland,32,20,12,0.625,-1.52,-4.06,12,7,10,3,7,8,2381,2194,1285,824,1876,0.439,235,778,0.302,498,627,0.794,345,1104,428,289,77,392,437,2021-2022
221,Ohio,35,25,10,0.714,1.5,-4.17,14,6,15,2,8,6,2591,2378,1400,898,2084,0.431,316,942,0.335,479,657,0.729,351,1194,441,263,91,368,505,2021-2022
222,Ohio State,32,20,12,0.625,14.17,9.08,12,8,13,3,5,6,2329,2166,1290,819,1740,0.471,251,688,0.365,440,581,0.757,288,1107,400,144,152,358,525,2021-2022
223,Oklahoma,35,19,16,0.543,14.12,10.1,7,11,12,6,3,8,2417,2276,1420,885,1859,0.476,266,767,0.347,381,510,0.747,268,1114,491,258,66,516,542,2021-2022
224,Oklahoma State,30,15,15,0.5,13.28,10.58,8,10,10,6,3,8,2051,1970,1230,754,1737,0.434,161,546,0.295,382,573,0.667,347,1113,380,256,163,453,522,2021-2022
225,Old Dominion,32,13,19,0.406,-1.32,-0.09,8,10,10,4,3,11,2127,2145,1285,786,1810,0.434,141,480,0.294,414,616,0.672,365,1194,395,205,105,381,508,2021-2022
226,Omaha,30,5,25,0.167,-16.99,-2.27,4,14,5,9,0,15,2088,2505,1200,755,1751,0.431,212,597,0.355,366,501,0.731,262,984,328,144,77,410,577,2021-2022
227,Oral Roberts,31,19,12,0.613,-0.84,-4.49,12,6,10,5,8,6,2582,2306,1250,937,2052,0.457,360,948,0.38,348,477,0.73,332,1247,364,171,130,307,476,2021-2022
228,Oregon,35,20,15,0.571,10.05,8.05,11,9,12,5,6,6,2532,2440,1410,936,2075,0.451,249,748,0.333,411,605,0.679,367,1228,426,238,122,411,582,2021-2022
229,Oregon State,31,3,28,0.097,-1.44,8.4,1,19,3,13,0,12,2117,2422,1260,795,1795,0.443,176,552,0.319,351,495,0.709,280,955,376,185,94,389,544,2021-2022
230,Pacific,30,8,22,0.267,-8.02,0.41,3,11,7,7,0,13,1976,2182,1205,710,1710,0.415,182,572,0.318,374,545,0.686,242,985,343,192,77,369,496,2021-2022
231,Penn State,31,14,17,0.452,8.72,9.1,7,13,10,5,1,10,2003,2015,1255,740,1712,0.432,249,729,0.342,274,373,0.735,287,1095,368,164,67,366,478,2021-2022
232,Pennsylvania,28,12,16,0.429,-3.93,-0.5,9,5,6,3,5,10,2017,2113,1130,748,1677,0.446,226,675,0.335,295,405,0.728,247,966,354,154,63,330,483,2021-2022
233,Pepperdine,32,7,25,0.219,-7.04,3.42,1,15,7,9,0,13,2183,2480,1290,810,1937,0.418,232,682,0.34,331,461,0.718,316,1103,473,181,75,471,572,2021-2022
234,Pittsburgh,32,11,21,0.344,0.45,6.98,6,14,8,11,3,9,1969,2178,1280,675,1630,0.414,172,548,0.314,447,642,0.696,317,1083,352,172,123,435,489,2021-2022
235,Portland,34,19,15,0.559,-1.71,-1.11,7,7,11,4,6,9,2524,2454,1365,858,1963,0.437,264,754,0.35,544,688,0.791,280,1231,487,172,86,448,557,2021-2022
236,Portland State,31,14,17,0.452,-7.7,-5.67,10,10,7,7,5,9,2280,2237,1250,820,1905,0.43,191,640,0.298,449,605,0.742,318,1050,352,289,102,384,614,2021-2022
237,Prairie View,27,8,19,0.296,-10.47,-3.66,8,8,5,4,3,13,1877,2061,1095,648,1515,0.428,171,495,0.345,410,583,0.703,297,945,309,229,83,471,573,2021-2022
238,Presbyterian,32,12,20,0.375,-8.47,-3.65,4,12,7,7,3,12,2170,2174,1325,794,1881,0.422,183,677,0.27,399,592,0.674,391,1140,403,253,87,434,610,2021-2022
239,Princeton,30,23,7,0.767,2.65,-3.95,12,2,13,1,8,4,2395,2103,1215,910,1866,0.488,327,846,0.387,248,388,0.639,268,1066,464,186,54,305,421,2021-2022
240,Providence,33,27,6,0.818,13.08,7.75,14,3,16,1,7,2,2360,2184,1345,808,1859,0.435,243,706,0.344,501,688,0.728,348,1241,437,166,121,377,527,2021-2022
241,Purdue,37,29,8,0.784,19.15,8.23,14,6,16,1,5,5,2936,2532,1495,1026,2094,0.49,315,820,0.384,569,800,0.711,412,1431,601,172,128,436,535,2021-2022
242,Purdue Fort Wayne,33,21,12,0.636,-5.59,-6.69,15,6,14,2,6,7,2424,2298,1340,864,1888,0.458,311,839,0.371,385,515,0.748,248,1019,465,289,82,443,503,2021-2022
243,Quinnipiac,31,14,17,0.452,-5.56,-4.2,7,13,8,7,4,9,2226,2216,1245,789,1830,0.431,276,801,0.345,372,486,0.765,306,1096,446,197,66,402,518,2021-2022
244,Radford,29,11,18,0.379,-9.23,-3.9,7,9,8,4,3,12,1832,1955,1175,666,1607,0.414,201,655,0.307,299,447,0.669,294,966,316,192,44,400,519,2021-2022
245,Rhode Island,31,15,16,0.484,2.92,1.22,5,12,10,5,3,9,2081,2015,1240,769,1687,0.456,166,493,0.337,377,608,0.62,299,1124,417,229,186,442,532,2021-2022
246,Rice,33,16,17,0.485,-2.74,-1.19,7,11,10,5,4,8,2446,2421,1340,868,1892,0.459,297,803,0.37,413,578,0.715,292,1174,513,169,60,413,460,2021-2022
247,Richmond,37,24,13,0.649,7.07,4.48,10,8,11,4,7,5,2628,2532,1490,934,2112,0.442,290,881,0.329,470,655,0.718,280,1194,536,281,87,361,513,2021-2022
248,Rider,33,14,19,0.424,-5.87,-3.56,8,12,7,6,4,11,2237,2286,1335,826,1997,0.414,184,572,0.322,401,545,0.736,360,1223,420,226,81,391,565,2021-2022
249,Robert Morris,32,8,24,0.25,-12.5,-5.47,5,16,4,10,4,14,2220,2390,1290,823,1777,0.463,192,567,0.339,382,503,0.759,286,1043,405,192,122,456,496,2021-2022
250,Rutgers,32,18,14,0.563,8.78,6.81,12,8,14,3,4,9,2192,2129,1300,826,1856,0.445,199,587,0.339,341,487,0.7,327,1141,486,225,128,369,504,2021-2022
251,Sacramento State,29,11,18,0.379,-12.06,-5.36,6,14,5,8,4,9,1898,2035,1165,696,1615,0.431,196,546,0.359,310,457,0.678,225,903,319,173,82,321,498,2021-2022
252,Sacred Heart,30,10,20,0.333,-13.41,-8.79,6,10,6,7,4,13,2180,2254,1210,807,1812,0.445,242,706,0.343,324,447,0.725,337,1086,436,164,66,416,469,2021-2022
253,Saint Francis (PA),30,9,21,0.3,-14.57,-7.91,5,13,4,8,5,13,2058,2205,1215,764,1808,0.423,177,562,0.315,353,545,0.648,356,1099,389,197,83,378,442,2021-2022
254,Saint Joseph's,30,11,19,0.367,1,2.46,5,13,9,7,1,10,2028,2072,1210,747,1774,0.421,268,797,0.336,266,407,0.654,292,1128,406,148,74,406,484,2021-2022
255,Saint Louis,35,23,12,0.657,9.83,3.45,12,6,14,5,5,6,2666,2376,1415,958,2090,0.458,236,640,0.369,514,674,0.763,415,1351,517,225,109,450,627,2021-2022
256,Saint Mary's (CA),34,26,8,0.765,14.82,6.58,12,3,16,0,6,4,2370,2061,1360,888,1915,0.464,246,696,0.353,348,459,0.758,293,1146,458,235,86,382,529,2021-2022
257,Saint Peter's,34,22,12,0.647,2.96,-0.47,14,6,9,4,7,7,2277,2125,1370,797,1865,0.427,198,566,0.35,485,692,0.701,366,1218,418,240,170,456,669,2021-2022
258,Sam Houston,33,19,14,0.576,0.07,-1.16,13,5,11,2,5,8,2272,2082,1325,846,1984,0.426,287,837,0.343,293,484,0.605,345,1234,466,251,81,416,594,2021-2022
259,Samford,32,21,11,0.656,-3.01,-1.76,10,8,13,2,5,8,2390,2363,1290,856,1921,0.446,281,836,0.336,397,544,0.73,340,1139,411,238,94,440,564,2021-2022
260,San Diego,31,15,16,0.484,-3.32,1.48,7,9,8,6,5,8,2041,2086,1250,770,1797,0.428,170,508,0.335,331,463,0.715,297,1113,308,157,114,386,493,2021-2022
261,San Diego State,32,23,9,0.719,13.13,5.85,13,4,14,1,5,5,2093,1860,1295,761,1761,0.432,192,542,0.354,379,548,0.692,315,1121,382,239,152,409,559,2021-2022
262,San Francisco,34,24,10,0.706,14.12,5.24,10,6,14,4,7,2,2630,2304,1365,944,2064,0.457,327,934,0.35,415,598,0.694,361,1287,443,261,158,434,615,2021-2022
263,San Jose State,31,8,23,0.258,-7.01,3.79,1,17,7,9,1,13,1993,2242,1245,734,1717,0.427,273,775,0.352,252,383,0.658,236,965,404,162,98,409,506,2021-2022
264,Santa Clara,33,21,12,0.636,8.98,3.61,10,5,14,4,5,6,2550,2373,1325,950,1961,0.484,238,629,0.378,412,541,0.762,246,1172,499,197,124,381,495,2021-2022
265,Seattle,32,23,9,0.719,1.96,-4.1,14,4,17,2,6,6,2395,2132,1285,829,1989,0.417,309,910,0.34,426,556,0.766,319,1203,436,221,116,371,657,2021-2022
266,Seton Hall,32,21,11,0.656,12.75,8.52,11,8,13,3,6,5,2302,2125,1285,808,1925,0.42,234,692,0.338,452,600,0.753,387,1233,330,226,173,388,500,2021-2022
267,Siena,29,15,14,0.517,-6.4,-3.5,12,8,8,5,7,8,1922,2006,1175,691,1621,0.426,196,551,0.356,344,469,0.733,240,955,291,180,116,364,464,2021-2022
268,South Alabama,33,21,12,0.636,0.23,-3.59,9,7,15,3,4,8,2362,2111,1330,863,1877,0.46,224,665,0.337,412,595,0.692,320,1137,393,230,161,416,542,2021-2022
269,South Carolina,31,18,13,0.581,7.14,8.37,9,9,12,4,4,7,2200,2178,1245,811,1913,0.424,211,667,0.316,367,547,0.671,401,1187,435,243,157,472,602,2021-2022
270,South Carolina State,31,15,16,0.484,-13.04,-8.39,7,7,8,5,5,8,2227,2249,1255,797,2030,0.393,197,657,0.3,436,633,0.689,472,1296,379,206,111,458,614,2021-2022
271,South Carolina Upstate,32,15,17,0.469,-9.01,-4.11,10,6,6,7,8,9,2287,2341,1290,815,1823,0.447,257,704,0.365,400,529,0.756,243,1041,438,203,106,407,612,2021-2022
272,South Dakota,31,19,12,0.613,-4.43,-5.61,11,7,11,4,6,7,2329,2198,1250,829,1779,0.466,221,591,0.374,450,600,0.75,272,1065,370,137,71,309,547,2021-2022
273,South Dakota State,35,30,5,0.857,6.6,-3.77,18,0,14,0,10,3,3005,2561,1405,1078,2069,0.521,326,733,0.445,523,690,0.758,258,1241,528,213,89,385,536,2021-2022
274,South Florida,31,8,23,0.258,-3.05,4.4,3,15,6,10,2,9,1781,2012,1240,670,1790,0.374,138,547,0.252,303,455,0.666,350,1114,339,193,116,389,529,2021-2022
275,Southeast Missouri State,32,14,18,0.438,-7.19,-4.69,8,9,8,5,5,10,2418,2473,1285,818,1871,0.437,281,816,0.344,501,684,0.732,290,1066,446,207,85,420,649,2021-2022
276,Southeastern Louisiana,34,19,15,0.559,-9.03,-5.77,10,4,10,1,5,11,2679,2643,1365,911,1982,0.46,302,845,0.357,555,732,0.758,314,1118,519,270,132,486,544,2021-2022
277,Southern,31,17,14,0.548,-5.17,-6.9,11,6,9,2,8,11,2229,2105,1245,791,1796,0.44,213,604,0.353,434,624,0.696,296,976,415,325,80,449,634,2021-2022
278,Southern California,34,26,8,0.765,12.5,6.09,14,6,13,3,9,3,2461,2243,1370,910,2002,0.455,230,644,0.357,411,619,0.664,399,1363,485,170,151,415,531,2021-2022
279,Southern Illinois,31,16,15,0.516,2.83,0.73,9,9,11,4,4,8,1985,1902,1240,713,1600,0.446,239,675,0.354,320,464,0.69,218,943,372,170,65,354,473,2021-2022
280,SIU Edwardsville,32,11,21,0.344,-10.37,-4.71,5,13,8,5,3,13,2161,2238,1295,772,1848,0.418,188,646,0.291,429,621,0.691,410,1196,394,228,122,482,584,2021-2022
281,Southern Methodist,33,24,9,0.727,11.14,4.44,13,4,17,1,6,5,2436,2215,1325,827,1878,0.44,280,792,0.354,502,669,0.75,313,1246,457,207,142,407,502,2021-2022
282,Southern Mississippi,33,7,26,0.212,-13.58,-0.38,1,17,3,11,1,14,2126,2471,1330,801,1866,0.429,177,565,0.313,347,504,0.688,271,1107,406,165,91,439,529,2021-2022
283,Southern Utah,35,23,12,0.657,-1.51,-4.57,14,6,13,3,8,8,2720,2538,1420,962,2088,0.461,292,851,0.343,504,706,0.714,353,1316,422,212,87,443,596,2021-2022
284,St. Bonaventure,33,23,10,0.697,8.27,4.79,12,5,13,2,7,4,2309,2194,1325,868,1917,0.453,200,604,0.331,373,497,0.751,296,1109,451,209,157,341,439,2021-2022
285,St. Francis (NY),30,10,20,0.333,-13.49,-7.93,7,11,3,9,7,9,2017,2116,1210,746,1823,0.409,210,668,0.314,315,443,0.711,338,1058,357,200,78,371,497,2021-2022
286,St. John's (NY),32,17,15,0.531,11.95,6.51,8,11,12,7,4,7,2547,2373,1290,969,2137,0.453,232,692,0.335,377,557,0.677,383,1211,600,283,175,381,572,2021-2022
287,St. Thomas,30,10,20,0.333,-11.15,-5.59,4,14,5,8,3,12,2241,2260,1200,800,1815,0.441,334,935,0.357,307,405,0.758,186,887,377,155,38,243,511,2021-2022
288,Stanford,32,16,16,0.5,6.27,8.59,8,12,10,5,3,9,2124,2198,1285,770,1780,0.433,233,688,0.339,351,533,0.659,368,1181,419,178,83,479,556,2021-2022
289,Stephen F. Austin,32,22,10,0.688,2.43,-1.6,14,4,13,3,7,4,2385,2190,1285,877,1849,0.474,189,572,0.33,442,652,0.678,370,1127,481,290,130,526,630,2021-2022
290,Stetson,30,11,19,0.367,-10.34,-4.07,5,11,7,8,4,11,2090,2144,1220,765,1779,0.43,255,729,0.35,305,442,0.69,316,1068,430,211,88,389,445,2021-2022
291,Stony Brook,31,18,13,0.581,-6.63,-5.43,10,8,13,4,5,9,2261,2267,1245,815,1860,0.438,254,749,0.339,377,501,0.752,299,1078,346,208,90,328,443,2021-2022
292,Syracuse,33,16,17,0.485,10.12,7.82,9,11,11,5,3,8,2553,2477,1345,915,2029,0.451,300,795,0.377,423,574,0.737,350,1198,482,231,124,354,470,2021-2022
293,Tarleton State,31,14,17,0.452,-3.18,-0.5,9,9,10,5,4,12,2002,2025,1245,705,1683,0.419,156,511,0.305,436,578,0.754,292,946,349,237,68,378,562,2021-2022
294,TCU,34,21,13,0.618,13.72,10.16,8,10,12,4,4,6,2328,2207,1370,862,1963,0.439,188,622,0.302,416,617,0.674,442,1326,464,219,141,492,527,2021-2022
295,Temple,29,17,12,0.586,4.61,4.3,10,7,11,3,5,6,1936,1927,1170,649,1644,0.395,195,628,0.311,443,652,0.679,356,1124,342,196,135,364,533,2021-2022
296,Tennessee,35,27,8,0.771,20.46,9.94,14,4,16,0,6,5,2571,2203,1410,915,2107,0.434,305,848,0.36,436,610,0.715,409,1290,576,326,150,429,592,2021-2022
297,Tennessee State,32,14,18,0.438,-9.34,-7.31,8,10,8,5,5,11,2282,2246,1285,825,1852,0.445,211,603,0.35,421,589,0.715,332,1120,393,216,107,444,610,2021-2022
298,Tennessee Tech,32,11,21,0.344,-7.27,-3.03,7,10,7,7,3,12,2328,2357,1290,897,1998,0.449,224,655,0.342,310,469,0.661,371,1187,512,232,119,424,464,2021-2022
299,Tennessee-Martin,30,8,22,0.267,-11.13,-3.02,4,14,5,8,2,13,2067,2206,1200,762,1837,0.415,205,685,0.299,338,483,0.7,350,1106,353,198,131,400,543,2021-2022
300,Texas,34,22,12,0.647,17.01,8.87,10,8,16,3,4,7,2339,2062,1370,832,1886,0.441,225,681,0.33,450,603,0.746,353,1131,450,261,115,393,608,2021-2022
301,Texas A&M,40,27,13,0.675,12.93,7.42,9,9,16,4,5,5,2908,2643,1620,1034,2334,0.443,260,799,0.325,580,825,0.703,483,1419,541,398,136,524,701,2021-2022
302,Texas A&M-Corpus Christi,35,23,12,0.657,-6.78,-9.1,7,7,9,4,7,6,2682,2454,1405,943,2130,0.443,224,666,0.336,572,776,0.737,447,1341,528,298,62,492,711,2021-2022
303,Texas Southern,32,19,13,0.594,-3.3,-6.24,13,5,7,2,8,10,2209,2115,1285,803,1854,0.433,180,573,0.314,423,623,0.679,379,1261,343,178,165,478,566,2021-2022
304,Texas State,29,21,8,0.724,0.14,-2.86,12,3,12,1,7,6,2043,1834,1165,739,1598,0.462,183,489,0.374,382,508,0.752,292,973,354,188,103,358,495,2021-2022
305,Texas Tech,37,27,10,0.73,20.08,8.65,12,6,18,0,3,7,2667,2244,1495,969,2055,0.472,225,700,0.321,504,722,0.698,391,1348,506,296,130,499,598,2021-2022
306,Texas-Rio Grande Valley,31,8,23,0.258,-10.18,-1.28,3,15,4,9,3,12,2212,2438,1240,759,1722,0.441,196,644,0.304,498,717,0.695,271,1070,379,162,99,477,620,2021-2022
307,The Citadel,31,13,18,0.419,-6.8,-1.97,6,12,7,8,5,9,2381,2382,1265,838,1884,0.445,332,938,0.354,373,555,0.672,289,1157,500,146,111,377,475,2021-2022
308,Toledo,34,26,8,0.765,6.26,-3.22,17,3,13,2,9,5,2717,2334,1360,1017,2122,0.479,235,664,0.354,448,594,0.754,362,1357,519,188,94,348,513,2021-2022
309,Towson,34,25,9,0.735,6.47,-2.15,15,3,12,2,11,5,2478,2185,1365,870,1943,0.448,265,743,0.357,473,658,0.719,399,1241,458,247,92,404,590,2021-2022
310,Troy,32,20,12,0.625,-3.56,-3.52,10,6,10,3,8,6,2214,2100,1290,770,1812,0.425,240,733,0.327,434,597,0.727,357,1188,441,252,71,490,564,2021-2022
311,Tulane,29,14,15,0.483,6.74,5.33,10,8,9,4,3,8,2121,2080,1175,734,1661,0.442,234,641,0.365,419,554,0.756,195,917,392,230,95,305,466,2021-2022
312,Tulsa,31,11,20,0.355,1.56,4.07,4,14,8,8,1,10,2089,2167,1240,745,1717,0.434,212,619,0.342,387,533,0.726,278,1011,365,212,69,397,496,2021-2022
313,UAB,35,27,8,0.771,10.9,-0.14,14,4,16,2,7,4,2811,2336,1415,1035,2212,0.468,276,734,0.376,465,629,0.739,424,1339,453,334,146,402,579,2021-2022
314,UC Davis,24,13,11,0.542,-3.7,-4.29,6,6,7,5,5,4,1628,1593,965,601,1366,0.44,146,438,0.333,280,397,0.705,213,823,272,144,69,300,443,2021-2022
315,UC Irvine,25,15,10,0.6,1.59,-0.93,10,5,9,1,6,7,1656,1507,1000,609,1377,0.442,126,388,0.325,312,408,0.765,250,908,273,150,89,338,450,2021-2022
316,UC Riverside,28,16,12,0.571,-0.92,-1.89,10,7,10,4,6,7,1865,1784,1135,683,1544,0.442,201,628,0.32,298,414,0.72,221,995,373,147,37,345,449,2021-2022
317,UC San Diego,29,13,16,0.448,-7.04,-3.78,7,11,9,4,4,11,2036,2046,1165,697,1571,0.444,265,716,0.37,377,504,0.748,172,886,395,167,53,364,424,2021-2022
318,UC Santa Barbara,28,17,11,0.607,1.38,-4.39,9,6,11,3,5,7,2066,1841,1145,755,1527,0.494,152,458,0.332,404,571,0.708,254,977,438,175,82,371,483,2021-2022
319,UCF,30,18,12,0.6,6.23,4.63,9,9,13,3,4,8,2095,2047,1205,740,1748,0.423,264,754,0.35,351,499,0.703,332,1057,435,210,110,391,471,2021-2022
320,UCLA,35,27,8,0.771,19.3,8.36,15,5,14,1,8,4,2639,2256,1425,967,2148,0.45,237,671,0.353,468,632,0.741,394,1281,486,244,116,313,554,2021-2022
321,UNC Asheville,32,17,15,0.531,-4.52,-5.28,8,8,9,6,6,7,2410,2201,1310,831,1817,0.457,263,724,0.363,485,668,0.726,298,1085,407,208,157,393,505,2021-2022
322,UNC Greensboro,32,17,15,0.531,-2.47,-1.99,9,9,9,5,7,6,2083,2079,1295,750,1741,0.431,234,684,0.342,349,484,0.721,348,1119,386,205,51,415,491,2021-2022
323,UNC Wilmington,36,27,9,0.75,-0.66,-2.84,15,3,12,2,9,5,2596,2483,1470,904,2130,0.424,257,771,0.333,531,715,0.743,368,1205,383,274,145,361,647,2021-2022
324,UT Arlington,29,11,18,0.379,-5.49,-0.94,7,10,8,4,3,13,1948,1993,1200,711,1696,0.419,184,587,0.313,342,488,0.701,335,1067,405,227,123,406,520,2021-2022
325,Utah,31,11,20,0.355,5.45,6.61,4,16,7,9,2,9,2161,2197,1250,753,1799,0.419,237,708,0.335,418,540,0.774,326,1125,418,142,90,380,511,2021-2022
326,Utah State,34,18,16,0.529,10.41,4.53,8,10,9,7,4,7,2497,2273,1380,917,1926,0.476,265,775,0.342,398,552,0.721,286,1203,611,209,72,424,560,2021-2022
327,Utah Tech,31,13,18,0.419,-8.53,-0.53,6,12,10,6,3,11,2247,2296,1245,795,1866,0.426,219,698,0.314,438,645,0.679,333,1193,479,208,75,466,584,2021-2022
328,Utah Valley,32,20,12,0.625,2.37,-1.6,10,8,11,2,6,9,2279,2084,1305,798,1758,0.454,204,551,0.37,479,671,0.714,349,1295,475,175,143,495,539,2021-2022
329,UTEP,34,20,14,0.588,0.27,-0.48,11,7,12,6,7,6,2352,2265,1370,840,1950,0.431,259,741,0.35,413,541,0.763,275,1093,412,253,121,396,617,2021-2022
330,UTSA,32,10,22,0.313,-10.46,-1.49,3,15,8,10,1,11,2153,2313,1285,795,2010,0.396,200,680,0.294,363,532,0.682,406,1226,366,183,81,406,525,2021-2022
331,Valparaiso,32,14,18,0.438,-1.61,0.83,6,12,8,8,3,8,2264,2257,1320,836,1820,0.459,230,692,0.332,362,477,0.759,174,1034,400,204,95,354,431,2021-2022
332,Vanderbilt,36,19,17,0.528,11,8.05,7,11,11,8,5,8,2548,2442,1450,849,2001,0.424,310,913,0.34,540,775,0.697,347,1235,423,261,122,472,650,2021-2022
333,Vermont,34,28,6,0.824,7.81,-5.7,17,1,16,0,10,4,2544,2065,1365,936,1902,0.492,298,817,0.365,374,504,0.742,248,1191,515,173,84,326,475,2021-2022
334,Villanova,38,30,8,0.789,19.31,10.29,16,4,12,1,8,5,2726,2383,1525,922,2133,0.432,355,988,0.359,527,635,0.83,392,1322,451,229,83,376,566,2021-2022
335,Virginia,35,21,14,0.6,8.88,6.6,12,8,11,7,7,6,2184,2104,1405,817,1820,0.449,176,545,0.323,374,512,0.73,300,1097,493,200,149,339,480,2021-2022
336,Virginia Commonwealth,32,22,10,0.688,9.83,5.17,14,4,12,4,9,3,2146,1997,1285,795,1723,0.461,181,521,0.347,375,533,0.704,268,1040,446,294,162,483,599,2021-2022
337,VMI,32,16,16,0.5,-2.47,-2.05,9,9,9,4,6,9,2529,2375,1295,876,1907,0.459,400,1049,0.381,377,476,0.792,264,1162,511,154,87,370,477,2021-2022
338,Virginia Tech,36,23,13,0.639,14.48,6.48,11,9,11,4,7,6,2549,2261,1445,933,1981,0.471,319,814,0.392,364,485,0.751,305,1152,515,192,114,391,535,2021-2022
339,Wagner,27,21,6,0.778,-1.12,-9.01,13,3,12,1,9,5,2010,1747,1100,747,1613,0.463,138,484,0.285,378,521,0.726,318,1006,393,226,76,338,535,2021-2022
340,Wake Forest,35,25,10,0.714,13.24,4.75,13,7,18,2,5,6,2749,2452,1420,978,2026,0.483,296,860,0.344,497,681,0.73,305,1287,527,227,136,488,559,2021-2022
341,Washington,32,17,15,0.531,5.03,6.72,11,9,11,6,3,7,2260,2314,1295,796,1929,0.413,198,634,0.312,470,670,0.701,352,1069,326,265,132,381,532,2021-2022
342,Washington State,37,22,15,0.595,12.57,5.97,11,9,13,7,8,5,2644,2400,1485,908,2239,0.406,331,989,0.335,497,668,0.744,462,1377,416,237,165,416,644,2021-2022
343,Weber State,33,21,12,0.636,-1.73,-5.21,13,7,9,6,8,5,2513,2319,1325,878,1847,0.475,236,696,0.339,521,696,0.749,217,1058,351,253,83,384,507,2021-2022
344,West Virginia,33,16,17,0.485,10.23,10.74,4,14,12,5,1,10,2259,2276,1320,779,1885,0.413,208,635,0.328,493,681,0.724,355,1064,346,257,150,410,575,2021-2022
345,Western Carolina,32,11,21,0.344,-10.48,-1.9,5,13,8,5,2,14,2261,2472,1295,787,1960,0.402,320,1002,0.319,367,545,0.673,367,1201,412,156,76,397,544,2021-2022
346,Western Illinois,32,16,16,0.5,-6.34,-5.51,7,11,9,6,7,9,2493,2470,1300,889,2048,0.434,277,837,0.331,438,619,0.708,361,1212,365,199,81,365,558,2021-2022
347,Western Kentucky,32,19,13,0.594,3.3,0.23,11,7,13,4,5,6,2414,2214,1280,881,1885,0.467,246,695,0.354,406,569,0.714,271,1132,445,271,190,388,362,2021-2022
348,Western Michigan,31,8,23,0.258,-13.51,-2.3,4,16,4,10,2,13,2027,2329,1255,730,1736,0.421,262,788,0.332,305,436,0.7,283,1026,319,165,72,425,522,2021-2022
349,Wichita State,28,15,13,0.536,8.11,6,6,9,11,6,3,5,1917,1858,1135,658,1634,0.403,211,677,0.312,390,518,0.753,333,1038,336,211,128,360,446,2021-2022
350,William & Mary,32,5,27,0.156,-13.91,-1.88,4,14,4,10,1,14,2044,2380,1295,724,1799,0.402,216,702,0.308,380,539,0.705,312,1129,367,211,95,519,537,2021-2022
351,Winthrop,32,23,9,0.719,-1.56,-3.63,14,2,13,0,7,7,2407,2246,1295,842,1733,0.486,276,743,0.371,447,639,0.7,264,1097,428,207,83,467,572,2021-2022
352,Wisconsin,33,25,8,0.758,13.13,9.16,15,5,12,4,9,2,2308,2177,1320,815,1931,0.422,213,696,0.306,465,626,0.743,308,1156,365,175,97,287,554,2021-2022
353,Wofford,32,19,13,0.594,2.01,-1.55,10,8,11,4,7,8,2322,2120,1285,818,1758,0.465,303,852,0.356,383,505,0.758,271,997,425,222,47,372,486,2021-2022
354,Wright State,36,22,14,0.611,-1.94,-5.11,15,7,12,3,7,7,2729,2585,1440,987,2140,0.461,233,700,0.333,522,680,0.768,377,1255,506,212,107,440,523,2021-2022
355,Wyoming,34,25,9,0.735,9.36,3.6,13,5,14,1,8,5,2466,2227,1380,853,1865,0.457,275,804,0.342,485,669,0.725,280,1212,381,133,67,385,516,2021-2022
356,Xavier,36,23,13,0.639,13.23,8.34,8,11,16,5,4,6,2668,2492,1460,953,2112,0.451,242,751,0.322,520,745,0.698,372,1335,533,269,156,420,553,2021-2022
357,Yale,31,19,12,0.613,-0.1,-1.34,11,3,10,3,6,6,2226,2143,1245,795,1800,0.442,212,647,0.328,424,577,0.735,278,1112,371,193,98,398,543,2021-2022
358,Youngstown State,34,19,15,0.559,-6.28,-7.12,12,9,13,7,6,8,2470,2374,1365,878,1960,0.448,256,746,0.343,458,602,0.761,346,1179,403,183,87,398,593,2021-2022
1,Abilene Christian,30,13,17,0.433,-2.79,0.9,5,11,9,5,4,8,2249,2133,1210,812,1800,0.451,211,613,0.344,414,573,0.723,307,972,471,264,71,379,617,2022-2023
2,Air Force,32,14,18,0.438,2,2.12,5,13,10,9,4,9,2142,2146,1295,756,1636,0.462,261,733,0.356,369,511,0.722,213,946,491,184,127,391,544,2022-2023
3,Akron,33,22,11,0.667,4.19,-1.65,13,5,15,1,5,6,2463,2209,1330,844,1898,0.445,300,845,0.355,475,643,0.739,335,1178,443,199,87,370,529,2022-2023
4,Alabama,37,31,6,0.838,23.19,9.65,16,2,15,0,9,3,3027,2526,1510,1023,2314,0.442,366,1093,0.335,615,848,0.725,484,1652,555,224,189,512,691,2022-2023
5,Alabama A&M,33,15,18,0.455,-10.78,-7.71,10,8,9,8,5,8,2297,2340,1336,823,1868,0.441,226,610,0.37,425,649,0.655,334,1079,419,264,133,498,624,2022-2023
6,Alabama State,31,8,23,0.258,-16.33,-6.29,6,12,5,5,2,18,1963,2252,1245,683,1821,0.375,185,605,0.306,412,584,0.705,387,1117,309,182,110,414,557,2022-2023
7,Albany (NY),31,8,23,0.258,-14.36,-4.53,3,13,5,6,2,16,2086,2332,1245,726,1755,0.414,237,725,0.327,397,550,0.722,317,1033,363,178,51,414,576,2022-2023
8,Alcorn State,32,18,14,0.563,-8.74,-5.81,15,3,7,2,10,10,2165,2259,1301,763,1868,0.408,164,554,0.296,475,659,0.721,384,1087,316,257,80,404,605,2022-2023
9,American,32,17,15,0.531,-8.26,-7.73,7,11,8,6,9,9,2093,2110,1300,785,1630,0.482,204,589,0.346,319,455,0.701,259,970,436,238,126,448,482,2022-2023
10,Appalachian State,32,16,16,0.5,-1.5,-0.98,9,9,10,7,6,7,2248,2067,1290,819,1854,0.442,243,726,0.335,367,543,0.676,288,1142,417,204,146,352,442,2022-2023
11,Arizona,35,28,7,0.8,19.08,8.34,14,6,15,2,6,4,2866,2490,1400,1023,2072,0.494,295,781,0.378,525,742,0.708,356,1376,662,213,110,468,593,2022-2023
12,Arizona State,36,23,13,0.639,11.29,8.18,11,9,10,5,7,6,2559,2447,1455,910,2163,0.421,274,851,0.322,465,675,0.689,395,1315,515,255,170,422,668,2022-2023
13,Arkansas,36,22,14,0.611,15.99,9.87,8,10,14,3,2,8,2666,2446,1445,961,2063,0.466,179,572,0.313,565,810,0.698,373,1272,462,302,182,458,694,2022-2023
14,Arkansas State,33,13,20,0.394,-8.07,-3.3,4,14,10,8,2,11,2169,2232,1325,777,1799,0.432,209,593,0.352,406,600,0.677,325,1108,433,220,108,385,553,2022-2023
15,Arkansas-Pine Bluff,31,10,21,0.323,-12.99,-5.36,6,12,8,5,2,16,2074,2162,1250,701,1791,0.391,245,776,0.316,427,587,0.727,314,1071,396,250,86,473,611,2022-2023
16,Army,33,17,16,0.515,-7.13,-7.58,10,8,10,5,7,8,2412,2322,1330,885,1853,0.478,252,718,0.351,390,570,0.684,280,1132,432,168,70,427,532,2022-2023
17,Auburn,34,21,13,0.618,14.35,9.29,10,8,14,2,4,8,2474,2302,1365,875,1991,0.439,221,701,0.315,503,723,0.696,396,1231,479,263,172,414,655,2022-2023
18,Austin Peay,31,9,22,0.29,-12.17,-2.6,3,15,7,8,1,13,2067,2241,1245,743,1790,0.415,222,690,0.322,359,495,0.725,312,972,387,220,94,364,525,2022-2023
19,Ball State,32,20,12,0.625,-1.2,-3.5,11,7,12,2,6,7,2445,2292,1285,841,1785,0.471,240,651,0.369,523,759,0.689,337,1147,422,176,123,391,525,2022-2023
20,Baylor,34,23,11,0.676,17.3,10.54,11,7,14,3,5,5,2619,2389,1365,880,1957,0.45,323,878,0.368,536,720,0.744,391,1155,483,223,82,413,590,2022-2023
21,Bellarmine,33,15,18,0.455,-7.42,-1.35,9,9,8,6,6,12,2187,2216,1330,797,1738,0.459,264,752,0.351,329,436,0.755,217,960,467,184,45,368,522,2022-2023
22,Belmont,32,21,11,0.656,1.88,-1.93,14,6,12,2,7,7,2447,2299,1290,898,1902,0.472,307,791,0.388,344,474,0.726,267,1055,488,225,101,365,499,2022-2023
23,Bethune-Cookman,32,12,20,0.375,-17.15,-7.82,8,10,8,5,3,13,2172,2401,1285,772,1863,0.414,219,606,0.361,409,586,0.698,321,1038,362,231,90,413,555,2022-2023
24,Binghamton,31,13,18,0.419,-10.44,-5.51,8,8,8,7,5,11,2133,2217,1260,794,1763,0.45,172,533,0.323,373,523,0.713,301,1086,361,144,98,404,558,2022-2023
25,Boise State,34,24,10,0.706,12.78,6.21,13,5,14,1,6,6,2451,2198,1375,878,1938,0.453,265,733,0.362,430,587,0.733,307,1215,385,171,97,379,555,2022-2023
26,Boston College,33,16,17,0.485,1.09,4.73,9,11,9,7,4,7,2197,2317,1330,819,1873,0.437,188,590,0.319,371,512,0.725,308,1093,413,210,118,405,521,2022-2023
27,Boston University,32,15,17,0.469,-8.1,-6.52,8,10,9,4,6,11,2147,2151,1300,761,1845,0.412,238,722,0.33,387,524,0.739,328,1136,335,205,79,384,561,2022-2023
28,Bowling Green State,31,11,20,0.355,-8.46,-3.81,5,13,7,9,4,11,2355,2434,1240,840,1859,0.452,224,658,0.34,451,622,0.725,326,1109,428,188,93,378,550,2022-2023
29,Bradley,35,25,10,0.714,6.51,-0.67,16,4,15,1,8,6,2473,2195,1405,917,1989,0.461,276,777,0.355,363,546,0.665,341,1240,465,238,136,409,565,2022-2023
30,Brigham Young,34,19,15,0.559,9.43,5.4,7,9,12,4,2,7,2568,2376,1365,913,2008,0.455,276,812,0.34,466,650,0.717,374,1272,501,251,135,481,659,2022-2023
31,Brown,27,14,13,0.519,-2.47,-2.69,7,7,7,5,7,8,1878,1872,1086,682,1557,0.438,216,622,0.347,298,464,0.642,241,942,372,194,87,361,438,2022-2023
32,Bryant,30,17,13,0.567,-3.59,-4.52,8,8,9,4,7,8,2381,2193,1205,848,1821,0.466,243,714,0.34,442,602,0.734,318,1179,403,200,106,402,518,2022-2023
33,Bucknell,32,12,20,0.375,-9.93,-6.96,5,13,7,7,3,13,2161,2192,1290,797,1749,0.456,235,660,0.356,332,463,0.717,260,1084,429,176,121,427,498,2022-2023
34,Buffalo,32,15,17,0.469,-2.97,0.67,9,9,11,4,3,9,2481,2485,1285,906,2000,0.453,224,696,0.322,445,632,0.704,377,1208,470,254,102,452,602,2022-2023
35,Butler,32,14,18,0.438,5.85,8.54,6,14,10,6,3,10,2088,2174,1280,771,1767,0.436,207,633,0.327,339,459,0.739,207,958,403,216,138,378,429,2022-2023
36,Cal Poly,33,8,25,0.242,-7.51,-0.54,1,18,6,11,1,13,2006,2174,1330,715,1733,0.413,181,615,0.294,395,531,0.744,281,1080,341,181,82,457,653,2022-2023
37,Cal State Bakersfield,33,11,22,0.333,-8.34,-1.47,6,14,6,8,3,12,1995,2134,1340,732,1770,0.414,142,437,0.325,389,512,0.76,311,1055,355,205,100,424,621,2022-2023
38,Cal State Fullerton,33,20,13,0.606,1.73,-0.27,12,6,11,2,7,8,2283,2148,1360,779,1812,0.43,253,686,0.369,472,681,0.693,303,1108,340,214,85,391,590,2022-2023
39,Cal State Northridge,32,7,25,0.219,-10.4,-1.74,4,16,7,8,0,14,2028,2194,1285,695,1735,0.401,184,575,0.32,454,612,0.742,313,1066,314,201,99,400,605,2022-2023
40,California,32,3,29,0.094,-3.36,8.43,2,18,3,14,0,12,1866,2243,1290,662,1694,0.391,156,524,0.298,386,534,0.723,278,1007,308,151,100,417,548,2022-2023
41,California Baptist,33,17,16,0.515,0.21,-0.69,7,10,12,5,4,8,2291,2156,1330,811,1898,0.427,276,837,0.33,393,592,0.664,362,1227,471,146,103,379,569,2022-2023
42,Campbell,34,16,18,0.471,-5.23,-4.89,8,10,8,6,4,10,2374,2329,1385,830,1777,0.467,228,683,0.334,486,691,0.703,267,1066,416,212,97,404,554,2022-2023
43,Canisius,30,10,20,0.333,-7.05,-3.46,8,12,7,7,3,12,2111,2169,1225,763,1809,0.422,255,734,0.347,328,448,0.732,313,1008,431,168,79,357,469,2022-2023
44,Central Arkansas,31,9,22,0.29,-13.72,-3.15,4,14,6,8,2,13,2261,2527,1255,818,1987,0.412,264,818,0.323,361,482,0.749,347,1128,384,202,98,413,508,2022-2023
45,Central Connecticut State,32,10,22,0.313,-13.68,-9.49,7,9,6,7,4,14,2111,2245,1295,791,1874,0.422,219,669,0.327,310,437,0.709,324,1092,412,179,122,380,451,2022-2023
46,Central Michigan,31,10,21,0.323,-11.97,-2.62,5,13,6,8,3,12,2038,2263,1245,702,1688,0.416,191,637,0.3,443,642,0.69,343,1096,333,181,118,494,614,2022-2023
47,Charleston Southern,31,10,21,0.323,-9.44,-4.47,5,13,6,8,3,12,2251,2305,1245,819,1850,0.443,251,731,0.343,362,498,0.727,360,1091,373,157,81,365,562,2022-2023
48,Charlotte,36,22,14,0.611,3.9,-0.46,9,11,11,4,5,8,2410,2253,1465,885,1871,0.473,291,772,0.377,349,465,0.751,231,1066,469,199,90,382,489,2022-2023
49,Chattanooga,35,18,17,0.514,-2.34,-3.34,7,11,9,7,6,9,2702,2523,1405,924,2042,0.452,398,1057,0.377,456,639,0.714,335,1268,536,200,121,407,552,2022-2023
50,Chicago State,31,11,20,0.355,-11.29,-3.51,NA,NA,8,0,3,20,2180,2264,1245,760,1757,0.433,256,755,0.339,404,555,0.728,365,1090,379,175,83,422,561,2022-2023
51,Cincinnati,36,23,13,0.639,11.77,4.97,11,7,16,3,5,7,2776,2495,1450,1022,2281,0.448,314,894,0.351,418,592,0.706,403,1341,559,226,142,384,570,2022-2023
52,Clemson,34,23,11,0.676,10.53,3.71,14,6,15,2,5,6,2540,2308,1370,899,1923,0.467,282,775,0.364,460,586,0.785,252,1196,485,175,107,376,589,2022-2023
53,Cleveland State,35,21,14,0.6,-2.6,-5.05,14,6,13,3,7,9,2512,2405,1425,958,2110,0.454,178,580,0.307,418,614,0.681,438,1242,465,242,119,406,582,2022-2023
54,Coastal Carolina,31,11,20,0.355,-8.93,-1.75,5,13,8,8,3,11,2273,2294,1250,816,1880,0.434,223,705,0.316,418,533,0.784,349,1153,383,188,99,379,497,2022-2023
55,Colgate,35,26,9,0.743,2.2,-5.86,17,1,14,2,11,4,2733,2426,1400,1042,2038,0.511,286,709,0.403,363,549,0.661,279,1179,637,248,100,357,438,2022-2023
56,College of Charleston,35,31,4,0.886,8.4,-4.02,16,2,17,1,11,2,2804,2353,1410,959,2202,0.436,348,1051,0.331,538,723,0.744,472,1411,478,259,109,418,590,2022-2023
57,Colorado,35,18,17,0.514,11.17,8.39,8,12,13,5,2,9,2445,2348,1400,894,2059,0.434,229,712,0.322,428,616,0.695,388,1300,454,261,128,463,566,2022-2023
58,Colorado State,33,15,18,0.455,5.64,5.86,6,12,9,7,4,8,2391,2355,1336,873,1790,0.488,251,689,0.364,394,529,0.745,197,1014,545,187,81,368,537,2022-2023
59,Columbia,29,7,22,0.241,-14.37,-2.37,2,12,6,9,1,13,1966,2197,1170,696,1728,0.403,226,714,0.317,348,487,0.715,296,998,340,196,58,401,485,2022-2023
60,Connecticut,39,31,8,0.795,22.95,8.51,13,7,15,2,6,5,3064,2501,1560,1082,2333,0.464,353,973,0.363,547,719,0.761,507,1534,684,245,190,503,692,2022-2023
61,Coppin State,32,9,23,0.281,-14.76,-3.6,4,10,4,6,5,16,2304,2661,1300,779,1790,0.435,268,793,0.338,478,665,0.719,206,973,361,246,81,477,629,2022-2023
62,Cornell,28,17,11,0.607,0.63,-2.41,7,7,11,2,6,8,2287,2129,1125,816,1738,0.47,300,851,0.353,355,490,0.724,291,964,489,272,63,348,466,2022-2023
63,Creighton,37,24,13,0.649,17.83,9.8,14,6,13,2,5,6,2828,2531,1490,1014,2164,0.469,319,902,0.354,481,614,0.783,306,1369,581,185,152,429,486,2022-2023
64,Dartmouth,28,10,18,0.357,-7.98,-2.52,6,8,7,5,3,11,1998,2027,1135,719,1626,0.442,228,685,0.333,332,475,0.699,236,976,360,153,113,404,476,2022-2023
65,Davidson,32,16,16,0.5,1.99,1.47,8,10,7,8,6,6,2236,2197,1295,785,1774,0.443,216,664,0.325,450,602,0.748,265,1054,420,172,41,347,485,2022-2023
66,Dayton,34,22,12,0.647,8.71,1.09,12,6,14,2,5,6,2334,2075,1370,833,1784,0.467,225,665,0.338,443,634,0.699,321,1229,518,163,149,411,470,2022-2023
67,Delaware,33,17,16,0.515,-5.57,-3.72,8,10,10,5,4,10,2298,2333,1330,816,1859,0.439,218,680,0.321,448,616,0.727,286,1069,389,228,131,374,540,2022-2023
68,Delaware State,30,6,24,0.2,-17.7,-4.95,4,10,4,8,2,14,1939,2265,1210,714,1725,0.414,171,542,0.315,340,494,0.688,336,1047,372,209,79,481,551,2022-2023
69,Denver,32,15,17,0.469,-9.56,-5.89,6,12,9,5,4,11,2325,2402,1300,835,1716,0.487,144,442,0.326,511,713,0.717,290,1126,363,177,98,479,544,2022-2023
70,DePaul,33,10,23,0.303,2.9,9.03,3,17,7,8,2,12,2349,2551,1340,838,1961,0.427,273,742,0.368,400,541,0.739,305,1070,457,211,156,427,604,2022-2023
71,Detroit Mercy,33,14,19,0.424,-3.21,-3.61,9,11,9,5,5,13,2527,2486,1330,876,2024,0.433,338,875,0.386,437,569,0.768,433,1212,413,202,64,390,529,2022-2023
72,Drake,35,27,8,0.771,7.84,-1.14,15,5,14,1,6,6,2617,2236,1430,952,2032,0.469,278,751,0.37,435,567,0.767,278,1250,478,187,92,368,522,2022-2023
73,Drexel,32,17,15,0.531,-2.27,-5.43,10,8,12,3,3,9,2135,1997,1305,773,1794,0.431,229,725,0.316,360,527,0.683,330,1120,374,180,103,373,464,2022-2023
74,Duke,36,27,9,0.75,15.83,7.44,14,6,16,0,4,6,2592,2290,1445,936,2072,0.452,245,731,0.335,475,620,0.766,432,1392,526,204,163,432,549,2022-2023
75,Duquesne,33,20,13,0.606,3.48,-0.16,10,8,16,4,3,7,2472,2352,1322,897,2052,0.437,302,826,0.366,376,542,0.694,410,1177,505,266,124,395,614,2022-2023
76,East Carolina,33,16,17,0.485,-0.29,1.41,6,12,10,6,2,9,2271,2327,1320,769,1896,0.406,249,788,0.316,484,704,0.688,403,1223,433,214,87,435,583,2022-2023
77,East Tennessee State,32,12,20,0.375,-6,-4.44,8,10,7,9,4,9,2211,2208,1285,821,1814,0.453,203,633,0.321,366,546,0.67,343,1122,390,195,99,420,491,2022-2023
78,East Texas A&M,33,13,20,0.394,-11.09,-7.53,9,9,5,5,7,13,2362,2421,1345,859,1890,0.454,278,868,0.32,366,522,0.701,303,1063,474,191,101,423,618,2022-2023
79,Eastern Illinois,31,9,22,0.29,-14.09,-6.75,5,13,6,9,3,12,2134,2235,1245,797,1800,0.443,162,493,0.329,378,593,0.637,288,1052,449,260,105,419,559,2022-2023
80,Eastern Kentucky,37,23,14,0.622,-1.47,-1.62,12,6,14,2,5,10,2909,2720,1505,1098,2487,0.441,318,927,0.343,395,599,0.659,503,1481,552,296,176,444,586,2022-2023
81,Eastern Michigan,31,8,23,0.258,-11.05,-1.88,5,13,6,7,2,13,2239,2505,1250,803,1827,0.44,192,608,0.316,441,575,0.767,270,974,299,194,67,367,587,2022-2023
82,Eastern Washington,34,23,11,0.676,1.47,-1.62,16,2,11,2,10,7,2607,2429,1360,931,1901,0.49,300,837,0.358,445,589,0.756,305,1222,523,176,107,461,591,2022-2023
83,Elon,32,8,24,0.25,-12.85,-4.38,6,12,5,9,3,12,2094,2291,1280,762,1791,0.425,218,722,0.302,352,497,0.708,281,1079,389,196,69,395,515,2022-2023
84,Evansville,32,5,27,0.156,-15.14,-1.54,1,19,3,10,1,14,1997,2432,1280,729,1839,0.396,199,618,0.322,340,540,0.63,252,1004,328,224,62,392,520,2022-2023
85,Fairfield,31,13,18,0.419,-6.98,-4.51,9,11,7,6,4,10,2012,2045,1255,690,1681,0.41,178,621,0.287,454,627,0.724,305,1045,296,170,114,367,472,2022-2023
86,FDU,37,21,16,0.568,-8.98,-9.83,10,6,10,5,8,9,2863,2744,1495,1045,2312,0.452,302,876,0.345,471,626,0.752,427,1271,545,295,74,425,696,2022-2023
87,Florida,33,16,17,0.485,10.9,8.26,9,9,10,6,4,7,2351,2264,1325,830,1904,0.436,220,701,0.314,471,657,0.717,278,1143,406,225,171,371,533,2022-2023
88,Florida A&M,29,7,22,0.241,-17.81,-4.99,5,13,4,7,3,15,1700,2030,1165,595,1536,0.387,167,533,0.313,343,496,0.692,295,953,280,191,105,464,551,2022-2023
89,Florida Atlantic,39,35,4,0.897,13.92,2.3,18,2,17,0,11,3,3035,2547,1570,1084,2326,0.466,375,1024,0.366,492,684,0.719,425,1519,562,252,100,460,613,2022-2023
90,Florida Gulf Coast,32,17,15,0.531,-2.63,-3.08,7,11,8,5,6,9,2280,2222,1290,805,1844,0.437,295,832,0.355,375,507,0.74,301,1107,409,219,104,365,497,2022-2023
91,Florida International,32,14,18,0.438,-2.71,0.32,8,12,11,7,3,10,2339,2404,1300,867,1861,0.466,219,671,0.326,386,541,0.713,275,1008,397,290,128,473,547,2022-2023
92,Florida State,32,9,23,0.281,-0.38,6.5,7,13,5,11,4,7,2219,2439,1280,802,1840,0.436,209,633,0.33,406,559,0.726,278,1006,430,197,125,388,519,2022-2023
93,Fordham,33,25,8,0.758,2.26,-2.14,12,6,18,2,6,5,2376,2231,1330,797,1901,0.419,252,792,0.318,530,715,0.741,356,1219,418,238,160,446,647,2022-2023
94,Fresno State,31,11,20,0.355,2.6,5.1,6,12,7,7,4,9,1974,2036,1240,720,1673,0.43,210,681,0.308,324,420,0.771,248,938,382,196,103,359,499,2022-2023
95,Furman,36,28,8,0.778,4.89,-2.9,15,3,14,2,8,3,2911,2563,1455,1016,2129,0.477,340,988,0.344,539,727,0.741,351,1262,600,238,115,397,604,2022-2023
96,Gardner-Webb,31,15,16,0.484,-3.84,-4.64,10,8,8,5,6,10,2192,2032,1260,813,1741,0.467,196,583,0.336,370,592,0.625,310,1097,399,222,146,403,594,2022-2023
97,George Mason,33,20,13,0.606,1.73,0.27,11,7,14,2,4,7,2268,2220,1330,800,1774,0.451,240,685,0.35,428,657,0.651,302,1180,452,152,103,453,568,2022-2023
98,George Washington,32,16,16,0.5,-1.93,-0.61,10,8,11,6,5,6,2441,2455,1305,869,1849,0.47,228,710,0.321,475,644,0.738,284,1118,406,182,109,403,526,2022-2023
99,Georgetown,32,7,25,0.219,-1.07,7.52,2,18,5,12,1,11,2225,2500,1290,818,1934,0.423,185,599,0.309,404,563,0.718,345,1151,380,197,146,392,462,2022-2023
100,Georgia,32,16,16,0.5,1.8,4.8,6,12,13,4,1,10,2193,2289,1285,728,1774,0.41,215,678,0.317,522,718,0.727,347,1145,358,202,85,423,513,2022-2023
101,Georgia Southern,33,17,16,0.515,-3.25,-2.02,9,9,12,4,3,11,2257,2201,1325,840,1926,0.436,207,659,0.314,370,539,0.686,325,1165,343,232,94,378,551,2022-2023
102,Georgia State,31,10,21,0.323,-6.79,-0.93,3,15,10,9,0,11,2068,2150,1245,745,1789,0.416,164,556,0.295,414,581,0.713,343,1070,342,179,111,400,528,2022-2023
103,Georgia Tech,33,15,18,0.455,2.08,4.89,6,14,11,6,3,9,2301,2335,1325,855,2019,0.423,259,773,0.335,332,477,0.696,349,1155,463,197,134,349,524,2022-2023
104,Gonzaga,37,31,6,0.838,18.99,8.04,14,2,15,1,7,2,3187,2715,1485,1188,2282,0.521,279,737,0.379,532,768,0.693,383,1376,602,268,127,397,613,2022-2023
105,Grambling,33,24,9,0.727,-4.03,-8.48,15,3,11,1,9,6,2276,2054,1325,811,1785,0.454,174,489,0.356,480,745,0.644,364,1196,405,242,136,475,624,2022-2023
106,Grand Canyon,36,24,12,0.667,4.43,1.27,10,7,14,4,5,5,2706,2421,1450,933,2018,0.462,323,843,0.383,517,722,0.716,364,1317,452,177,115,430,648,2022-2023
107,Green Bay,32,3,29,0.094,-20.3,-3.14,2,18,2,10,1,17,1898,2447,1285,656,1665,0.394,218,724,0.301,368,524,0.702,235,905,350,162,76,447,541,2022-2023
108,Hampton,32,8,24,0.25,-15.25,-4.71,5,13,7,6,1,13,2183,2481,1285,759,1934,0.392,228,709,0.322,437,636,0.687,335,1098,352,138,101,354,587,2022-2023
109,Hartford,28,5,23,0.179,-23.12,-7.96,NA,NA,5,10,0,11,1757,1991,1120,659,1543,0.427,206,620,0.332,233,362,0.644,255,886,364,179,105,403,395,2022-2023
110,Harvard,28,14,14,0.5,-0.71,-2.02,5,9,5,7,8,6,1914,1858,1130,700,1593,0.439,184,596,0.309,330,493,0.669,299,1015,370,211,107,381,408,2022-2023
111,Hawaii,33,22,11,0.667,2.36,-2.17,13,7,13,5,6,4,2208,2039,1335,772,1799,0.429,220,667,0.33,444,594,0.747,320,1165,367,151,125,401,528,2022-2023
112,High Point,31,14,17,0.452,-9.88,-5.23,6,12,10,5,2,11,2312,2392,1241,813,1834,0.443,234,720,0.325,452,722,0.626,362,1179,383,203,152,438,573,2022-2023
113,Hofstra,35,25,10,0.714,4.96,-2.3,16,2,11,2,11,5,2619,2324,1415,1001,2084,0.48,303,826,0.367,314,425,0.739,271,1181,504,218,148,376,503,2022-2023
114,Holy Cross,32,10,22,0.313,-14.27,-6.4,7,11,6,9,4,11,2136,2324,1285,812,1862,0.436,219,599,0.366,293,471,0.622,255,1040,398,203,89,387,514,2022-2023
115,Houston,37,33,4,0.892,22.2,4.79,17,1,16,2,11,0,2770,2126,1480,1010,2203,0.458,284,835,0.34,466,636,0.733,474,1441,544,293,182,370,618,2022-2023
116,Houston Christian,32,10,22,0.313,-17.18,-6.94,7,11,8,8,2,13,2482,2658,1285,851,1863,0.457,265,726,0.365,515,717,0.718,330,1097,474,184,88,489,575,2022-2023
117,Howard,35,22,13,0.629,-5.04,-5.14,11,3,12,2,6,8,2634,2542,1405,934,2038,0.458,282,754,0.374,484,679,0.713,407,1252,523,252,109,573,614,2022-2023
118,Idaho,32,10,22,0.313,-8.7,-3.86,4,14,6,10,4,11,2335,2332,1296,824,1747,0.472,217,638,0.34,470,617,0.762,222,979,381,164,57,362,539,2022-2023
119,Idaho State,32,11,21,0.344,-6.56,-2.96,8,10,7,7,4,12,2213,2272,1310,794,1785,0.445,245,725,0.338,380,517,0.735,259,1005,392,185,90,370,564,2022-2023
120,Illinois,33,20,13,0.606,14.81,7.65,11,9,15,2,3,7,2452,2216,1335,874,1946,0.449,251,815,0.308,453,667,0.679,366,1248,409,229,186,426,559,2022-2023
121,Illinois State,32,11,21,0.344,-7.38,-3.38,6,14,8,7,3,9,2127,2255,1300,737,1699,0.434,232,690,0.336,421,531,0.793,280,1045,345,183,105,466,590,2022-2023
122,Illinois-Chicago,32,12,20,0.375,-8.83,-3.12,4,16,7,8,3,11,2149,2292,1290,747,1794,0.416,255,774,0.329,400,611,0.655,269,1037,421,206,150,410,560,2022-2023
123,Incarnate Word,31,12,19,0.387,-15.06,-8.28,6,12,7,7,3,12,2194,2290,1255,776,1756,0.442,194,557,0.348,448,600,0.747,284,976,382,259,88,425,532,2022-2023
124,Indiana,35,23,12,0.657,14.94,8.88,12,8,15,2,5,7,2616,2404,1405,994,2044,0.486,200,544,0.368,428,602,0.711,321,1250,533,203,177,402,599,2022-2023
125,Indiana State,36,23,13,0.639,4.86,-4.02,13,7,11,4,7,6,2855,2507,1450,1008,2088,0.483,340,959,0.355,499,647,0.771,249,1245,570,235,69,434,587,2022-2023
126,Iona,35,27,8,0.771,7.61,-2.76,17,3,11,1,8,4,2660,2297,1405,979,2135,0.459,247,683,0.362,453,619,0.732,389,1245,520,261,192,367,568,2022-2023
127,Iowa,33,19,14,0.576,14.08,8.69,11,9,14,3,4,7,2642,2464,1335,941,2077,0.453,265,779,0.34,495,671,0.738,398,1207,541,216,112,325,488,2022-2023
128,Iowa State,33,19,14,0.576,15.36,10.39,9,9,13,3,3,8,2231,2067,1330,834,1882,0.443,211,637,0.331,352,525,0.67,380,1111,457,290,96,427,633,2022-2023
129,IU Indy,32,5,27,0.156,-19,-5.57,2,18,4,9,0,15,2089,2456,1285,786,1718,0.458,146,492,0.297,371,537,0.691,297,1011,358,185,81,506,570,2022-2023
130,Jackson State,33,14,19,0.424,-11.36,-5.39,12,6,7,2,6,14,2232,2429,1338,800,1911,0.419,207,650,0.318,425,630,0.675,384,1137,406,248,82,514,571,2022-2023
131,Jacksonville,29,13,16,0.448,-6.19,-2.54,6,12,7,6,6,10,1837,1816,1160,686,1519,0.452,200,588,0.34,265,353,0.751,220,968,376,148,69,333,409,2022-2023
132,Jacksonville State,31,13,18,0.419,-6.67,-2.6,6,12,9,5,3,12,2166,2178,1245,747,1705,0.438,281,747,0.376,391,559,0.699,318,1117,381,172,74,410,510,2022-2023
133,James Madison,33,22,11,0.667,4.96,-2.31,12,6,11,3,8,6,2658,2246,1340,933,2019,0.462,263,751,0.35,529,748,0.707,393,1257,444,298,87,435,583,2022-2023
134,Kansas,36,28,8,0.778,19.2,11.84,13,5,15,1,7,4,2715,2450,1450,1002,2142,0.468,251,724,0.347,460,639,0.72,353,1294,590,317,139,444,597,2022-2023
135,Kansas City,32,11,21,0.344,-9.78,-3.28,7,11,6,8,3,11,2060,2199,1295,723,1844,0.392,188,665,0.283,426,598,0.712,430,1183,300,192,117,432,585,2022-2023
136,Kansas State,36,26,10,0.722,15.79,9.48,11,7,16,1,4,7,2742,2515,1465,961,2083,0.461,258,752,0.343,562,751,0.748,355,1247,611,289,100,498,644,2022-2023
137,Kennesaw State,35,26,9,0.743,0.6,-2.06,15,3,15,1,10,6,2626,2415,1415,931,2021,0.461,286,783,0.365,478,723,0.661,337,1234,502,276,96,434,631,2022-2023
138,Kent State,35,28,7,0.8,7.53,-1.22,15,3,15,0,9,6,2665,2305,1405,957,2128,0.45,275,818,0.336,476,656,0.726,386,1249,432,309,138,398,659,2022-2023
139,Kentucky,34,22,12,0.647,14.76,8.08,12,6,14,4,6,4,2532,2305,1370,929,2045,0.454,213,613,0.347,461,653,0.706,472,1339,512,219,125,400,545,2022-2023
140,La Salle,34,15,19,0.441,-2.79,-0.02,7,11,8,8,5,8,2374,2468,1375,863,2037,0.424,248,726,0.342,400,577,0.693,384,1217,408,229,110,427,606,2022-2023
141,Lafayette,34,11,23,0.324,-7.83,-4.53,7,11,5,7,5,16,2120,2232,1394,767,1881,0.408,298,911,0.327,288,460,0.626,284,1106,528,196,101,396,523,2022-2023
142,Lamar,31,9,22,0.29,-17.4,-7.65,5,13,6,9,2,12,2104,2311,1250,761,1767,0.431,178,556,0.32,404,574,0.704,364,1119,409,199,105,441,488,2022-2023
143,Lehigh,30,16,14,0.533,-9.08,-6.04,11,7,9,6,7,8,2094,2082,1200,752,1698,0.443,205,584,0.351,385,516,0.746,203,1006,370,187,71,353,501,2022-2023
144,Liberty,36,27,9,0.75,8.36,-1.91,15,3,19,1,6,7,2689,2194,1440,963,2032,0.474,376,1007,0.373,387,532,0.727,296,1219,580,226,82,373,540,2022-2023
145,Lindenwood,32,11,21,0.344,-14.8,-6.35,6,12,9,4,2,14,2226,2362,1305,804,1873,0.429,239,664,0.36,379,520,0.729,288,1099,376,203,105,424,514,2022-2023
146,Lipscomb,33,20,13,0.606,-1.95,-4.02,11,7,13,2,7,11,2521,2343,1340,943,1983,0.476,266,748,0.356,369,496,0.744,289,1198,466,177,92,399,460,2022-2023
147,Little Rock,31,10,21,0.323,-12.62,-6.97,6,12,8,5,2,16,2337,2461,1250,845,1907,0.443,185,567,0.326,462,632,0.731,339,1107,460,209,72,418,609,2022-2023
148,Long Beach State,33,17,16,0.515,-0.58,-0.42,11,9,9,5,6,9,2524,2455,1355,949,2086,0.455,146,494,0.296,480,708,0.678,429,1341,494,245,108,466,563,2022-2023
149,Long Island University,29,3,26,0.103,-24.46,-6.61,1,15,2,10,1,14,1935,2319,1160,720,1683,0.428,142,420,0.338,353,535,0.66,275,1005,420,192,99,475,511,2022-2023
150,Longwood,32,20,12,0.625,-1.75,-6.35,12,6,12,3,8,8,2341,2119,1280,831,1837,0.452,241,685,0.352,438,607,0.722,357,1111,398,206,70,380,531,2022-2023
151,Louisiana,34,26,8,0.765,4.27,-0.51,13,5,14,0,7,7,2630,2362,1365,950,1972,0.482,239,635,0.376,491,720,0.682,377,1241,489,244,102,415,577,2022-2023
152,Louisiana State,33,14,19,0.424,3.32,6.44,2,16,10,8,0,9,2231,2334,1320,768,1875,0.41,239,730,0.327,456,632,0.722,376,1156,406,223,88,405,560,2022-2023
153,Louisiana Tech,33,15,18,0.455,0.1,1.9,7,13,9,6,4,11,2383,2320,1350,854,1930,0.442,281,814,0.345,394,546,0.722,359,1145,408,260,87,451,570,2022-2023
154,Louisiana-Monroe,32,11,21,0.344,-8.64,-0.57,7,11,7,8,4,10,2157,2235,1295,759,1860,0.408,242,690,0.351,397,557,0.713,345,1124,403,220,114,405,484,2022-2023
155,Louisville,32,4,28,0.125,-5.39,6.45,2,18,4,13,0,11,2046,2425,1280,716,1700,0.421,200,608,0.329,414,559,0.741,294,1031,299,145,90,478,527,2022-2023
156,Loyola (IL),31,10,21,0.323,-4.65,0.44,4,14,6,8,3,8,2089,2247,1255,757,1638,0.462,220,658,0.334,355,509,0.697,233,960,428,175,94,464,601,2022-2023
157,Loyola (MD),33,13,20,0.394,-12.05,-6.14,7,11,9,6,3,13,2222,2331,1325,822,1821,0.451,250,701,0.357,328,509,0.644,301,1035,459,247,78,446,517,2022-2023
158,Loyola Marymount,31,19,12,0.613,4.98,4.32,9,7,13,3,4,7,2335,2265,1255,832,1831,0.454,289,792,0.365,382,569,0.671,328,1119,366,169,86,397,602,2022-2023
159,Maine,30,13,17,0.433,-8.88,-4.66,7,9,8,4,5,12,2054,2091,1215,784,1711,0.458,198,595,0.333,288,396,0.727,232,924,415,284,62,371,446,2022-2023
160,Manhattan,30,12,18,0.4,-9.87,-4.94,10,10,5,9,6,7,2016,2112,1225,733,1682,0.436,205,616,0.333,343,520,0.66,274,952,370,227,105,406,492,2022-2023
161,Marist,33,13,20,0.394,-8.44,-5.68,6,14,5,10,4,9,2110,2201,1325,745,1819,0.41,253,771,0.328,367,526,0.698,294,1131,357,195,124,392,509,2022-2023
162,Marquette,36,29,7,0.806,17.07,8.01,17,3,16,1,9,4,2856,2530,1460,1056,2174,0.486,322,912,0.353,422,588,0.718,317,1146,624,330,108,386,582,2022-2023
163,Marshall,32,24,8,0.75,7.13,-2.84,13,5,15,2,9,5,2616,2281,1295,986,2120,0.465,264,781,0.338,380,548,0.693,395,1247,561,288,169,372,526,2022-2023
164,Maryland,35,22,13,0.629,14.58,8.35,11,9,16,1,2,9,2440,2222,1405,862,1925,0.448,233,710,0.328,483,660,0.732,342,1175,398,191,131,373,560,2022-2023
165,Maryland-Baltimore County,32,18,14,0.563,-6.22,-6.96,8,8,13,4,5,10,2378,2328,1285,869,1931,0.45,257,754,0.341,383,511,0.75,297,1093,456,180,81,323,467,2022-2023
166,Maryland-Eastern Shore,31,18,13,0.581,-7.63,-5.48,9,5,10,3,7,9,2162,2054,1245,776,1812,0.428,229,720,0.318,381,530,0.719,305,988,417,345,59,454,515,2022-2023
167,Massachusetts,31,15,16,0.484,-1.34,0.3,6,12,8,6,3,8,2163,2214,1240,775,1868,0.415,182,555,0.328,431,602,0.716,404,1187,423,211,119,443,541,2022-2023
168,Massachusetts-Lowell,34,26,8,0.765,0.63,-8.53,11,5,17,0,9,8,2653,2243,1365,965,1995,0.484,236,619,0.381,487,662,0.736,406,1314,486,237,164,466,572,2022-2023
169,McNeese State,34,11,23,0.324,-13.63,-5.48,6,12,8,9,3,14,2352,2565,1375,858,1991,0.431,258,793,0.325,378,571,0.662,422,1198,385,246,61,499,655,2022-2023
170,Memphis,35,26,9,0.743,14.5,6.9,13,5,13,2,7,5,2778,2512,1415,1004,2096,0.479,215,609,0.353,555,743,0.747,364,1256,546,301,158,467,637,2022-2023
171,Mercer,33,14,19,0.424,-5.11,-3.98,6,12,7,7,4,10,2268,2211,1335,851,1885,0.451,196,586,0.334,370,536,0.69,342,1144,422,185,71,385,592,2022-2023
172,Merrimack,34,18,16,0.529,-11.18,-9.12,12,4,10,6,8,8,2128,2119,1360,732,1745,0.419,251,768,0.327,413,599,0.689,229,974,429,380,139,479,482,2022-2023
173,Miami (FL),37,29,8,0.784,13.98,6.84,15,5,16,1,7,4,2925,2661,1485,1058,2205,0.48,278,755,0.368,531,677,0.784,384,1285,535,270,115,411,527,2022-2023
174,Miami (OH),32,12,20,0.375,-7.46,-2.43,6,12,9,9,3,9,2357,2385,1285,830,1817,0.457,250,736,0.34,447,568,0.787,287,1022,440,195,94,436,583,2022-2023
175,Michigan,34,18,16,0.529,12.43,8.69,11,9,13,4,3,8,2494,2367,1390,898,1994,0.45,261,744,0.351,437,615,0.711,300,1248,414,158,157,356,527,2022-2023
176,Michigan State,34,21,13,0.618,14.25,11.25,11,8,12,2,5,7,2411,2309,1380,879,1944,0.452,252,642,0.393,401,528,0.759,307,1213,497,160,102,370,557,2022-2023
177,Middle Tennessee,33,19,14,0.576,2.95,2.08,11,9,12,2,3,11,2313,2236,1330,857,1892,0.453,228,674,0.338,371,543,0.683,366,1109,356,249,159,439,579,2022-2023
178,Milwaukee,34,22,12,0.647,-4.69,-3.98,14,6,15,3,6,7,2659,2522,1385,944,2062,0.458,267,774,0.345,504,681,0.74,405,1330,472,236,186,515,610,2022-2023
179,Minnesota,31,9,22,0.29,-0.3,7.86,2,17,6,11,1,9,1949,2202,1250,720,1664,0.433,192,591,0.325,317,512,0.619,262,1017,454,143,124,401,482,2022-2023
180,Mississippi,33,12,21,0.364,5.73,7.3,3,15,7,10,2,9,2227,2279,1330,816,1933,0.422,203,671,0.303,392,564,0.695,396,1180,432,235,123,402,525,2022-2023
181,Mississippi State,34,21,13,0.618,11.43,6.69,8,10,12,4,4,6,2234,2073,1380,816,1936,0.421,178,669,0.266,424,655,0.647,440,1288,482,293,117,434,517,2022-2023
182,Mississippi Valley State,32,5,27,0.156,-18.28,-4.56,4,14,4,6,1,19,1953,2392,1290,683,1681,0.406,162,464,0.349,425,639,0.665,316,1027,321,243,65,518,573,2022-2023
183,Missouri,35,25,10,0.714,11.41,6.89,11,7,16,3,5,5,2762,2604,1410,988,2092,0.472,325,904,0.36,461,608,0.758,310,1058,558,357,95,390,631,2022-2023
184,Missouri State,32,17,15,0.531,0.35,-1,12,8,10,4,5,8,2098,2021,1295,772,1776,0.435,254,767,0.331,300,479,0.626,363,1124,374,199,140,393,497,2022-2023
185,Monmouth,33,7,26,0.212,-15.64,-2.61,5,13,3,10,3,15,2036,2466,1320,746,1856,0.402,134,466,0.288,410,615,0.667,365,1088,395,278,83,476,635,2022-2023
186,Montana,31,17,14,0.548,-1.15,-1.85,10,7,9,4,6,9,2147,2114,1245,762,1650,0.462,244,656,0.372,379,481,0.788,229,942,378,146,74,347,560,2022-2023
187,Montana State,35,25,10,0.714,2.18,-1.43,15,3,12,1,10,5,2588,2342,1410,879,1876,0.469,216,642,0.336,614,814,0.754,291,1154,438,229,104,415,641,2022-2023
188,Morehead State,34,22,12,0.647,-7.1,-5.07,14,4,14,2,8,9,2374,2266,1365,823,1889,0.436,254,730,0.348,474,654,0.725,325,1212,467,193,129,403,532,2022-2023
189,Morgan State,31,15,16,0.484,-11.58,-6.1,7,7,10,2,3,12,2323,2242,1255,863,1911,0.452,206,559,0.369,391,568,0.688,362,1074,479,303,138,500,647,2022-2023
190,Mount St. Mary's,33,13,20,0.394,-8.18,-4.02,8,12,5,9,7,10,2101,2212,1330,771,1818,0.424,220,622,0.354,339,463,0.732,308,1110,410,182,82,450,540,2022-2023
191,Murray State,32,17,15,0.531,-4.45,-1.61,11,9,11,2,3,11,2254,2305,1296,805,1824,0.441,197,593,0.332,447,607,0.736,301,1111,391,174,83,349,467,2022-2023
192,Navy,31,18,13,0.581,-2.79,-6.12,11,7,9,6,9,7,2152,2013,1250,808,1781,0.454,240,647,0.371,296,419,0.706,310,1068,459,215,85,355,494,2022-2023
193,NC State,34,23,11,0.676,12.5,5.58,12,8,15,2,4,6,2643,2408,1365,982,2181,0.45,281,810,0.347,398,551,0.722,385,1244,434,266,152,320,592,2022-2023
194,Nebraska,32,16,16,0.5,7.12,9.02,9,11,11,4,4,9,2175,2236,1300,819,1790,0.458,214,657,0.326,323,504,0.641,264,1105,418,177,79,406,452,2022-2023
195,Nevada,33,22,11,0.667,10.01,6.41,12,6,14,1,6,7,2397,2238,1345,799,1794,0.445,238,678,0.351,561,708,0.792,245,1101,474,197,100,339,592,2022-2023
196,Nevada-Las Vegas,32,19,13,0.594,7.2,5.17,7,11,10,8,5,5,2376,2241,1305,819,1895,0.432,262,751,0.349,476,658,0.723,335,1081,411,291,122,394,547,2022-2023
197,New Hampshire,30,15,15,0.5,-9.05,-5.7,9,7,11,4,4,11,1992,2011,1210,696,1749,0.398,248,725,0.342,352,508,0.693,307,1071,350,161,76,297,452,2022-2023
198,New Mexico,34,22,12,0.647,10.82,5.22,8,10,15,5,5,6,2749,2525,1375,983,2043,0.481,192,545,0.352,591,800,0.739,332,1260,466,229,134,382,574,2022-2023
199,New Mexico State,24,9,15,0.375,-1.56,2.45,2,10,6,4,1,9,1769,1720,960,631,1426,0.442,181,534,0.339,326,479,0.681,246,852,291,176,55,305,453,2022-2023
200,New Orleans,32,12,20,0.375,-14.23,-7.36,7,11,6,9,4,10,2340,2536,1286,833,1785,0.467,196,519,0.378,478,674,0.709,309,1032,466,215,70,547,619,2022-2023
201,Niagara,31,16,15,0.516,-6.78,-4.58,10,10,9,4,4,10,2016,2044,1250,736,1642,0.448,196,570,0.344,348,481,0.723,250,944,339,165,71,365,499,2022-2023
202,Nicholls State,31,16,15,0.516,-8.54,-5.46,11,7,11,2,4,12,2344,2253,1240,882,1935,0.456,238,698,0.341,342,530,0.645,357,1075,431,302,93,420,639,2022-2023
203,NJIT,30,7,23,0.233,-12.57,-5.61,4,12,5,8,2,15,2008,2182,1220,744,1734,0.429,196,562,0.349,324,488,0.664,261,1022,336,160,85,334,471,2022-2023
204,Norfolk State,33,22,11,0.667,-3.72,-6.62,9,5,10,2,6,8,2501,2264,1332,876,1854,0.472,225,664,0.339,524,704,0.744,362,1185,424,234,122,434,598,2022-2023
205,North Alabama,33,18,15,0.545,-8.65,-3.95,10,8,9,4,8,10,2446,2452,1335,892,1949,0.458,252,682,0.37,410,578,0.709,282,1145,378,193,101,373,552,2022-2023
206,North Carolina,33,20,13,0.606,12.94,7.66,11,9,12,3,4,7,2514,2340,1345,866,1997,0.434,234,751,0.312,548,739,0.742,369,1304,397,177,128,355,555,2022-2023
207,North Carolina A&T,32,13,19,0.406,-11.4,-3.95,8,10,8,5,4,10,2264,2362,1290,806,1931,0.417,261,785,0.332,391,574,0.681,300,1136,375,240,98,385,547,2022-2023
208,North Carolina Central,30,18,12,0.6,-2.91,-6.1,10,4,13,1,4,10,2268,1977,1220,815,1737,0.469,221,614,0.36,417,594,0.702,328,1073,439,239,97,459,575,2022-2023
209,North Dakota,33,13,20,0.394,-7.6,-3.09,6,12,8,8,4,11,2380,2438,1330,858,1945,0.441,304,868,0.35,360,527,0.683,304,1101,394,146,88,378,522,2022-2023
210,North Dakota State,33,16,17,0.485,-4.56,-2.11,11,7,9,4,5,10,2404,2414,1320,866,1904,0.455,247,735,0.336,425,597,0.712,281,1191,370,130,98,379,509,2022-2023
211,North Florida,31,14,17,0.452,-6.75,-2.54,9,9,11,2,3,14,2363,2405,1260,837,1838,0.455,323,881,0.367,366,509,0.719,279,1058,405,154,120,378,435,2022-2023
212,North Texas,38,31,7,0.816,10.71,2.51,16,4,14,2,10,3,2452,2121,1540,854,1957,0.436,284,809,0.351,460,609,0.755,407,1289,428,246,112,451,619,2022-2023
213,Northeastern,30,10,20,0.333,-10.33,-3.96,6,12,6,6,3,12,1959,2150,1210,712,1704,0.418,211,635,0.332,324,473,0.685,331,1081,377,149,123,432,500,2022-2023
214,Northern Arizona,35,12,23,0.343,-3.87,-0.2,5,13,6,8,3,13,2581,2615,1420,930,2123,0.438,295,815,0.362,426,576,0.74,354,1189,484,185,53,378,649,2022-2023
215,Northern Colorado,32,12,20,0.375,-4.65,-0.65,6,12,6,7,3,12,2355,2480,1290,826,1843,0.448,265,741,0.358,438,588,0.745,263,1068,363,147,54,382,596,2022-2023
216,Northern Illinois,32,13,19,0.406,-6.55,-2.65,9,9,5,7,7,10,2304,2401,1285,837,1816,0.461,236,678,0.348,394,604,0.652,279,1060,402,207,74,458,617,2022-2023
217,Northern Iowa,32,14,18,0.438,-2.68,-1.07,9,11,8,8,4,7,2244,2238,1290,810,1788,0.453,238,699,0.34,386,554,0.697,244,1050,372,204,45,385,498,2022-2023
218,Northern Kentucky,35,22,13,0.629,-0.83,-2.89,14,6,14,3,6,6,2372,2224,1425,851,1997,0.426,283,827,0.342,387,556,0.696,394,1136,468,329,89,395,535,2022-2023
219,Northwestern,34,22,12,0.647,13.68,8.71,12,8,13,5,7,4,2303,2134,1370,801,1968,0.407,259,807,0.321,442,584,0.757,350,1174,434,267,133,327,549,2022-2023
220,Northwestern State,33,22,11,0.667,-4.72,-7.04,13,5,10,3,10,7,2463,2378,1330,900,2024,0.445,278,770,0.361,385,547,0.704,400,1114,415,273,79,393,605,2022-2023
221,Notre Dame,32,11,21,0.344,2.09,4.59,3,17,11,8,0,10,2227,2307,1285,810,1830,0.443,282,787,0.358,325,426,0.763,210,994,379,150,87,281,456,2022-2023
222,Oakland,32,13,19,0.406,-8.06,-2.9,11,9,8,6,5,10,2347,2442,1305,823,1892,0.435,232,753,0.308,469,604,0.776,268,977,384,239,84,339,448,2022-2023
223,Ohio,33,19,14,0.576,1.07,-2.68,10,8,14,1,4,11,2602,2413,1325,945,2063,0.458,295,791,0.373,417,571,0.73,399,1239,412,221,73,370,585,2022-2023
224,Ohio State,35,16,19,0.457,12.99,9.45,5,15,10,6,1,10,2538,2414,1410,948,2052,0.462,239,650,0.368,403,545,0.739,370,1257,410,181,132,375,573,2022-2023
225,Oklahoma,32,15,17,0.469,11.38,11.25,5,13,9,7,2,8,2165,2161,1290,782,1707,0.458,224,638,0.351,377,513,0.735,232,1049,417,183,97,428,518,2022-2023
226,Oklahoma State,36,20,16,0.556,12.62,10.18,8,10,12,6,5,7,2458,2370,1450,875,2046,0.428,247,797,0.31,461,664,0.694,410,1345,452,204,174,507,611,2022-2023
227,Old Dominion,31,19,12,0.613,-0.41,-0.64,11,7,12,4,6,5,2073,2052,1245,735,1760,0.418,164,523,0.314,439,646,0.68,375,1175,328,197,117,348,519,2022-2023
228,Omaha,32,9,23,0.281,-10.8,-1.83,4,14,5,7,1,15,2192,2438,1285,797,1805,0.442,183,540,0.339,415,535,0.776,259,1037,380,172,92,400,584,2022-2023
229,Oral Roberts,35,30,5,0.857,8.55,-2.84,18,0,16,0,11,4,2915,2458,1400,1058,2231,0.474,375,1027,0.365,424,548,0.774,313,1288,514,237,188,329,453,2022-2023
230,Oregon,36,21,15,0.583,13.83,9.5,12,8,15,6,4,6,2542,2386,1445,916,2043,0.448,256,799,0.32,454,653,0.695,397,1354,477,201,175,440,529,2022-2023
231,Oregon State,32,11,21,0.344,0.08,6.6,5,15,10,7,1,10,1959,2144,1280,676,1647,0.41,192,605,0.317,415,551,0.753,254,996,326,172,98,429,570,2022-2023
232,Pacific,33,15,18,0.455,-0.56,2.05,7,9,7,10,7,7,2502,2565,1330,868,1920,0.452,297,761,0.39,469,651,0.72,267,1044,419,179,85,389,628,2022-2023
233,Penn State,37,23,14,0.622,13.04,9.02,10,10,13,4,4,7,2673,2524,1505,978,2111,0.463,385,995,0.387,332,449,0.739,227,1205,508,161,79,332,572,2022-2023
234,Pennsylvania,30,17,13,0.567,0.85,-1.11,9,5,11,4,6,9,2249,2160,1220,812,1749,0.464,244,678,0.36,381,514,0.741,304,1128,444,166,96,382,543,2022-2023
235,Pepperdine,31,9,22,0.29,-0.12,4.71,2,14,8,8,0,12,2417,2520,1260,898,1930,0.465,253,699,0.362,368,518,0.71,286,1109,469,168,117,436,548,2022-2023
236,Pittsburgh,36,24,12,0.667,10.59,5.2,14,6,14,3,7,5,2704,2510,1440,930,2081,0.447,325,903,0.36,519,684,0.759,364,1301,506,185,147,400,585,2022-2023
237,Portland,33,14,19,0.424,1.68,4.13,5,11,10,7,2,10,2566,2594,1330,836,1837,0.455,317,845,0.375,577,774,0.745,268,1082,488,164,75,420,579,2022-2023
238,Portland State,31,12,19,0.387,-5.17,-0.58,6,11,6,7,5,9,2363,2340,1240,835,1865,0.448,234,688,0.34,459,631,0.727,289,974,431,220,105,375,700,2022-2023
239,Prairie View,32,13,19,0.406,-8.92,-6.58,9,9,9,3,4,14,2168,2196,1305,773,1914,0.404,191,631,0.303,431,629,0.685,378,1123,352,242,112,438,610,2022-2023
240,Presbyterian,32,5,27,0.156,-13.55,-5.02,1,17,5,9,0,15,2021,2223,1294,718,1709,0.42,191,616,0.31,394,630,0.625,336,1048,344,176,98,430,617,2022-2023
241,Princeton,32,23,9,0.719,4.76,-0.97,10,4,12,3,7,4,2416,2192,1295,867,1906,0.455,272,796,0.342,410,576,0.712,325,1248,430,156,106,385,512,2022-2023
242,Providence,33,21,12,0.636,12.89,6.55,13,7,15,2,6,6,2552,2343,1345,901,1975,0.456,218,630,0.346,532,717,0.742,400,1257,482,226,147,387,495,2022-2023
243,Purdue,35,29,6,0.829,18.23,8.31,15,5,14,2,8,3,2543,2196,1405,884,1936,0.457,239,743,0.322,536,720,0.744,430,1354,542,166,129,388,479,2022-2023
244,Purdue Fort Wayne,32,17,15,0.531,-5.46,-4.96,9,11,9,6,7,8,2364,2234,1286,836,1906,0.439,308,891,0.346,384,545,0.705,318,1139,418,235,74,421,467,2022-2023
245,Queens (NC),33,18,15,0.545,-4.16,-4.26,7,11,8,5,7,10,2564,2463,1320,878,1977,0.444,305,873,0.349,503,698,0.721,371,1232,456,204,72,411,531,2022-2023
246,Quinnipiac,32,20,12,0.625,-2.43,-5.2,11,9,9,4,9,6,2335,2231,1295,826,1908,0.433,263,725,0.363,420,630,0.667,365,1197,419,196,82,404,525,2022-2023
247,Radford,36,21,15,0.583,-1.86,-3.86,12,6,10,3,7,10,2496,2332,1445,931,2023,0.46,235,654,0.359,399,579,0.689,370,1202,426,252,103,426,606,2022-2023
248,Rhode Island,31,9,22,0.29,-4.16,0.49,5,13,7,9,1,10,2046,2190,1255,696,1765,0.394,168,553,0.304,486,653,0.744,363,1148,347,199,119,437,557,2022-2023
249,Rice,35,19,16,0.543,-1.95,1.4,8,12,11,7,6,7,2693,2680,1420,956,2052,0.466,308,875,0.352,473,641,0.738,294,1220,533,208,85,450,541,2022-2023
250,Richmond,33,15,18,0.455,1.43,0.34,7,11,12,4,1,11,2273,2237,1340,786,1791,0.439,261,790,0.33,440,591,0.745,226,1067,402,189,78,380,499,2022-2023
251,Rider,30,16,14,0.533,-3.49,-4.9,13,7,8,5,8,6,2105,2027,1215,793,1746,0.454,150,449,0.334,369,502,0.735,339,1085,341,161,67,345,548,2022-2023
252,Robert Morris,33,16,17,0.485,-5.83,-5.57,10,10,11,4,5,10,2287,2205,1325,844,1904,0.443,235,703,0.334,364,505,0.721,337,1145,457,220,135,432,533,2022-2023
253,Rutgers,34,19,15,0.559,14.58,7.31,10,10,14,6,4,7,2326,2079,1370,867,2012,0.431,195,608,0.321,397,567,0.7,394,1251,512,297,131,388,543,2022-2023
254,Sacramento State,32,14,18,0.438,-4.63,-1.6,7,11,9,4,5,10,2114,2169,1305,778,1751,0.444,217,629,0.345,341,489,0.697,348,1141,436,143,85,427,497,2022-2023
255,Sacred Heart,33,16,17,0.485,-12.78,-10.91,8,8,9,6,7,11,2332,2351,1330,864,2002,0.432,229,731,0.313,375,553,0.678,349,1180,444,259,108,438,502,2022-2023
256,Saint Francis (PA),31,13,18,0.419,-13.41,-9.27,9,7,10,5,3,13,2263,2286,1245,813,1760,0.462,240,633,0.379,397,564,0.704,265,1037,430,137,64,391,510,2022-2023
257,Saint Joseph's,33,16,17,0.485,-0.33,-0.3,8,10,10,6,4,7,2388,2389,1330,818,1920,0.426,290,882,0.329,462,657,0.703,342,1142,399,216,107,421,578,2022-2023
258,Saint Louis,33,21,12,0.636,6.04,2.85,12,6,15,3,4,7,2493,2348,1320,921,1970,0.468,230,645,0.357,421,576,0.731,335,1254,543,166,132,399,558,2022-2023
259,Saint Mary's (CA),35,27,8,0.771,17.41,7.18,14,2,16,2,6,2,2473,2105,1415,888,1952,0.455,263,720,0.365,434,625,0.694,371,1236,436,239,122,373,579,2022-2023
260,Saint Peter's,32,14,18,0.438,-9.9,-5.25,7,13,8,6,4,11,1986,2083,1290,716,1830,0.391,190,648,0.293,364,528,0.689,433,1119,336,200,102,393,681,2022-2023
261,Sam Houston,34,26,8,0.765,7.15,1.08,14,4,12,1,11,6,2454,2015,1370,894,1961,0.456,277,731,0.379,389,575,0.677,388,1250,460,279,76,446,606,2022-2023
262,Samford,32,21,11,0.656,0.5,-4.36,15,3,13,3,8,7,2519,2290,1300,832,1833,0.454,290,822,0.353,565,756,0.747,319,1137,374,260,83,405,598,2022-2023
263,San Diego,31,11,20,0.355,-2.06,3.28,4,12,8,9,3,8,2391,2495,1250,849,1882,0.451,244,691,0.353,449,587,0.765,314,1027,398,207,55,355,547,2022-2023
264,San Diego State,39,32,7,0.821,15.81,8.92,15,3,15,1,8,2,2775,2475,1570,986,2251,0.438,271,778,0.348,532,737,0.722,426,1416,504,262,151,452,634,2022-2023
265,San Francisco,34,20,14,0.588,6,3.63,7,9,11,5,5,6,2591,2496,1370,883,1975,0.447,349,966,0.361,476,635,0.75,326,1173,436,230,85,469,629,2022-2023
266,San Jose State,35,21,14,0.6,5.17,4.52,10,8,12,3,5,8,2362,2318,1415,869,1996,0.435,265,814,0.326,359,529,0.679,423,1335,428,142,145,416,545,2022-2023
267,Santa Clara,33,23,10,0.697,8.55,5.05,11,5,14,5,6,3,2538,2413,1335,919,2026,0.454,275,742,0.371,425,604,0.704,351,1261,460,196,125,414,519,2022-2023
268,Seattle,32,20,12,0.625,0.91,0.67,11,7,12,2,7,7,2303,2209,1285,786,1953,0.402,275,870,0.316,456,635,0.718,359,1186,381,196,99,382,581,2022-2023
269,Seton Hall,33,17,16,0.515,11,8.5,10,10,10,6,6,7,2256,2149,1320,784,1785,0.439,190,585,0.325,498,726,0.686,349,1157,401,272,143,454,586,2022-2023
270,Siena,32,17,15,0.531,-3.44,-4.82,11,9,8,5,7,8,2195,2151,1295,766,1769,0.433,213,611,0.349,450,611,0.736,323,1098,409,182,135,420,547,2022-2023
271,South Alabama,35,19,16,0.543,3.58,-0.49,9,9,10,4,4,10,2483,2282,1405,955,2036,0.469,266,770,0.345,307,447,0.687,242,1143,399,212,151,342,512,2022-2023
272,South Carolina,32,11,21,0.344,-2.28,6,4,14,7,8,4,8,2059,2324,1300,744,1846,0.403,244,755,0.323,327,495,0.661,378,1091,355,157,84,421,512,2022-2023
273,South Carolina State,31,5,26,0.161,-16.73,-4.13,2,12,4,6,1,19,2274,2599,1250,838,1980,0.423,213,671,0.317,385,575,0.67,429,1097,435,224,100,486,637,2022-2023
274,South Carolina Upstate,32,16,16,0.5,-7.44,-3.81,10,8,11,2,4,12,2198,2225,1285,808,1773,0.456,209,621,0.337,373,570,0.654,268,1014,374,237,146,421,637,2022-2023
275,South Dakota,31,12,19,0.387,-9.87,-3.32,7,11,8,6,2,11,2149,2282,1240,755,1750,0.431,275,706,0.39,364,476,0.765,267,1041,385,138,48,360,540,2022-2023
276,South Dakota State,32,19,13,0.594,-1.82,-2.07,13,5,10,2,6,9,2270,2233,1290,812,1805,0.45,246,700,0.351,400,505,0.792,223,1040,341,166,92,371,456,2022-2023
277,South Florida,32,14,18,0.438,1.95,1.95,7,11,9,9,4,7,2303,2303,1285,844,1894,0.446,236,703,0.336,379,582,0.651,381,1197,429,207,98,437,568,2022-2023
278,Southeast Missouri State,36,19,17,0.528,-7.4,-6.81,10,8,9,4,5,11,2789,2734,1465,958,2191,0.437,286,875,0.327,587,828,0.709,347,1262,497,251,115,471,767,2022-2023
279,Southeastern Louisiana,32,18,14,0.563,-8,-6.73,12,6,10,4,7,8,2483,2432,1305,889,1942,0.458,248,672,0.369,457,616,0.742,329,1107,453,233,58,390,557,2022-2023
280,Southern,32,15,17,0.469,-8.57,-6.5,11,7,9,2,5,12,2300,2280,1290,804,1872,0.429,244,737,0.331,448,627,0.715,281,1037,451,278,75,468,639,2022-2023
281,Southern California,33,22,11,0.667,13.06,8,14,6,15,2,5,5,2391,2224,1325,855,1878,0.455,214,620,0.345,465,624,0.745,310,1164,445,227,167,410,568,2022-2023
282,Southern Illinois,33,23,10,0.697,1.15,-2.14,14,6,13,2,8,6,2168,2026,1325,769,1716,0.448,259,795,0.326,371,513,0.723,228,1040,459,238,70,414,539,2022-2023
283,SIU Edwardsville,33,19,14,0.576,-6.45,-7.52,9,9,9,5,7,8,2463,2353,1320,834,1917,0.435,236,718,0.329,559,767,0.729,372,1222,407,228,141,421,576,2022-2023
284,Southern Indiana,33,16,17,0.485,-8.87,-7.13,9,9,10,4,5,11,2500,2447,1335,868,1999,0.434,320,854,0.375,444,662,0.671,404,1272,420,237,77,440,604,2022-2023
285,Southern Methodist,32,10,22,0.313,-0.12,5.2,5,13,7,9,1,11,2248,2418,1300,810,1919,0.422,201,646,0.311,427,634,0.674,335,1118,436,226,108,413,556,2022-2023
286,Southern Mississippi,33,25,8,0.758,3.31,-1.56,14,4,15,0,8,7,2436,2182,1320,881,1937,0.455,230,714,0.322,444,622,0.714,366,1203,488,276,87,403,545,2022-2023
287,Southern Utah,37,24,13,0.649,3.39,1.42,12,6,13,2,5,8,3064,2764,1510,1064,2286,0.465,313,887,0.353,623,859,0.725,395,1427,485,268,125,492,680,2022-2023
288,St. Bonaventure,32,14,18,0.438,-1.32,-0.41,8,10,11,4,2,11,2136,2165,1290,769,1794,0.429,226,650,0.348,372,529,0.703,301,1048,380,224,108,405,596,2022-2023
289,St. Francis (NY),30,14,16,0.467,-16.49,-11.17,7,9,10,5,4,11,1946,2034,1205,688,1701,0.404,204,577,0.354,366,524,0.698,342,1016,369,223,144,414,460,2022-2023
290,St. John's (NY),33,18,15,0.545,8.64,6.49,7,13,12,7,3,8,2552,2481,1340,970,2159,0.449,193,583,0.331,419,599,0.699,433,1324,500,272,123,462,535,2022-2023
291,St. Thomas,33,19,14,0.576,-3.1,-4.65,9,9,12,2,4,11,2447,2316,1320,847,1895,0.447,297,844,0.352,456,581,0.785,272,1052,426,196,77,327,574,2022-2023
292,Stanford,33,14,19,0.424,9.64,7.67,7,13,9,6,2,8,2321,2256,1320,838,1853,0.452,267,736,0.363,378,545,0.694,342,1137,490,188,106,413,557,2022-2023
293,Stephen F. Austin,32,19,13,0.594,0.73,-0.69,11,7,12,4,6,5,2427,2238,1305,867,1834,0.473,203,532,0.382,490,684,0.716,342,1102,482,284,83,493,685,2022-2023
294,Stetson,31,17,14,0.548,-2.83,-2.69,12,6,9,3,7,9,2381,2287,1270,857,1860,0.461,311,811,0.383,356,461,0.772,320,1085,429,159,99,329,484,2022-2023
295,Stonehill,31,14,17,0.452,-12.86,-8.59,10,6,7,4,6,12,2076,2157,1255,720,1633,0.441,239,677,0.353,397,524,0.758,194,963,380,219,88,417,468,2022-2023
296,Stony Brook,33,11,22,0.333,-12.45,-4.13,6,12,7,7,3,13,2083,2279,1325,726,1756,0.413,256,794,0.322,375,504,0.744,252,1119,389,144,83,413,499,2022-2023
297,Syracuse,32,17,15,0.531,5.39,4.17,10,10,11,7,5,6,2372,2333,1290,871,1883,0.463,198,547,0.362,432,577,0.749,324,1113,459,241,161,373,427,2022-2023
298,Tarleton State,34,17,17,0.5,-0.76,1.71,8,9,12,2,2,12,2446,2308,1370,847,1868,0.453,163,477,0.342,589,837,0.704,325,1077,437,330,96,424,694,2022-2023
299,TCU,35,22,13,0.629,15.61,8.78,9,9,13,4,3,7,2634,2395,1405,965,2128,0.453,197,636,0.31,507,725,0.699,402,1254,565,281,166,416,578,2022-2023
300,Temple,32,16,16,0.5,4.68,5.3,10,8,9,7,6,6,2227,2247,1305,754,1774,0.425,255,773,0.33,464,613,0.757,311,1126,441,159,128,434,538,2022-2023
301,Tennessee,36,25,11,0.694,20.84,7.98,11,7,14,2,4,6,2547,2084,1445,908,2097,0.433,276,840,0.329,455,643,0.708,464,1382,601,297,130,431,596,2022-2023
302,Tennessee State,32,18,14,0.563,-9.01,-8.94,10,8,13,4,4,8,2499,2401,1281,868,1935,0.449,281,804,0.35,482,694,0.695,336,1164,427,187,105,403,654,2022-2023
303,Tennessee Tech,33,16,17,0.485,-9.4,-6.37,11,7,11,5,4,11,2432,2421,1355,860,1967,0.437,302,829,0.364,410,570,0.719,310,1159,476,207,80,416,527,2022-2023
304,Tennessee-Martin,33,19,14,0.576,-8.67,-7.91,10,8,14,2,4,11,2658,2489,1335,945,2058,0.459,255,771,0.331,513,711,0.722,346,1293,450,249,114,394,603,2022-2023
305,Texas,38,29,9,0.763,20.56,10.43,12,6,17,1,4,6,2963,2578,1535,1083,2289,0.473,274,790,0.347,523,699,0.748,366,1296,614,299,136,439,663,2022-2023
306,Texas A&M,35,25,10,0.714,13.76,7.42,15,3,15,1,7,4,2549,2327,1400,835,1932,0.432,217,666,0.326,662,872,0.759,435,1288,439,235,82,430,637,2022-2023
307,Texas A&M-Corpus Christi,35,24,11,0.686,-2.57,-7.02,14,4,13,2,8,7,2803,2561,1410,971,2152,0.451,268,736,0.364,593,749,0.792,425,1306,536,296,60,448,665,2022-2023
308,Texas Southern,35,14,21,0.4,-10.56,-5.05,7,11,7,6,3,13,2422,2518,1430,894,2095,0.427,163,588,0.277,471,709,0.664,405,1313,412,235,116,511,657,2022-2023
309,Texas State,35,16,19,0.457,-2.32,-0.7,6,12,4,10,7,7,2309,2334,1400,848,1918,0.442,154,501,0.307,459,630,0.729,359,1143,346,220,124,411,630,2022-2023
310,Texas Tech,32,16,16,0.5,12.58,8.24,5,13,11,6,3,7,2347,2208,1290,831,1810,0.459,230,666,0.345,455,630,0.722,334,1125,413,234,93,441,494,2022-2023
311,Texas-Rio Grande Valley,32,15,17,0.469,-6.48,-0.55,5,12,12,6,3,10,2518,2502,1290,868,1852,0.469,222,655,0.339,560,802,0.698,345,1211,505,151,104,514,641,2022-2023
312,The Citadel,32,10,22,0.313,-12.13,-3.77,5,13,5,9,4,11,2158,2374,1280,771,1786,0.432,228,702,0.325,388,514,0.755,234,1015,365,176,85,393,539,2022-2023
313,Toledo,35,27,8,0.771,5.76,-2.57,16,2,13,1,10,4,2989,2691,1400,1057,2138,0.494,302,764,0.395,573,744,0.77,353,1192,521,238,102,336,564,2022-2023
314,Towson,33,21,12,0.636,0.24,-4.79,12,6,10,2,8,7,2368,2202,1335,860,1922,0.447,243,663,0.367,405,572,0.708,407,1232,461,205,113,404,538,2022-2023
315,Troy,33,20,13,0.606,1.39,-1.25,11,7,11,3,7,8,2414,2204,1330,858,1945,0.441,255,798,0.32,443,632,0.701,362,1151,447,288,86,424,559,2022-2023
316,Tulane,31,20,11,0.645,5.46,2.69,12,6,12,3,5,4,2478,2392,1260,861,1873,0.46,241,713,0.338,515,663,0.777,211,1037,485,262,130,351,511,2022-2023
317,Tulsa,30,5,25,0.167,-8.48,3.66,1,17,4,10,0,12,1959,2323,1210,715,1733,0.413,230,735,0.313,299,463,0.646,271,958,348,164,45,397,464,2022-2023
318,UAB,39,29,10,0.744,10.96,1.7,14,6,17,2,7,5,3149,2740,1605,1112,2462,0.452,276,778,0.355,649,876,0.741,526,1595,551,314,166,488,664,2022-2023
319,UC Davis,32,18,14,0.563,-0.31,-1.74,11,8,10,4,5,9,2392,2274,1295,809,1820,0.445,214,630,0.34,560,790,0.709,377,1186,389,227,90,471,600,2022-2023
320,UC Irvine,35,23,12,0.657,4.16,-0.6,15,5,11,4,9,7,2617,2352,1405,969,2082,0.465,247,656,0.377,432,600,0.72,341,1296,518,245,87,431,666,2022-2023
321,UC Riverside,34,22,12,0.647,0.72,-0.34,14,6,9,4,9,7,2463,2352,1380,906,2047,0.443,284,784,0.362,367,526,0.698,390,1251,450,175,61,417,629,2022-2023
322,UC San Diego,30,10,20,0.333,-6.94,-0.76,5,13,4,10,6,9,2057,2189,1230,740,1720,0.43,228,695,0.328,349,472,0.739,249,1004,359,174,67,362,482,2022-2023
323,UC Santa Barbara,35,27,8,0.771,3.3,-2.03,15,5,12,3,10,4,2510,2305,1405,924,1875,0.493,194,555,0.35,468,644,0.727,279,1113,495,222,87,397,562,2022-2023
324,UCF,34,19,15,0.559,11.09,5.09,8,10,11,6,5,7,2432,2228,1395,848,1980,0.428,295,835,0.353,441,572,0.771,393,1190,469,261,129,452,566,2022-2023
325,UCLA,37,31,6,0.838,22.11,8.66,18,2,17,0,9,2,2743,2245,1480,1033,2245,0.46,227,651,0.349,450,616,0.731,418,1307,538,310,142,371,573,2022-2023
326,UNC Asheville,35,27,8,0.771,-1.74,-4.35,16,2,13,0,10,6,2604,2418,1420,897,1890,0.475,274,707,0.388,536,772,0.694,295,1219,446,221,140,496,542,2022-2023
327,UNC Greensboro,32,20,12,0.625,1.66,-2.91,14,4,11,3,8,6,2306,2064,1291,816,1831,0.446,254,718,0.354,420,587,0.716,330,1180,465,228,83,376,535,2022-2023
328,UNC Wilmington,34,24,10,0.706,-1.17,-3.05,12,6,11,3,8,6,2343,2187,1375,813,1832,0.444,209,624,0.335,508,697,0.729,324,1130,365,230,95,408,624,2022-2023
329,UT Arlington,32,11,21,0.344,-4.98,2.12,6,12,6,8,4,9,2125,2190,1285,772,1863,0.414,207,643,0.322,374,570,0.656,407,1148,432,204,96,443,619,2022-2023
330,Utah,32,17,15,0.531,11.34,6.53,10,10,12,5,4,7,2197,2043,1285,791,1852,0.427,232,698,0.332,383,541,0.708,357,1254,462,161,126,384,487,2022-2023
331,Utah State,35,26,9,0.743,14.23,6.81,13,5,14,2,6,4,2736,2446,1405,947,1975,0.479,325,840,0.387,517,678,0.763,300,1243,585,175,117,426,589,2022-2023
332,Utah Tech,33,14,19,0.424,-0.16,1.01,5,13,9,5,3,13,2495,2420,1330,828,1802,0.459,285,749,0.381,554,787,0.704,321,1125,434,219,74,497,647,2022-2023
333,Utah Valley,37,28,9,0.757,8.48,1.83,15,3,14,1,12,5,2863,2538,1500,1022,2200,0.465,242,728,0.332,577,780,0.74,377,1492,594,239,242,509,646,2022-2023
334,UTEP,32,14,18,0.438,-0.74,1.82,7,13,11,7,3,10,2192,2192,1315,796,1776,0.448,158,537,0.294,442,699,0.632,373,1122,385,288,85,505,576,2022-2023
335,UTSA,32,10,22,0.313,-7.74,1.16,4,16,8,10,2,11,2217,2450,1291,749,1826,0.41,235,703,0.334,484,659,0.734,341,1132,334,137,81,439,563,2022-2023
336,Valparaiso,32,11,21,0.344,-8.72,-2.75,5,15,8,7,2,12,2206,2355,1310,814,1852,0.44,198,668,0.296,380,522,0.728,251,1087,436,187,83,406,530,2022-2023
337,Vanderbilt,37,22,15,0.595,8.98,8.55,11,7,14,6,5,6,2661,2645,1490,930,2187,0.425,310,922,0.336,491,690,0.712,417,1340,429,187,168,399,604,2022-2023
338,Vermont,34,23,11,0.676,1.63,-3.13,14,2,13,1,9,6,2471,2276,1377,901,1901,0.474,292,816,0.358,377,541,0.697,220,1065,465,200,98,318,504,2022-2023
339,Villanova,34,17,17,0.5,10.61,8.69,10,10,10,4,5,9,2366,2301,1365,807,1853,0.436,296,885,0.334,456,556,0.82,246,1078,377,194,58,343,538,2022-2023
340,Virginia,33,25,8,0.758,13.28,5.98,15,5,15,1,6,5,2237,1996,1325,793,1765,0.449,220,629,0.35,431,613,0.703,273,1064,519,225,142,282,471,2022-2023
341,Virginia Commonwealth,35,27,8,0.771,9.89,1.95,15,3,15,3,8,3,2480,2202,1400,864,1867,0.463,212,610,0.348,540,776,0.696,324,1161,456,311,160,468,575,2022-2023
342,VMI,32,7,25,0.219,-16.14,-3.45,2,16,6,8,1,14,2220,2457,1290,800,1923,0.416,309,880,0.351,311,406,0.766,349,1131,365,172,37,411,484,2022-2023
343,Virginia Tech,34,19,15,0.559,9.36,5.3,8,12,13,4,2,10,2521,2383,1365,931,1983,0.469,281,786,0.358,378,514,0.735,288,1131,528,177,107,336,526,2022-2023
344,Wagner,28,15,13,0.536,-11.81,-10.85,8,8,8,4,7,9,1766,1727,1130,655,1627,0.403,181,583,0.31,275,403,0.682,360,1005,339,189,49,335,540,2022-2023
345,Wake Forest,33,19,14,0.576,8.25,5.43,10,10,13,3,4,8,2528,2435,1330,878,1909,0.46,315,866,0.364,457,613,0.746,275,1129,444,199,90,399,528,2022-2023
346,Washington,32,16,16,0.5,6.78,7.94,8,12,12,6,2,9,2213,2250,1300,786,1823,0.431,209,668,0.313,432,577,0.749,286,1083,368,220,165,448,529,2022-2023
347,Washington State,34,17,17,0.5,10.53,7.91,11,9,10,4,5,8,2324,2235,1365,813,1919,0.424,310,832,0.373,388,542,0.716,369,1183,403,166,93,408,544,2022-2023
348,Weber State,33,18,15,0.545,-2.94,-1.33,12,6,8,4,8,8,2219,2229,1345,779,1727,0.451,218,647,0.337,443,578,0.766,218,1032,351,200,47,422,580,2022-2023
349,West Virginia,34,19,15,0.559,15.95,10.89,7,11,13,4,3,8,2583,2411,1365,882,1953,0.452,248,708,0.35,571,769,0.743,383,1152,442,227,104,440,632,2022-2023
350,Western Carolina,34,18,16,0.529,-6.34,-4.08,10,8,9,5,6,9,2513,2405,1385,871,2015,0.432,289,849,0.34,482,674,0.715,335,1256,428,183,88,365,588,2022-2023
351,Western Illinois,30,16,14,0.533,-7.59,-4.73,9,9,11,4,5,9,2191,2171,1205,795,1755,0.453,209,652,0.321,392,560,0.7,284,1034,410,174,107,322,434,2022-2023
352,Western Kentucky,33,17,16,0.515,-0.81,1.09,8,12,9,5,5,9,2355,2330,1330,839,1907,0.44,249,695,0.358,428,601,0.712,300,1152,416,204,173,383,489,2022-2023
353,Western Michigan,31,8,23,0.258,-10.55,-2.34,4,14,7,7,1,15,2166,2295,1240,786,1820,0.432,250,757,0.33,344,482,0.714,379,1146,396,143,68,395,522,2022-2023
354,Wichita State,32,17,15,0.531,5.78,3.25,9,9,8,8,7,4,2272,2191,1300,827,1839,0.45,212,685,0.309,406,567,0.716,312,1163,426,203,129,401,478,2022-2023
355,William & Mary,33,13,20,0.394,-10.99,-4.18,7,11,11,5,1,14,2219,2320,1325,791,1829,0.432,256,698,0.367,381,559,0.682,330,1095,401,199,67,398,533,2022-2023
356,Winthrop,32,15,17,0.469,-6.63,-3.59,10,8,10,4,4,11,2360,2382,1285,787,1671,0.471,283,757,0.374,503,681,0.739,260,993,366,164,98,447,538,2022-2023
357,Wisconsin,35,20,15,0.571,10.98,9.29,9,11,11,6,6,6,2284,2225,1430,831,2005,0.414,276,807,0.342,346,501,0.691,278,1110,406,207,52,302,554,2022-2023
358,Wofford,33,17,16,0.515,-5.02,-3.32,8,10,12,4,4,11,2466,2392,1340,906,1916,0.473,247,748,0.33,407,552,0.737,312,1088,412,188,68,361,468,2022-2023
359,Wright State,33,18,15,0.545,-2.34,-5.89,10,10,9,6,7,8,2637,2432,1350,1031,2077,0.496,205,574,0.357,370,502,0.737,304,1212,495,207,99,419,514,2022-2023
360,Wyoming,31,9,22,0.29,2.02,6.12,4,14,7,8,1,8,2144,2234,1245,740,1680,0.44,268,768,0.349,396,557,0.711,246,994,345,151,79,371,488,2022-2023
361,Xavier,37,27,10,0.73,16.03,9.16,15,5,15,2,7,4,2995,2741,1485,1109,2256,0.492,274,703,0.39,503,708,0.71,380,1396,705,236,120,459,593,2022-2023
362,Yale,30,21,9,0.7,7.81,-1.62,10,4,10,1,8,8,2273,1897,1210,841,1764,0.477,224,620,0.361,367,529,0.694,298,1133,439,191,123,335,521,2022-2023
363,Youngstown State,34,24,10,0.706,1.67,-5.83,15,5,14,3,9,6,2785,2465,1385,1017,2088,0.487,271,743,0.365,480,616,0.779,351,1204,521,238,94,376,550,2022-2023
